codigo_interno,codigo_barras,descripcion,categoria,subcategoria,producto_tipo,unidad,marca,presentacion,operacion,afecto_isc,afecto_ivap,requiere_revision_tributaria,precio_compra,precio_venta,fecha_vencimiento,tipo_producto,foto,detraccion,stock_minimo,fuente,url_fuente
ABA-ACE-000052,7750262001170,"Aceite Ajonjoli Olivos del Sur 100 ml",ABARROTES,ACEITES,,UNIDAD,"Olivos del Sur","100 ml",GRAVADO,0,0,0,,,,PRODUCTO,,0,,METRO,https://www.metro.pe/aceite-ajonjoli-olivos-del-sur-100-ml/p
ABA-ACE-000056,8410010283324,"Aceite Carbonell Sol & Oliva 500 ml",ABARROTES,ACEITES,,UNIDAD,Carbonell,"500 ml",GRAVADO,0,0,0,,,,PRODUCTO,,0,,METRO,https://www.metro.pe/aceite-carbonell-sol-oliva-500ml-1027722/p
ABA-ACE-000399,7754842000188,"Aceite DE Coco Extra Virgen Gatti 650 g",ABARROTES,ACEITES,,UNIDAD,Gatti,"650 g",GRAVADO,0,0,0,,,,PRODUCTO,,0,,METRO,https://www.metro.pe/aceite-de-coco-extra-virgen-gatti-650g/p
ABA-ACE-000204,7501491062650,"Aceite En Aerosol Oleico Frasco 170 g",ABARROTES,ACEITES,,UNIDAD,Oleico,"170 g",GRAVADO,0,0,0,,,,PRODUCTO,,0,,PLAZAVEA,https://www.plazavea.com.pe/aceite-en-aerosol-oleico-frasco-170g/p
ABA-ACE-000203,7501491062810,"Aceite En Aerosol Oleico Jumbo Frasco 380 g",ABARROTES,ACEITES,,UNIDAD,Oleico,"380 g",GRAVADO,0,0,0,,,,PRODUCTO,,0,,PLAZAVEA,https://www.plazavea.com.pe/aceite-en-aerosol-oleico-jumbo-frasco-380g/p
ABA-ACE-000065,761720002087,"Aceite En Spray Mazola Original 170 g",ABARROTES,ACEITES,,UNIDAD,Mazola,"170 g",GRAVADO,0,0,0,,,,PRODUCTO,,0,,METRO,https://www.metro.pe/aceite-en-spray-mazola-original-170g-1070668/p
ABA-ACE-000072,7752612001465,"Aceite Girasol Huerto Alamein 900 ml",ABARROTES,ACEITES,,UNIDAD,"Huerto Alamein","900 ml",GRAVADO,0,0,0,,,,PRODUCTO,,0,,METRO,https://www.metro.pe/aceite-girasol-huerto-alamein-900ml-1022349/p
ABA-ACE-000117,7754725000823,"Aceite Girasol Vallenorte Botella 900 ml",ABARROTES,ACEITES,,UNIDAD,"Valle Norte","900 ml",GRAVADO,0,0,0,,,,PRODUCTO,,0,,PLAZAVEA,https://www.plazavea.com.pe/aceite-girasol-vallenorte-botella-900ml/p
ABA-ACE-000189,7501491062469,"Aceite Gourmet Campirana Oleico Botella 355 ml",ABARROTES,ACEITES,,UNIDAD,Oleico,"355 ml",GRAVADO,0,0,0,,,,PRODUCTO,,0,,PLAZAVEA,https://www.plazavea.com.pe/aceite-gourmet-campirana-oleico-botella-355ml/p
ABA-ACE-000190,7501491062445,"Aceite Gourmet Provenzal Oleico Botella 355 ml",ABARROTES,ACEITES,,UNIDAD,Oleico,"355 ml",GRAVADO,0,0,0,,,,PRODUCTO,,0,,PLAZAVEA,https://www.plazavea.com.pe/aceite-gourmet-provenzal-oleico-botella-355ml/p
ABA-ACE-000063,7752414003902,"Aceite Oliva Extra Virgen 460 g EL Olivar",ABARROTES,ACEITES,,UNIDAD,"El Olivar","460 g",GRAVADO,0,0,0,,,,PRODUCTO,,0,,METRO,https://www.metro.pe/aceite-oliva-extra-virgen-460g-el-olivar/p
ABA-ACE-000979,8410179101118,"Aceite Oliva Extra Virgen Borges Botella 1 L",ABARROTES,ACEITES,,UNIDAD,Borges,,GRAVADO,0,0,0,,,,PRODUCTO,,0,,METRO,https://www.metro.pe/aceite-oliva-extra-virgen-borges-botella-1-litro-701283-2/p
ABA-ACE-000064,7757218000973,"Aceite Para Freír Oli21 500 g",ABARROTES,ACEITES,,UNIDAD,Oli21,"500 g",GRAVADO,0,0,0,,,,PRODUCTO,,0,,METRO,https://www.metro.pe/aceite-para-fre-r-oli21-500g-1070669/p
ABA-ACE-000247,7750672001159,"Aceite Premium Tondero Botella 900 ml",ABARROTES,ACEITES,,UNIDAD,Tondero,"900 ml",GRAVADO,0,0,0,,,,PRODUCTO,,0,,PLAZAVEA,https://www.plazavea.com.pe/aceite-premium-tondero-botella-900ml/p
ABA-ACE-000928,7750243055680,"Aceite Primor Botella 5 L",ABARROTES,ACEITES,,UNIDAD,Primor,,GRAVADO,0,0,0,,,,PRODUCTO,,0,,METRO,https://www.metro.pe/aceite-primor-botella-5-litros-3203-2/p
ABA-ACE-000188,7501491063312,"Aceite Puro de Palta Oleico Frasco 473 ml",ABARROTES,ACEITES,,UNIDAD,Oleico,"473 ml",GRAVADO,0,0,0,,,,PRODUCTO,,0,,PLAZAVEA,https://www.plazavea.com.pe/aceite-puro-de-palta-oleico-frasco-473ml/p
ABA-ACE-000058,7758177000011,"Aceite Sacha Inchi Nutriomega Extra Virgen Botella 250 ml Aceite Sacha Inchi Nutriomega Extra Virgen Botella 250 ml",ABARROTES,ACEITES,,UNIDAD,Nutriomega,"250 ml",GRAVADO,0,0,0,,,,PRODUCTO,,0,,METRO,https://www.metro.pe/aceite-sacha-inchi-nutriomega-extra-virgen-botella-250-ml-295706/p
ABA-ACE-000115,7891080136276,"Aceite Vegetal Bell's Botella 900 ml",ABARROTES,ACEITES,,UNIDAD,Bell's,"900 ml",GRAVADO,0,0,0,,,,PRODUCTO,,0,,PLAZAVEA,https://www.plazavea.com.pe/aceite-vegetal-bells-botella-900ml/p
ABA-ACE-000239,7751144000564,"Aceite Vegetal Beltran Botella 900 ml",ABARROTES,ACEITES,,UNIDAD,Beltran,"900 ml",GRAVADO,0,0,0,,,,PRODUCTO,,0,,PLAZAVEA,https://www.plazavea.com.pe/aceite-vegetal-beltran-botella-900ml/p
ABA-ACE-000376,7750243034234,"Aceite Vegetal Cocinero 900 ml",ABARROTES,ACEITES,,UNIDAD,Cocinero,"900 ml",GRAVADO,0,0,0,,,,PRODUCTO,,0,,METRO,https://www.metro.pe/aceite-cocinero-botella-1-litro-11946/p
ABA-ACE-000638,7750243068048,"Aceite Vegetal Cocinero Botella 900 ml",ABARROTES,ACEITES,,UNIDAD,Cocinero,"900 ml",GRAVADO,0,0,0,,,,PRODUCTO,,0,,PLAZAVEA,https://www.plazavea.com.pe/aceite-vegetal-cocinero-botella-900ml/p
ABA-ACE-000532,6007715022420,"Aceite Vegetal Cuisine & Co 900 ml",ABARROTES,ACEITES,,UNIDAD,"Cuisine Co","900 ml",GRAVADO,0,0,0,,,,PRODUCTO,,0,,METRO,https://www.metro.pe/aceite-vegetal-cuisine-co-900ml-786936/p
ABA-ACE-000538,7759222002080,"Aceite Vegetal Deleite Premium 900 ml",ABARROTES,ACEITES,,UNIDAD,Deleite,"900 ml",GRAVADO,0,0,0,,,,PRODUCTO,,0,,METRO,https://www.metro.pe/aceite-vegetal-deleite-premium-x-900-ml/p
ABA-ACE-000648,7759222002141,"Aceite Vegetal Deleite Premium Bidón 5 L",ABARROTES,ACEITES,,UNIDAD,Deleite,"5 L",GRAVADO,0,0,0,,,,PRODUCTO,,0,,PLAZAVEA,https://www.plazavea.com.pe/aceite-vegetal-deleite-premium-bidon-5l/p
ABA-ACE-000743,7750431770067,"Aceite Vegetal LA Patrona Bidón 5 L",ABARROTES,ACEITES,,UNIDAD,"La Patrona","5 L",GRAVADO,0,0,0,,,,PRODUCTO,,0,,PLAZAVEA,https://www.plazavea.com.pe/aceite-vegetal-la-patrona-bidon-5l/p
ABA-ACE-000528,7807910004158,"Aceite Vegetal Máxima 900 ml",ABARROTES,ACEITES,,UNIDAD,Maxima,"900 ml",GRAVADO,0,0,0,,,,PRODUCTO,,0,,METRO,https://www.metro.pe/aceite-vegetal-maxima-botella-900-ml-717238/p
ABA-ACE-000590,7752612001434,"Aceite Vegetal Olivado Huerto Alamein 900 ml",ABARROTES,ACEITES,,UNIDAD,"Huerto Alamein","900 ml",GRAVADO,0,0,0,,,,PRODUCTO,,0,,METRO,https://www.metro.pe/aceite-vegetal-olivado-huerto-alamein-900ml-1012266/p
ABA-ACE-000745,7759222002127,"Aceite Vegetal Premium Deleite Bidón 3 L",ABARROTES,ACEITES,,UNIDAD,Deleite,"3 L",GRAVADO,0,0,0,,,,PRODUCTO,,0,,PLAZAVEA,https://www.plazavea.com.pe/aceite-vegetal-premium-deleite-bidon-3l/p
ABA-ACE-000527,7750243059381,"Aceite Vegetal Primor Clásico Botella 1.8 L",ABARROTES,ACEITES,,UNIDAD,Primor,"1.8 L",GRAVADO,0,0,0,,,,PRODUCTO,,0,,METRO,https://www.metro.pe/aceite-vegetal-primor-cl-sico-botella-1-8l-929686/p
ABA-ACE-000535,7750243979214,"Aceite Vegetal Primor Clásico Botella 900 ml",ABARROTES,ACEITES,,UNIDAD,Primor,"900 ml",GRAVADO,0,0,0,,,,PRODUCTO,,0,,METRO,https://www.metro.pe/aceite-vegetal-primor-cl-sico-botella-900ml-3201-2/p
ABA-ACE-000652,7750243044318,"Aceite Vegetal Primor Galón 5 L",ABARROTES,ACEITES,,UNIDAD,Primor,"5 L",GRAVADO,0,0,0,,,,PRODUCTO,,0,,PLAZAVEA,https://www.plazavea.com.pe/aceite-vegetal-primor-galon-5l/p
ABA-ACE-000526,7750243036061,"Aceite Vegetal Primor Premium Botella 900 ml",ABARROTES,ACEITES,,UNIDAD,Primor,"900 ml",GRAVADO,0,0,0,,,,PRODUCTO,,0,,METRO,https://www.metro.pe/aceite-vegetal-primor-premium-botella-900ml-3198/p
ABA-ACE-000537,7807910042099,"Aceite Vegetal de Soya Máxima 5 L",ABARROTES,ACEITES,,UNIDAD,Maxima,"5 L",GRAVADO,0,0,0,,,,PRODUCTO,,0,,METRO,https://www.metro.pe/aceite-vegetal-de-soya-maxima-5l-973623-2/p
ABA-ACE-000571,7750262001514,"Aceite de Ajonjoli Olivos del Sur 500 ml",ABARROTES,ACEITES,,UNIDAD,"Olivos del Sur","500 ml",GRAVADO,0,0,0,,,,PRODUCTO,,0,,METRO,https://www.metro.pe/aceite-de-ajonjoli-olivos-del-sur-500ml-1006810/p
ABA-ACE-000577,7750186225133,"Aceite de Ajonjolí Alida Chiang Botella 60 ml Aceite de Ajonjolí Alida Chiang Botella 60 ml",ABARROTES,ACEITES,,UNIDAD,"Alida Chiang","60 ml",GRAVADO,0,0,0,,,,PRODUCTO,,0,,METRO,https://www.metro.pe/aceite-de-ajonjoli-alida-chiang-botella-60-ml-3202/p
ABA-ACE-000551,7750262000142,"Aceite de Ajonjolí Olivos del Sur 200 ml",ABARROTES,ACEITES,,UNIDAD,"Olivos del Sur","200 ml",GRAVADO,0,0,0,,,,PRODUCTO,,0,,METRO,https://www.metro.pe/ac-de-ajonjoli-botx200-olivos-del-sur/p
ABA-ACE-000607,7755139002274,"Aceite de Arroz Costeño Botella 900 ml",ABARROTES,ACEITES,,UNIDAD,Costeño,"900 ml",GRAVADO,0,0,0,,,,PRODUCTO,,0,,METRO,https://www.metro.pe/aceite-de-arroz-costeno-900ml/p
ABA-ACE-000594,8410179014821,"Aceite de Canola Borges +antiox 1 L",ABARROTES,ACEITES,,UNIDAD,Borges,"1 L",GRAVADO,0,0,0,,,,PRODUCTO,,0,,METRO,https://www.metro.pe/aceite-de-canola-borges-antiox-1l-1002126/p
ABA-ACE-000909,8410179010809,"Aceite de Canola Borges Botella 1 L",ABARROTES,ACEITES,,UNIDAD,Borges,,GRAVADO,0,0,0,,,,PRODUCTO,,0,,METRO,https://www.metro.pe/aceite-de-canola-borges-botella-1-litro-746009/p
ABA-ACE-000926,8410179011394,"Aceite de Canola Borges Botella 2 L",ABARROTES,ACEITES,,UNIDAD,Borges,,GRAVADO,0,0,0,,,,PRODUCTO,,0,,METRO,https://www.metro.pe/aceite-de-canola-borges-botella-2-litros-793725/p
ABA-ARR-000071,7758003000031,"Arroz Arborio Costeño 750 g",ABARROTES,ARROZ,,UNIDAD,Costeño,"750 g",PENDIENTE,0,0,1,,,,PRODUCTO,,0,,METRO,https://www.metro.pe/arroz-arborio-costeno-750g-79473/p
ABA-ARR-000068,7755139002854,"Arroz Arborio Paisana Bolsa 1 kg",ABARROTES,ARROZ,,UNIDAD,Paisana,"1 kg",PENDIENTE,0,0,1,,,,PRODUCTO,,0,,METRO,https://www.metro.pe/arroz-arborio-paisana-bolsa-1-kg-576344/p
ABA-ARR-000106,8001860201011,"Arroz Arborio Scotti Caja 1 kg",ABARROTES,ARROZ,,UNIDAD,Scotti,"1 kg",PENDIENTE,0,0,1,,,,PRODUCTO,,0,,PLAZAVEA,https://www.plazavea.com.pe/arroz-arborio-scotti-caja-1kg/p
ABA-ARR-000091,7758950000900,"Arroz Añejo Amarillo Faraón G3 Bolsa 1 kg",ABARROTES,ARROZ,,UNIDAD,Faraón,"1 kg",PENDIENTE,0,0,1,,,,PRODUCTO,,0,,PLAZAVEA,https://www.plazavea.com.pe/arroz-anejo-amarillo-faraon-g3-bolsa-1kg/p
ABA-ARR-000032,7757477000257,"Arroz Añejo Extra Campo Norte 2.5 kg",ABARROTES,ARROZ,,UNIDAD,"Campo Norte","2.5 kg",PENDIENTE,0,0,1,,,,PRODUCTO,,0,,METRO,https://www.metro.pe/arroz-a-ejo-extra-campo-norte-2-5kg-1034976/p
ABA-ARR-000118,7755139003417,"Arroz Añejo Extra Costeñito Saco 50 kg",ABARROTES,ARROZ,,UNIDAD,Costenito,"50 kg",PENDIENTE,0,0,1,,,,PRODUCTO,,0,,PLAZAVEA,https://www.plazavea.com.pe/arroz-anejo-extra-costenito-saco-50kg/p
ABA-ARR-000060,7750453480029,"Arroz Añejo Pacasmayo 750 g",ABARROTES,ARROZ,,UNIDAD,Pacasmayo,"750 g",PENDIENTE,0,0,1,,,,PRODUCTO,,0,,METRO,https://www.metro.pe/arroz-anejo-pacasmayo-750g-1036151/p
ABA-ARR-000064,7754725001271,"Arroz Añejo Superior Valle Norte 5 kg",ABARROTES,ARROZ,,UNIDAD,"Valle Norte","5 kg",PENDIENTE,0,0,1,,,,PRODUCTO,,0,,METRO,https://www.metro.pe/arroz-superior-anejo-x5kg-vallenorte-2/p
ABA-ARR-000070,8001860260315,"Arroz Basmati Riso Scotti Caja 500 g",ABARROTES,ARROZ,,UNIDAD,"Riso Scotti","500 g",PENDIENTE,0,0,1,,,,PRODUCTO,,0,,METRO,https://www.metro.pe/arroz-basmati-riso-scotti-caja-500-g-203744/p
ABA-ARR-000050,7758950001051,"Arroz Blanco Extra Añejo Faraon Verde 5 kg",ABARROTES,ARROZ,,UNIDAD,Faraón,"5 kg",PENDIENTE,0,0,1,,,,PRODUCTO,,0,,METRO,https://www.metro.pe/arroz-blanco-extra-anejo-faraon-verde-5kg-1022353/p
ABA-ARR-000004,7758950000146,"Arroz Blanco Extra Añejo Faraón Naranja 10 kg",ABARROTES,ARROZ,,UNIDAD,Faraón,"10 kg",PENDIENTE,0,0,1,,,,PRODUCTO,,0,,METRO,https://www.metro.pe/arroz-blanco-extra-anejo-faraon-naranja-10kg-570569-2/p
ABA-ARR-000002,7754294000095,"Arroz Blanco Extra Añejo Faraón Naranja 5 kg",ABARROTES,ARROZ,,UNIDAD,Faraón,"5 kg",PENDIENTE,0,0,1,,,,PRODUCTO,,0,,METRO,https://www.metro.pe/arroz-blanco-extra-anejo-faraon-naranja-5kg-570522/p
ABA-ARR-000009,7754294000071,"Arroz Blanco Extra Añejo Faraón Naranja 750 g",ABARROTES,ARROZ,,UNIDAD,Faraón,"750 g",PENDIENTE,0,0,1,,,,PRODUCTO,,0,,METRO,https://www.metro.pe/arroz-blanco-extra-anejo-faraon-naranja-750g-570523/p
ABA-ARR-000095,7758950001099,"Arroz Blanco Faraon Extra Añejo Negro Bolsa 5 kg",ABARROTES,ARROZ,,UNIDAD,Faraón,"5 kg",PENDIENTE,0,0,1,,,,PRODUCTO,,0,,PLAZAVEA,https://www.plazavea.com.pe/arroz-blanco-faraon-extra-anejo-negro-bolsa-5kg/p
ABA-ARR-000105,8001860257827,"Arroz Carnaroli Scotti Funghi Porcin Bolsa 210 g",ABARROTES,ARROZ,,UNIDAD,Scotti,"210 g",PENDIENTE,0,0,1,,,,PRODUCTO,,0,,PLAZAVEA,https://www.plazavea.com.pe/arroz-carnaroli-scotti-funghi-porcin-bolsa-210g/p
ABA-ARR-000125,7755139003363,"Arroz Costeño Añejo Extra 5 kg",ABARROTES,ARROZ,,UNIDAD,Costeño,"5 kg",PENDIENTE,0,0,1,,,,PRODUCTO,,0,,METRO,https://www.metro.pe/arroz-coste-o-a-ejo-extra-5kg-1000184/p
ABA-ARR-000154,7755139003356,"Arroz Costeño Añejo Extra 750 g",ABARROTES,ARROZ,,UNIDAD,Costeño,"750 g",PENDIENTE,0,0,1,,,,PRODUCTO,,0,,METRO,https://www.metro.pe/arroz-coste-o-a-ejo-extra-750g-1000183/p
ABA-ARR-000141,7755139003448,"Arroz Costeño Extra 3 kg",ABARROTES,ARROZ,,UNIDAD,Costeño,"3 kg",PENDIENTE,0,0,1,,,,PRODUCTO,,0,,METRO,https://www.metro.pe/arroz-coste-o-extra-3kg-1042871/p
ABA-ARR-000163,7755139003547,"Arroz Costeño Extra Añejo 10 kg",ABARROTES,ARROZ,,UNIDAD,Costeño,"10 kg",PENDIENTE,0,0,1,,,,PRODUCTO,,0,,METRO,https://www.metro.pe/arroz-coste-o-extra-a-ejo-10kg-1027522/p
ABA-ARR-000193,7755139003455,"Arroz Costeño Extra Añejo 3 kg",ABARROTES,ARROZ,,UNIDAD,Costeño,"3 kg",PENDIENTE,0,0,1,,,,PRODUCTO,,0,,METRO,https://www.metro.pe/arroz-coste-o-extra-a-ejo-3kg-1042872/p
ABA-ARR-000208,7757477000035,"Arroz Extra Añejo Campo Norte 5 kg",ABARROTES,ARROZ,,UNIDAD,"Campo Norte","5 kg",PENDIENTE,0,0,1,,,,PRODUCTO,,0,,METRO,https://www.metro.pe/arroz-extra-a-ejo-campo-norte-5kg-1011401/p
ABA-ARR-000243,7757477000042,"Arroz Extra Añejo Campo Norte 750 g",ABARROTES,ARROZ,,UNIDAD,"Campo Norte","750 g",PENDIENTE,0,0,1,,,,PRODUCTO,,0,,METRO,https://www.metro.pe/arroz-extra-a-ejo-campo-norte-750g-1011402/p
ABA-ARR-000242,7758950000009,"Arroz Extra Añejo Faraón Azul 3 kg",ABARROTES,ARROZ,,UNIDAD,Faraón,"3 kg",PENDIENTE,0,0,1,,,,PRODUCTO,,0,,METRO,https://www.metro.pe/arroz-extra-a-ejo-fara-n-azul-3kg-1071262/p
ABA-ARR-000286,7758950000023,"Arroz Extra Añejo Faraón Saco 50 kg",ABARROTES,ARROZ,,UNIDAD,Faraón,"50 kg",PENDIENTE,0,0,1,,,,PRODUCTO,,0,,PLAZAVEA,https://www.plazavea.com.pe/arroz-extra-anejo-faraon-saco-50kg/p
ABA-ARR-000291,7757018000562,"Arroz Extra Añejo Gran Chalan Gourmet Saco 50 kg",ABARROTES,ARROZ,,UNIDAD,"Gran Chalan","50 kg",PENDIENTE,0,0,1,,,,PRODUCTO,,0,,PLAZAVEA,https://www.plazavea.com.pe/arroz-gourmet-extra-viejo-gran-chalan-saco-50kg/p
ABA-ARR-000261,7750020750197,"Arroz Extra Bell's Bolsa 5 kg",ABARROTES,ARROZ,,UNIDAD,Bell's,"5 kg",PENDIENTE,0,0,1,,,,PRODUCTO,,0,,PLAZAVEA,https://www.plazavea.com.pe/arroz-extra-bells-bolsa-5kg-19073/p
ABA-ARR-000194,7758003000147,"Arroz Extra Costeño 5 kg",ABARROTES,ARROZ,,UNIDAD,Costeño,"5 kg",PENDIENTE,0,0,1,,,,PRODUCTO,,0,,METRO,https://www.metro.pe/arroz-extra-costeno-5kg-14974-2/p
ABA-ARR-000201,7758003000048,"Arroz Extra Costeño 750 g",ABARROTES,ARROZ,,UNIDAD,Costeño,"750 g",PENDIENTE,0,0,1,,,,PRODUCTO,,0,,METRO,https://www.metro.pe/arroz-extra-costeno-750g-11386/p
ABA-ARR-000251,7755139246890,"Arroz Extra Costeño Bolsa 5 kg",ABARROTES,ARROZ,,UNIDAD,Costeño,"5 kg",PENDIENTE,0,0,1,,,,PRODUCTO,,0,,PLAZAVEA,https://www.plazavea.com.pe/arroz-extra-costeno-bolsa-5kg/p
ABA-ARR-000254,7755139161759,"Arroz Extra Costeño Bolsa 750 g",ABARROTES,ARROZ,,UNIDAD,Costeño,"750 g",PENDIENTE,0,0,1,,,,PRODUCTO,,0,,PLAZAVEA,https://www.plazavea.com.pe/arroz-extra-costeno-bolsa-750g/p
ABA-ARR-000272,7757018000098,"Arroz Extra Gourmet Añejo Gran Chalan Bolsa 5 kg",ABARROTES,ARROZ,,UNIDAD,"Gran Chalan","5 kg",PENDIENTE,0,0,1,,,,PRODUCTO,,0,,PLAZAVEA,https://www.plazavea.com.pe/arroz-extra-gourmetanejo-gran-chalan-paquete-5kg/p
ABA-ARR-000256,7757018000586,"Arroz Extra Gran Chalan Añejo Bolsa 5 kg",ABARROTES,ARROZ,,UNIDAD,"Gran Chalan","5 kg",PENDIENTE,0,0,1,,,,PRODUCTO,,0,,PLAZAVEA,https://www.plazavea.com.pe/arroz-extra-gran-chalan-bolsa-5-kg/p
ABA-ARR-000293,7757018000609,"Arroz Extra Gran Chalan Añejo Saco 50 kg",ABARROTES,ARROZ,,UNIDAD,"Gran Chalan","50 kg",PENDIENTE,0,0,1,,,,PRODUCTO,,0,,PLAZAVEA,https://www.plazavea.com.pe/arroz-extra-gran-chalan-anejo-saco-50kg/p
ABA-ARR-000210,7757018000173,"Arroz Extra Gran Chal n 10 kg Arroz Extra Gran Chalán 10 kg",ABARROTES,ARROZ,,UNIDAD,"Gran Chalan","10 kg",PENDIENTE,0,0,1,,,,PRODUCTO,,0,,METRO,https://www.metro.pe/arroz-extra-gran-chalan-x-10kg/p
ABA-ARR-000198,7750002000326,"Arroz Extra Gran Chalán 5 kg",ABARROTES,ARROZ,,UNIDAD,"Gran Chalan","5 kg",PENDIENTE,0,0,1,,,,PRODUCTO,,0,,METRO,https://www.metro.pe/arroz-extra-natural-gran-chalan-bolsa-5-kg-792210/p
ABA-ARR-000222,7750002000319,"Arroz Extra Gran Chalán 750 g",ABARROTES,ARROZ,,UNIDAD,"Gran Chalan","750 g",PENDIENTE,0,0,1,,,,PRODUCTO,,0,,METRO,https://www.metro.pe/arroz-extra-natural-gran-chalan-bolsa-750-gr-792209/p
ABA-ARR-000195,7754725000052,"Arroz Extra Metro 5 kg",ABARROTES,ARROZ,,UNIDAD,Metro,"5 kg",PENDIENTE,0,0,1,,,,PRODUCTO,,0,,METRO,https://www.metro.pe/arroz-extra-metro-5kg-391214/p
ABA-ARR-000214,7754725000397,"Arroz Extra Metro 750 g",ABARROTES,ARROZ,,UNIDAD,Metro,"750 g",PENDIENTE,0,0,1,,,,PRODUCTO,,0,,METRO,https://www.metro.pe/arroz-extra-metro-750g-391213/p
ABA-ARR-000233,7750453480005,"Arroz Extra Pacasmayo 750 g",ABARROTES,ARROZ,,UNIDAD,Pacasmayo,"750 g",PENDIENTE,0,0,1,,,,PRODUCTO,,0,,METRO,https://www.metro.pe/arroz-extra-pacasmayo-750g-1036150/p
ABA-ARR-000215,7755139002793,"Arroz Extra Paisana Bolsa 1 kg",ABARROTES,ARROZ,,UNIDAD,Paisana,"1 kg",PENDIENTE,0,0,1,,,,PRODUCTO,,0,,METRO,https://www.metro.pe/arroz-extra-paisana-bolsa-1-kg-576342/p
ABA-AZU-000150,7751160000418,"Azúcar Blanca Dulfina Bolsa 5 kg",ABARROTES,AZUCAR,,UNIDAD,Dulfina,"5 kg",GRAVADO,0,0,0,,,,PRODUCTO,,0,,PLAZAVEA,https://www.plazavea.com.pe/azucar-blanca-dulfina-bolsa-5kg/p
ABA-AZU-000022,7751160000203,"Azúcar Blanca Dulfina Bolsa1 kg",ABARROTES,AZUCAR,,UNIDAD,Dulfina,"1 kg",GRAVADO,0,0,0,,,,PRODUCTO,,0,,METRO,https://www.metro.pe/azucar-blanca-dulfina-bolsa1-kg-333711/p
ABA-AZU-000010,7751160000340,"Azúcar Blanca Metro Bolsa 1 kg",ABARROTES,AZUCAR,,UNIDAD,Metro,"1 kg",GRAVADO,0,0,0,,,,PRODUCTO,,0,,METRO,https://www.metro.pe/azucar-blanca-metro-bolsa-1-kg-116640/p
ABA-AZU-000008,7751160000357,"Azúcar Blanca Metro Bolsa 2 kg",ABARROTES,AZUCAR,,UNIDAD,Metro,"2 kg",GRAVADO,0,0,0,,,,PRODUCTO,,0,,METRO,https://www.metro.pe/azucar-blanca-metro-bolsa-2-kg-116644/p
ABA-AZU-000009,7751160000036,"Azúcar Blanca Metro Bolsa 5 kg",ABARROTES,AZUCAR,,UNIDAD,Metro,"5 kg",GRAVADO,0,0,0,,,,PRODUCTO,,0,,METRO,https://www.metro.pe/azucar-blanca-metro-bolsa-5-kg-127642/p
ABA-AZU-000029,7751160082872,"Azúcar Blanca Paramonga Bolsa 1 kg",ABARROTES,AZUCAR,,UNIDAD,Paramonga,"1 kg",GRAVADO,0,0,0,,,,PRODUCTO,,0,,METRO,https://www.metro.pe/azucar-blanca-paramonga-bolsa-1-kg-29491/p
ABA-AZU-000145,7751271030557,"Azúcar Blanca Refinada Cartavio Saco 50 kg",ABARROTES,AZUCAR,,UNIDAD,Cartavio,"50 kg",GRAVADO,0,0,0,,,,PRODUCTO,,0,,PLAZAVEA,https://www.plazavea.com.pe/azucar-blanca-refinada-cartavio-saco-50kg/p
ABA-AZU-000021,7751160000432,"Azúcar Blanca Refinada Dulfina Bolsa 2 kg",ABARROTES,AZUCAR,,UNIDAD,Dulfina,"2 kg",GRAVADO,0,0,0,,,,PRODUCTO,,0,,METRO,https://www.metro.pe/azucar-blanca-refinada-dulfina-bolsa-2-kg-371933/p
ABA-AZU-000161,7751160000234,"Azúcar Rubia Dulfina Bolsa 1 kg",ABARROTES,AZUCAR,,UNIDAD,Dulfina,"1 kg",GRAVADO,0,0,0,,,,PRODUCTO,,0,,METRO,https://www.metro.pe/azucar-rubia-dulfina-bolsa-1-kg-333705/p
ABA-AZU-000169,7751160000449,"Azúcar Rubia Dulfina Bolsa 2 kg",ABARROTES,AZUCAR,,UNIDAD,Dulfina,"2 kg",GRAVADO,0,0,0,,,,PRODUCTO,,0,,METRO,https://www.metro.pe/azucar-rubia-dulfina-bolsa-2-kg-371932/p
ABA-AZU-000168,7751160000425,"Azúcar Rubia Dulfina Bolsa 5 kg",ABARROTES,AZUCAR,,UNIDAD,Dulfina,"5 kg",GRAVADO,0,0,0,,,,PRODUCTO,,0,,METRO,https://www.metro.pe/azucar-rubia-dulfina-bolsa-5-kg-465118/p
ABA-AZU-000166,7751160000326,"Azúcar Rubia Metro 1 kg",ABARROTES,AZUCAR,,UNIDAD,Metro,"1 kg",GRAVADO,0,0,0,,,,PRODUCTO,,0,,METRO,https://www.metro.pe/azucar-rubia-metro-1kg-116642/p
ABA-AZU-000162,7751160000043,"Azúcar Rubia Metro 5 kg",ABARROTES,AZUCAR,,UNIDAD,Metro,"5 kg",GRAVADO,0,0,0,,,,PRODUCTO,,0,,METRO,https://www.metro.pe/azucar-rubia-metro-5kg-127643/p
ABA-AZU-000163,7751160000333,"Azúcar Rubia Metro Bolsa 2 kg",ABARROTES,AZUCAR,,UNIDAD,Metro,"2 kg",GRAVADO,0,0,0,,,,PRODUCTO,,0,,METRO,https://www.metro.pe/azucar-rubia-metro-bolsa-2-kg-116646/p
ABA-AZU-000165,7751160000456,"Azúcar Rubia Máxima 1 kg",ABARROTES,AZUCAR,,UNIDAD,Maxima,"1 kg",GRAVADO,0,0,0,,,,PRODUCTO,,0,,METRO,https://www.metro.pe/az-car-rubia-m-xima-1kg-459535/p
ABA-AZU-000164,7751160000593,"Azúcar Rubia Máxima Bolsa 5 kg",ABARROTES,AZUCAR,,UNIDAD,Maxima,"5 kg",GRAVADO,0,0,0,,,,PRODUCTO,,0,,METRO,https://www.metro.pe/azucar-rubia-maxima-bolsa-5-kg-714287/p
ABA-AZU-000170,7751160082933,"Azúcar Rubia Paramonga 1 kg",ABARROTES,AZUCAR,,UNIDAD,Paramonga,"1 kg",GRAVADO,0,0,0,,,,PRODUCTO,,0,,METRO,https://www.metro.pe/azucar-rubia-paramonga-bolsa-1-kg-178537/p
ABA-AZU-000167,7751160000067,"Azúcar Rubia Paramonga Bolsa 5 kg",ABARROTES,AZUCAR,,UNIDAD,Paramonga,"5 kg",GRAVADO,0,0,0,,,,PRODUCTO,,0,,METRO,https://www.metro.pe/azucar-rubia-paramonga-bolsa-5-kg-566556/p
ABA-AZU-000287,7751271026376,"Azúcar Rubia San Jacinto 25 kg",ABARROTES,AZUCAR,,UNIDAD,"San Jacinto","25 kg",GRAVADO,0,0,0,,,,PRODUCTO,,0,,PLAZAVEA,https://www.plazavea.com.pe/azucar-rubia-san-jacinto-25-kg/p
ABA-AZU-000843,680193706134,"Azúcar de Coco Naturally Divine 250 g",ABARROTES,AZUCAR,,UNIDAD,"Naturally Divine","250 g",GRAVADO,0,0,0,,,,PRODUCTO,,0,,PLAZAVEA,https://www.plazavea.com.pe/azucar-de-coco-naturally-divine-250-gr-99962035/p
ABA-AZU-000467,7896589403300,"Edulcorante En Polvo Stevia Pote 120 g",ABARROTES,AZUCAR,,UNIDAD,Stevia,"120 g",GRAVADO,0,0,0,,,,PRODUCTO,,0,,METRO,https://www.metro.pe/edulcorante-en-polvo-stevia-pote-120-g-2/p
ABA-AZU-000483,7896589400989,"Edulcorante En Polvo Stevita 150 un",ABARROTES,AZUCAR,,UNIDAD,Stevita,"150 un",GRAVADO,0,0,0,,,,PRODUCTO,,0,,METRO,https://www.metro.pe/edulcorante-en-polvo-stevita-150un-2/p
ABA-AZU-000798,7896589400637,"Edulcorante En Polvo Stevita Caja 100 un",ABARROTES,AZUCAR,,UNIDAD,Stevita,,GRAVADO,0,0,0,,,,PRODUCTO,,0,,METRO,https://www.metro.pe/edulcorante-en-polvo-stevita-caja-100-unid-2/p
ABA-AZU-000797,7896589400620,"Edulcorante En Polvo Stevita Caja 50 un Edulcorante En Polvo Stevita Caja 50 un",ABARROTES,AZUCAR,,UNIDAD,Stevita,"50 un",GRAVADO,0,0,0,,,,PRODUCTO,,0,,METRO,https://www.metro.pe/edulcorante-en-polvo-stevita-caja-50-unid-2/p
ABA-AZU-000481,7750304007665,"Edulcorante En Polvo Sugafor 100 un",ABARROTES,AZUCAR,,UNIDAD,Sugafor,"100 un",GRAVADO,0,0,0,,,,PRODUCTO,,0,,METRO,https://www.metro.pe/edulcorante-en-polvo-sugafor-100un-2/p
ABA-AZU-000480,7750304007672,"Edulcorante En Polvo Sugafor 200 un",ABARROTES,AZUCAR,,UNIDAD,Sugafor,"200 un",GRAVADO,0,0,0,,,,PRODUCTO,,0,,METRO,https://www.metro.pe/edulcorante-en-polvo-sugafor-200un-2/p
ABA-AZU-000479,7750304007658,"Edulcorante En Polvo Sugafor 50 un",ABARROTES,AZUCAR,,UNIDAD,Sugafor,"50 un",GRAVADO,0,0,0,,,,PRODUCTO,,0,,METRO,https://www.metro.pe/edulcorante-en-polvo-sugafor-50un-2/p
ABA-AZU-000478,7750304006743,"Edulcorante En Tabletas Sugafor 600 un",ABARROTES,AZUCAR,,UNIDAD,Sugafor,"600 un",GRAVADO,0,0,0,,,,PRODUCTO,,0,,METRO,https://www.metro.pe/edulcorante-en-tabletas-sugafor-600un-2/p
ABA-AZU-000464,722776002902,"Edulcorante Stevia Splenda 80 sobres",ABARROTES,AZUCAR,,UNIDAD,Splenda,,GRAVADO,0,0,0,,,,PRODUCTO,,0,,METRO,https://www.metro.pe/edulcorante-stevia-splenda-80-sobres-2-2/p
ABA-AZU-000517,7757493000064,"Endulza Yacon Endulzante Yacón - Alulosa",ABARROTES,AZUCAR,,UNIDAD,"Endulza Yacon",,GRAVADO,0,0,0,,,,PRODUCTO,,0,,PLAZAVEA,https://www.plazavea.com.pe/endulzante-yacon-alulosa-102050044/p
ABA-AZU-000516,7757493000033,"Endulza Yacon Stevia - Yacon X 60 g",ABARROTES,AZUCAR,,UNIDAD,"Endulza Yacon","60 g",GRAVADO,0,0,0,,,,PRODUCTO,,0,,PLAZAVEA,https://www.plazavea.com.pe/stevia-yacon-x-60g-102050055/p
ABA-AZU-000419,7757128000117,"Endulzante A Base de Fruto del Monje Zana 400 g",ABARROTES,AZUCAR,,UNIDAD,Zana,"400 g",GRAVADO,0,0,0,,,,PRODUCTO,,0,,METRO,https://www.metro.pe/endulzante-a-base-de-fruto-del-monje-zana-400g-946258/p
ABA-AZU-000451,7753860000828,"Endulzante En Polvo Nutrastevia Con Col geno 50 g Endulzante En Polvo Nutrastevia Con Colágeno 50 g",ABARROTES,AZUCAR,,UNIDAD,Nutrastevia,"50 g",GRAVADO,0,0,0,,,,PRODUCTO,,0,,METRO,https://www.metro.pe/endulzante-en-polvo-nutrastevia-con-colageno-50g-988721/p
ABA-AZU-000434,7753860000002,"Endulzante En Polvo Nutrastevia Con Colágeno 50 g",ABARROTES,AZUCAR,,UNIDAD,Nutrastevia,"50 g",GRAVADO,0,0,0,,,,PRODUCTO,,0,,METRO,https://www.metro.pe/endulzante-en-polvo-nutrastevia-con-col-geno-50g-1056215/p
ABA-AZU-000452,7753860000958,"Endulzante En Polvo Nutrastevia Con Yacón 50 g",ABARROTES,AZUCAR,,UNIDAD,Nutrastevia,"50 g",GRAVADO,0,0,0,,,,PRODUCTO,,0,,METRO,https://www.metro.pe/endulzante-en-polvo-nutrastevia-con-yacon-50g-2/p
ABA-AZU-000424,7751158009003,"Endulzante En Polvo Splenda Libre de Calorías 100 un",ABARROTES,AZUCAR,,UNIDAD,Splenda,"100 un",GRAVADO,0,0,0,,,,PRODUCTO,,0,,METRO,https://www.metro.pe/endulzante-en-polvo-splenda-libre-de-calorias-100un-2/p
ABA-AZU-000423,7751158009232,"Endulzante En Polvo Splenda Libre de Calorías 200 sobres",ABARROTES,AZUCAR,,UNIDAD,Splenda,,GRAVADO,0,0,0,,,,PRODUCTO,,0,,METRO,https://www.metro.pe/endulzante-en-polvo-splenda-libre-de-calorias-200-sobres-126577/p
ABA-AZU-000475,722776020012,"Endulzante En Polvo Splenda Libre de Calorías 50 un",ABARROTES,AZUCAR,,UNIDAD,Splenda,"50 un",GRAVADO,0,0,0,,,,PRODUCTO,,0,,METRO,https://www.metro.pe/endulzante-en-polvo-splenda-libre-de-calorias-50un-2/p
ABA-AZU-000441,722776000175,"Endulzante En Polvo Splenda Original 25 un",ABARROTES,AZUCAR,,UNIDAD,Splenda,"25 un",GRAVADO,0,0,0,,,,PRODUCTO,,0,,METRO,https://www.metro.pe/endulzante-en-polvo-splenda-original-25un-1043028/p
ABA-AZU-000469,7707310371556,"Endulzante En Polvo Vida Stevia 180 g",ABARROTES,AZUCAR,,UNIDAD,"Vida Stevia","180 g",GRAVADO,0,0,0,,,,PRODUCTO,,0,,METRO,https://www.metro.pe/endulzante-en-polvo-vida-stevia-180-g-2/p
ABA-CON-000320,7758775000901,"Aceituna Botija En Rodajas Huerto Mejía Paquete 220 g",ABARROTES,CONSERVAS,,UNIDAD,"Huerto Mejia","220 g",GRAVADO,0,0,0,,,,PRODUCTO,,0,,PLAZAVEA,https://www.plazavea.com.pe/aceituna-botija-en-rodajas-huerto-mejia-taper-220g/p
ABA-CON-000209,7758775000628,"Aceituna Botija Sin Pepa Huerto Mejía Paquete 220 g",ABARROTES,CONSERVAS,,UNIDAD,"Huerto Mejia","220 g",GRAVADO,0,0,0,,,,PRODUCTO,,0,,PLAZAVEA,https://www.plazavea.com.pe/aceituna-botija-sin-pepa-huerto-mejia-taper-220g/p
ABA-CON-000410,8436553350620,"Aceituna Manzanilla Valdeporres Con Pimiento Frasco 340 g",ABARROTES,CONSERVAS,,UNIDAD,Valdeporres,"340 g",GRAVADO,0,0,0,,,,PRODUCTO,,0,,PLAZAVEA,https://www.plazavea.com.pe/aceituna-manzanilla-valdeporres-con-pimiento-frasco-340g/p
ABA-CON-000240,8436553350613,"Aceituna Manzanilla Valdeporres Sin Hueso Frasco 340 g",ABARROTES,CONSERVAS,,UNIDAD,Valdeporres,"340 g",GRAVADO,0,0,0,,,,PRODUCTO,,0,,PLAZAVEA,https://www.plazavea.com.pe/aceituna-manzanilla-valdeporres-sin-hueso-frasco-340g/p
ABA-CON-000232,7752100003261,"Aceituna Negra Deshuesada Olivalle Balde 350 g",ABARROTES,CONSERVAS,,UNIDAD,Olivalle,"350 g",GRAVADO,0,0,0,,,,PRODUCTO,,0,,PLAZAVEA,https://www.plazavea.com.pe/aceituna-negra-deshuesada-olivalle-balde-350g/p
ABA-CON-000269,7752100003254,"Aceituna Negra Deshuesada Olivalle Balde 700 g",ABARROTES,CONSERVAS,,UNIDAD,Olivalle,"700 g",GRAVADO,0,0,0,,,,PRODUCTO,,0,,PLAZAVEA,https://www.plazavea.com.pe/aceituna-negra-deshuesada-olivalle-balde-700g/p
ABA-CON-000230,7752100003353,"Aceituna Negra Entera Olivalle Balde 400 g",ABARROTES,CONSERVAS,,UNIDAD,Olivalle,"400 g",GRAVADO,0,0,0,,,,PRODUCTO,,0,,PLAZAVEA,https://www.plazavea.com.pe/aceituna-negra-entera-olivalle-balde-400g/p
ABA-CON-000271,7758775000604,"Aceituna Negra Huerto Mejía Paquete 250 g",ABARROTES,CONSERVAS,,UNIDAD,"Huerto Mejia","250 g",GRAVADO,0,0,0,,,,PRODUCTO,,0,,PLAZAVEA,https://www.plazavea.com.pe/aceituna-negra-huerto-mejia-taper-250g/p
ABA-CON-000235,7752414003742,"Aceituna Negra Sin Pepa EL Olivar Bolsa 240 g",ABARROTES,CONSERVAS,,UNIDAD,"El Olivar","240 g",GRAVADO,0,0,0,,,,PRODUCTO,,0,,PLAZAVEA,https://www.plazavea.com.pe/aceituna-negra-sin-pepa-el-olivar-bolsa-240g/p
ABA-CON-000328,7758775000833,"Aceituna Verde Con Castaña Huerto Mejía Paquete 220 g",ABARROTES,CONSERVAS,,UNIDAD,"Huerto Mejia","220 g",GRAVADO,0,0,0,,,,PRODUCTO,,0,,PLAZAVEA,https://www.plazavea.com.pe/aceituna-verde-con-castana-huerto-mejia-taper-220g/p
ABA-CON-000404,7758775000550,"Aceituna Verde Con Pimiento Huerto Mejía Paquete 230 g",ABARROTES,CONSERVAS,,UNIDAD,"Huerto Mejia","230 g",GRAVADO,0,0,0,,,,PRODUCTO,,0,,PLAZAVEA,https://www.plazavea.com.pe/aceituna-verde-con-pimiento-huerto-mejia-taper-230g/p
ABA-CON-000327,7758775000918,"Aceituna Verde Con Rocoto Huerto Mejía Paquete 230 g",ABARROTES,CONSERVAS,,UNIDAD,"Huerto Mejia","230 g",GRAVADO,0,0,0,,,,PRODUCTO,,0,,PLAZAVEA,https://www.plazavea.com.pe/aceituna-verde-con-rocoto-huerto-mejia-taper-230g/p
ABA-CON-000231,7752100003643,"Aceituna Verde Deshuesada Olivalle Balde 350 g",ABARROTES,CONSERVAS,,UNIDAD,Olivalle,"350 g",GRAVADO,0,0,0,,,,PRODUCTO,,0,,PLAZAVEA,https://www.plazavea.com.pe/aceituna-verde-deshuesada-olivalle-balde-350g/p
ABA-CON-000399,7758775000819,"Aceituna Verde En Rodajas Huerto Mejía Paquete 220 g",ABARROTES,CONSERVAS,,UNIDAD,"Huerto Mejia","220 g",GRAVADO,0,0,0,,,,PRODUCTO,,0,,PLAZAVEA,https://www.plazavea.com.pe/aceituna-verde-en-rodajas-huerto-mejia-taper-220g/p
ABA-CON-000315,7752100003605,"Aceituna Verde Rellena Con Castañas Olivalle Balde 350 g",ABARROTES,CONSERVAS,,UNIDAD,Olivalle,"350 g",GRAVADO,0,0,0,,,,PRODUCTO,,0,,PLAZAVEA,https://www.plazavea.com.pe/aceituna-verde-rellena-con-castanas-olivalle-balde-350g/p
ABA-CON-000314,7752100003490,"Aceituna Verde Rellena Con Pimiento Olivalle Balde 350 g",ABARROTES,CONSERVAS,,UNIDAD,Olivalle,"350 g",GRAVADO,0,0,0,,,,PRODUCTO,,0,,PLAZAVEA,https://www.plazavea.com.pe/aceituna-verde-rellena-con-pimiento-olivalle-balde-350g/p
ABA-CON-000313,7752100003551,"Aceituna Verde Rellena Con Rocoto Olivalle Balde 350 g",ABARROTES,CONSERVAS,,UNIDAD,Olivalle,"350 g",GRAVADO,0,0,0,,,,PRODUCTO,,0,,PLAZAVEA,https://www.plazavea.com.pe/aceituna-verde-rellena-con-rocoto-olivalle-balde-350g/p
ABA-CON-000329,7758775000536,"Aceituna Verde Sin Pepa Huerto Mejía Paquete 230 g",ABARROTES,CONSERVAS,,UNIDAD,"Huerto Mejia","230 g",GRAVADO,0,0,0,,,,PRODUCTO,,0,,PLAZAVEA,https://www.plazavea.com.pe/aceituna-verde-sin-pepa-huerto-mejia-taper-230g/p
ABA-CON-000157,7752100000291,"Aceitunas Al Ají Calé Tapenade Frasco 185 g",ABARROTES,CONSERVAS,,UNIDAD,Cale,"185 g",GRAVADO,0,0,0,,,,PRODUCTO,,0,,METRO,https://www.metro.pe/aceitunas-al-aji-cale-tapenade-frasco-185-g/p
ABA-CON-000158,7752100000284,"Aceitunas Con Alcachofas Calé Tapenade Frasco 185 g",ABARROTES,CONSERVAS,,UNIDAD,Cale,"185 g",GRAVADO,0,0,0,,,,PRODUCTO,,0,,METRO,https://www.metro.pe/aceitunas-con-alcachofas-cale-tapenade-frasco-185-g/p
ABA-CON-000771,8433329146197,"Aceitunas EL Corte Inglés Selection Manzanilla Frasco 500 g",ABARROTES,CONSERVAS,,UNIDAD,"El Corte Ingles Selection","500 g",GRAVADO,0,0,0,,,,PRODUCTO,,0,,PLAZAVEA,https://www.plazavea.com.pe/aceitunas-el-corte-ingles-selection-manzanilla-frasco-500g/p
ABA-CON-000688,8433329146180,"Aceitunas EL Corte Inglés Selection Sin Hueso Gordal Frasco 500 g",ABARROTES,CONSERVAS,,UNIDAD,"El Corte Ingles Selection","500 g",GRAVADO,0,0,0,,,,PRODUCTO,,0,,PLAZAVEA,https://www.plazavea.com.pe/aceitunas-el-corte-ingles-selection-sin-hueso-gordal-frasco-500g/p
ABA-CON-000799,8436553350668,"Aceitunas En Conserva Valdeporres Verdes Con Hueso Frasco 340 g",ABARROTES,CONSERVAS,,UNIDAD,Valdeporres,"340 g",GRAVADO,0,0,0,,,,PRODUCTO,,0,,PLAZAVEA,https://www.plazavea.com.pe/aceitunas-en-conserva-valdeporres-verdes-con-hueso-frasco-340g/p
ABA-CON-000655,7752414183512,"Aceitunas Negras EL Olivar Con Pepa Bolsa 240 g",ABARROTES,CONSERVAS,,UNIDAD,"El Olivar","240 g",GRAVADO,0,0,0,,,,PRODUCTO,,0,,PLAZAVEA,https://www.plazavea.com.pe/aceitunas-negras-el-olivar-con-pepa-bolsa-240g/p
ABA-CON-000640,7752414183499,"Aceitunas Verdes EL Olivar Con Castaña Bolsa 240 g",ABARROTES,CONSERVAS,,UNIDAD,"El Olivar","240 g",GRAVADO,0,0,0,,,,PRODUCTO,,0,,PLAZAVEA,https://www.plazavea.com.pe/aceitunas-verdes-el-olivar-con-castana-bolsa-240g/p
ABA-CON-000719,7752414183451,"Aceitunas Verdes EL Olivar Con Pepa Bolsa 240 g",ABARROTES,CONSERVAS,,UNIDAD,"El Olivar","240 g",GRAVADO,0,0,0,,,,PRODUCTO,,0,,PLAZAVEA,https://www.plazavea.com.pe/aceitunas-verdes-el-olivar-con-pepa-bolsa-240g/p
ABA-CON-000671,7752414183468,"Aceitunas Verdes EL Olivar Con Pimiento Bolsa 240 g",ABARROTES,CONSERVAS,,UNIDAD,"El Olivar","240 g",GRAVADO,0,0,0,,,,PRODUCTO,,0,,PLAZAVEA,https://www.plazavea.com.pe/aceitunas-verdes-el-olivar-con-pimiento-bolsa-240g/p
ABA-CON-000720,7752414183482,"Aceitunas Verdes EL Olivar Con Rocoto Bolsa 240 g",ABARROTES,CONSERVAS,,UNIDAD,"El Olivar","240 g",GRAVADO,0,0,0,,,,PRODUCTO,,0,,PLAZAVEA,https://www.plazavea.com.pe/aceitunas-verdes-el-olivar-con-rocoto-bolsa-240g/p
ABA-CON-000641,7752414000796,"Aceitunas Verdes EL Olivar Sin Pepa Bolsa 240 g",ABARROTES,CONSERVAS,,UNIDAD,"El Olivar","240 g",GRAVADO,0,0,0,,,,PRODUCTO,,0,,PLAZAVEA,https://www.plazavea.com.pe/aceitunas-verdes-el-olivar-sin-pepa-bolsa-240g/p
ABA-CON-000801,8436553350606,"Aceitunas Verdes Valdeporres Manzanilla Con Hueso Frasco 340 g",ABARROTES,CONSERVAS,,UNIDAD,Valdeporres,"340 g",GRAVADO,0,0,0,,,,PRODUCTO,,0,,PLAZAVEA,https://www.plazavea.com.pe/aceitunas-verdes-en-conserva-valdeporres-manzanilla-con-hueso-frasco-340g/p
ABA-CON-000473,7750262003525,"Alcaparras En Salmuera Olivos del Sur 110 g",ABARROTES,CONSERVAS,,UNIDAD,"Olivos del Sur","110 g",GRAVADO,0,0,0,,,,PRODUCTO,,0,,METRO,https://www.metro.pe/alcaparras-en-salmuera-olivos-del-sur-110g-1034270/p
ABA-CON-000672,8436553350705,"Alcaparras Valdeporres Frasco 100 g",ABARROTES,CONSERVAS,,UNIDAD,Valdeporres,"100 g",GRAVADO,0,0,0,,,,PRODUCTO,,0,,PLAZAVEA,https://www.plazavea.com.pe/alcaparras-en-vinagre-valdeporres-frasco-100g/p
ABA-CON-000726,8436553350712,"Alcaparras Valdeporres Frasco 350 g",ABARROTES,CONSERVAS,,UNIDAD,Valdeporres,"350 g",GRAVADO,0,0,0,,,,PRODUCTO,,0,,PLAZAVEA,https://www.plazavea.com.pe/alcaparras-en-vinagre-valdeporres-frasco-350g/p
ABA-CON-000582,7751033000323,"Alcaparras Valle Fértil Frasco 100 g",ABARROTES,CONSERVAS,,UNIDAD,"Valle Fertil","100 g",GRAVADO,0,0,0,,,,PRODUCTO,,0,,METRO,https://www.metro.pe/alcaparras-valle-fertil-frasco-100-g/p
ABA-CON-000572,7591024104377,"Arvejitas Dulces del Monte Lata 241 g",ABARROTES,CONSERVAS,,UNIDAD,"Del Monte","241 g",GRAVADO,0,0,0,,,,PRODUCTO,,0,,METRO,https://www.metro.pe/arvejitas-dulces-del-monte-lata-241-g/p
ABA-CON-000764,8433329070614,"Atún Claro En Aceite de Olivda EL Corte Inglés Lata 60 g Paquete 3 un",ABARROTES,CONSERVAS,,UNIDAD,"El Corte Ingles","60 g",GRAVADO,0,0,0,,,,PRODUCTO,,0,,PLAZAVEA,https://www.plazavea.com.pe/atun-claro-en-aceite-de-olivda-el-corte-ingles-lata-60g-paquete-3un-20568921/p
ABA-CON-000774,7759202000235,"Bambú En Tajadas Fruto DE ORO Lata 567 g",ABARROTES,CONSERVAS,,UNIDAD,"Fruto de Oro","567 g",GRAVADO,0,0,0,,,,PRODUCTO,,0,,PLAZAVEA,https://www.plazavea.com.pe/bambu-en-tajadas-fruto-de-oro-lata-567g/p
ABA-CON-000492,8991103712124,"Best Foods Cereza Marrasquino Rojo Best Food 10oz",ABARROTES,CONSERVAS,,UNIDAD,"Best Foods",,GRAVADO,0,0,0,,,,PRODUCTO,,0,,METRO,https://www.metro.pe/cereza-marrasquino-rojo-best-food-10oz-1072937/p
ABA-CON-000493,8991103713237,"Best Foods Cereza Marrasquino Rojo Best Food 16oz",ABARROTES,CONSERVAS,,UNIDAD,"Best Foods",,GRAVADO,0,0,0,,,,PRODUCTO,,0,,METRO,https://www.metro.pe/cereza-marrasquino-rojo-best-food-16oz-1072938/p
ABA-CON-000524,7751408002174,"Best Foods Piñas En Rodajas Best Food 565 g",ABARROTES,CONSERVAS,,UNIDAD,"Best Foods","565 g",GRAVADO,0,0,0,,,,PRODUCTO,,0,,METRO,https://www.metro.pe/pi-as-en-rodajas-best-food-565g-929538/p
ABA-DES-000074,7750885013642,"3 Ositos Avena Cereal Andino 270 g",ABARROTES,DESAYUNO,,UNIDAD,"3 Ositos","270 g",GRAVADO,0,0,0,,,,PRODUCTO,,0,,METRO,https://www.metro.pe/avena-cereal-andino-270-g-521501/p
ABA-DES-000077,7750885006491,"3 Ositos Maca Avena Bolsa 270 g",ABARROTES,DESAYUNO,,UNIDAD,"3 Ositos","270 g",GRAVADO,0,0,0,,,,PRODUCTO,,0,,METRO,https://www.metro.pe/maca-avena-bolsa-270-g/p
ABA-DES-000196,7753213115445,"Age Salvado de Trigo Entero 300 g",ABARROTES,DESAYUNO,,UNIDAD,Age,"300 g",GRAVADO,0,0,0,,,,PRODUCTO,,0,,METRO,https://www.metro.pe/salvado-de-trigo-entero-300g-2/p
ABA-DES-000197,7753213115469,"Age Salvado de Trigo Molido 500 g",ABARROTES,DESAYUNO,,UNIDAD,Age,"500 g",GRAVADO,0,0,0,,,,PRODUCTO,,0,,METRO,https://www.metro.pe/salvado-de-trigo-molido-500g-2/p
ABA-DES-000329,7750446300167,"Ari Superfood Maca Gelatinizada En Polvo Orgánica",ABARROTES,DESAYUNO,,UNIDAD,"Ari Superfood",,GRAVADO,0,0,0,,,,PRODUCTO,,0,,PLAZAVEA,https://www.plazavea.com.pe/maca-gelatinizada-en-polvo-organica-102120852/p
ABA-DES-000389,7750159000255,"Aritos Kids BIO Maca Bolsa 120 g",ABARROTES,DESAYUNO,,UNIDAD,"Bio Maca","120 g",GRAVADO,0,0,0,,,,PRODUCTO,,0,,PLAZAVEA,https://www.plazavea.com.pe/aritos-kids-bio-maca-bolsa-120g/p
ABA-DES-000182,7501008037676,"Aros de Maíz, Trigo y Avena Froot Loops Kellogg's 200 g",ABARROTES,DESAYUNO,,UNIDAD,Kellogg's,"200 g",GRAVADO,0,0,0,,,,PRODUCTO,,0,,METRO,https://www.metro.pe/aros-de-ma-z-trigo-y-avena-froot-loops-kellogg-s-200g-340182/p
ABA-DES-000128,7501008017050,"Aros de Maíz, Trigo y Avena Froot Loops Kellogg's 350 g",ABARROTES,DESAYUNO,,UNIDAD,Kellogg's,"350 g",GRAVADO,0,0,0,,,,PRODUCTO,,0,,METRO,https://www.metro.pe/aros-de-ma-z-trigo-y-avena-froot-loops-kellogg-s-350g-153415/p
ABA-DES-000131,7753169000031,"Arrocito Con Miel Vita Pluss Bolsa 150 g",ABARROTES,DESAYUNO,,UNIDAD,"Vita Plus","150 g",GRAVADO,0,0,0,,,,PRODUCTO,,0,,METRO,https://www.metro.pe/arrocito-con-miel-vita-pluss-bolsa-150-g/p
ABA-DES-000181,7702103123916,"Arroz Tostado Choco Krispis Kellogg's 420 g",ABARROTES,DESAYUNO,,UNIDAD,Kellogg's,"420 g",GRAVADO,0,0,0,,,,PRODUCTO,,0,,METRO,https://www.metro.pe/arroz-tostado-choco-krispis-kellogg-s-420g-4908/p
ABA-DES-000221,7750885022460,"Avena Clásica 3 Ositos Bolsa 500 g",ABARROTES,DESAYUNO,,UNIDAD,"3 Ositos","500 g",GRAVADO,0,0,0,,,,PRODUCTO,,0,,PLAZAVEA,https://www.plazavea.com.pe/avena-clasica-3-ositos-bolsa-500g/p
ABA-DES-000206,7750885020473,"Avena Clásica 3 Ositos Premium Bolsa 900 g",ABARROTES,DESAYUNO,,UNIDAD,"3 Ositos","900 g",GRAVADO,0,0,0,,,,PRODUCTO,,0,,PLAZAVEA,https://www.plazavea.com.pe/avena-clasica-3-ositos-premium-bolsa-900g/p
ABA-DES-000112,7758574005145,"Avena Con Chía y Algarrobo Quaker 330 g",ABARROTES,DESAYUNO,,UNIDAD,Quaker,"330 g",GRAVADO,0,0,0,,,,PRODUCTO,,0,,METRO,https://www.metro.pe/avena-con-ch-a-y-algarrobo-quaker-330g-517269/p
ABA-DES-000241,736684997632,"Avena Con Hojuela Sin Gluten LA Purita Bolsa 800 g",ABARROTES,DESAYUNO,,UNIDAD,"La Purita","800 g",GRAVADO,0,0,0,,,,PRODUCTO,,0,,PLAZAVEA,https://www.plazavea.com.pe/avena-con-hojuela-sin-gluten-la-purita-bolsa-800g/p
ABA-DES-000219,736684997625,"Avena Con Hojuela Sin Gluten LA Purita Frasco 1.5 kg",ABARROTES,DESAYUNO,,UNIDAD,"La Purita","1.5 kg",GRAVADO,0,0,0,,,,PRODUCTO,,0,,PLAZAVEA,https://www.plazavea.com.pe/avena-con-hojuela-sin-gluten-la-purita-frasco-1-5kg/p
ABA-DES-000513,7752025007023,"Avena Con Maca Quaker 330 g",ABARROTES,DESAYUNO,,UNIDAD,Quaker,"330 g",GRAVADO,0,0,0,,,,PRODUCTO,,0,,METRO,https://www.metro.pe/avena-con-maca-quaker-330g-519089/p
ABA-DES-000488,7758574006241,"Avena Con Maca Quaker 850 g",ABARROTES,DESAYUNO,,UNIDAD,Quaker,"850 g",GRAVADO,0,0,0,,,,PRODUCTO,,0,,METRO,https://www.metro.pe/avena-con-maca-quaker-850g-1034276/p
ABA-DES-000514,7752143000210,"Avena Con Quinua Quaker 330 g",ABARROTES,DESAYUNO,,UNIDAD,Quaker,"330 g",GRAVADO,0,0,0,,,,PRODUCTO,,0,,METRO,https://www.metro.pe/avena-con-quinua-quaker-330g-180029/p
ABA-DES-000460,7758574005749,"Avena Con Quinua Quaker 850 g",ABARROTES,DESAYUNO,,UNIDAD,Quaker,"850 g",GRAVADO,0,0,0,,,,PRODUCTO,,0,,METRO,https://www.metro.pe/avena-con-quinua-quaker-850g-1004101/p
ABA-DES-000702,7759699001616,"Avena En Hojuelas Amaru Bolsa 900 g",ABARROTES,DESAYUNO,,UNIDAD,Amaru,"900 g",GRAVADO,0,0,0,,,,PRODUCTO,,0,,PLAZAVEA,https://www.plazavea.com.pe/avena-en-hojuelas-amaru-bolsa-900g/p
ABA-DES-000856,7750054001623,"Avena Fitness Naturandes 600 g",ABARROTES,DESAYUNO,,UNIDAD,Naturandes,"600 g",GRAVADO,0,0,0,,,,PRODUCTO,,0,,METRO,https://www.metro.pe/avena-fitness-naturandes-600g-996085/p
ABA-DES-000909,7755477001069,"Avena Grano DE ORO Bolsa 1 kg",ABARROTES,DESAYUNO,,UNIDAD,"Grano de Oro","1 kg",GRAVADO,0,0,0,,,,PRODUCTO,,0,,PLAZAVEA,https://www.plazavea.com.pe/avena-grano-de-oro-bolsa-1kg/p
ABA-DES-000728,7755477001205,"Avena Grano de Oro 500 g",ABARROTES,DESAYUNO,,UNIDAD,"Grano de Oro","500 g",GRAVADO,0,0,0,,,,PRODUCTO,,0,,METRO,https://www.metro.pe/avena-grano-de-oro-x-500gr/p
ABA-DES-000849,7754159001496,"Avena Instantánea Con Manzana Santa Catalina 350 g",ABARROTES,DESAYUNO,,UNIDAD,"Santa Catalina","350 g",GRAVADO,0,0,0,,,,PRODUCTO,,0,,METRO,https://www.metro.pe/avena-instantanea-con-manzana-santa-catalina-350g-1039648/p
ABA-DES-000744,7752025006071,"Avena Instantánea Quaker 350 g",ABARROTES,DESAYUNO,,UNIDAD,Quaker,"350 g",GRAVADO,0,0,0,,,,PRODUCTO,,0,,METRO,https://www.metro.pe/avena-instant-nea-quaker-350g-425642/p
ABA-DES-000779,7754159001298,"Avena Integral Con Kiwicha Santa Catalina 280 g",ABARROTES,DESAYUNO,,UNIDAD,"Santa Catalina","280 g",GRAVADO,0,0,0,,,,PRODUCTO,,0,,METRO,https://www.metro.pe/avena-integral-con-kiwicha-santa-catalina-280g-1041369/p
ABA-DES-000847,7754159001281,"Avena Integral Con Maca Santa Catalina 280 g",ABARROTES,DESAYUNO,,UNIDAD,"Santa Catalina","280 g",GRAVADO,0,0,0,,,,PRODUCTO,,0,,METRO,https://www.metro.pe/avena-integral-con-maca-santa-catalina-280g-1041370/p
ABA-DES-000810,7754159001243,"Avena Integral Con Quinua Santa Catalina 280 g",ABARROTES,DESAYUNO,,UNIDAD,"Santa Catalina","280 g",GRAVADO,0,0,0,,,,PRODUCTO,,0,,METRO,https://www.metro.pe/avena-integral-con-quinua-santa-catalina-280g-1041368/p
ABA-DES-000727,7755477001212,"Avena Integral En Hojuelas Grano de Oro 500 g",ABARROTES,DESAYUNO,,UNIDAD,"Grano de Oro","500 g",GRAVADO,0,0,0,,,,PRODUCTO,,0,,METRO,https://www.metro.pe/avena-integral-grano-de-oro-x-500gr/p
ABA-DES-001027,761862469519,"Avena LA Purita Carrot Cake Vaso 45 g",ABARROTES,DESAYUNO,,UNIDAD,"La Purita","45 g",GRAVADO,0,0,0,,,,PRODUCTO,,0,,PLAZAVEA,https://www.plazavea.com.pe/avena-la-purita-carrot-cake-vaso-45g/p
ABA-DES-001026,761862469502,"Avena LA Purita Piña Colada Vaso 45 g",ABARROTES,DESAYUNO,,UNIDAD,"La Purita","45 g",GRAVADO,0,0,0,,,,PRODUCTO,,0,,PLAZAVEA,https://www.plazavea.com.pe/avena-la-purita-pina-colada-vaso-45g/p
ABA-DES-000999,761862469526,"Avena LA Purita Pye de Manzana Vaso 45 g",ABARROTES,DESAYUNO,,UNIDAD,"La Purita","45 g",GRAVADO,0,0,0,,,,PRODUCTO,,0,,PLAZAVEA,https://www.plazavea.com.pe/avena-la-purita-pye-de-manzana-vaso-45g/p
ABA-DES-000878,7758587000120,"Avena Mix Con Quinua y Maca Huella Verde 600 g",ABARROTES,DESAYUNO,,UNIDAD,"Huella Verde","600 g",GRAVADO,0,0,0,,,,PRODUCTO,,0,,METRO,https://www.metro.pe/avena-mix-quinua-maca-superfood-huella-verde-doypack-600-g-768104/p
ABA-DES-001028,7750459000412,"Avena Mix Frutos Rojos Katzel Caja 330 g",ABARROTES,DESAYUNO,,UNIDAD,Katzel,"330 g",GRAVADO,0,0,0,,,,PRODUCTO,,0,,PLAZAVEA,https://www.plazavea.com.pe/avena-mix-frutos-rojos-katzel-caja-330g/p
ABA-DES-001029,7750459000009,"Avena Mix Manzana Con Cranberries y Canela Katzel Caja 330 g",ABARROTES,DESAYUNO,,UNIDAD,Katzel,"330 g",GRAVADO,0,0,0,,,,PRODUCTO,,0,,PLAZAVEA,https://www.plazavea.com.pe/avena-mix-manzana-con-cranberries-y-canelakatzel-caja-330g/p
ABA-DES-001030,7750459000429,"Avena Mix Plátano y Chocolate Katzel Caja 330 g",ABARROTES,DESAYUNO,,UNIDAD,Katzel,"330 g",GRAVADO,0,0,0,,,,PRODUCTO,,0,,PLAZAVEA,https://www.plazavea.com.pe/avena-mix-platano-y-chocolate-katzel-caja-330g/p
ABA-DES-000737,7754159001090,"Avena Natural Santa Catalina 900 g",ABARROTES,DESAYUNO,,UNIDAD,"Santa Catalina","900 g",GRAVADO,0,0,0,,,,PRODUCTO,,0,,METRO,https://www.metro.pe/avena-natural-santa-catalina-bolsa-1-kg-738932/p
ABA-DES-000908,7754159001465,"Avena Natural Santa Catalina Bolsa 900 g",ABARROTES,DESAYUNO,,UNIDAD,"Santa Catalina","900 g",GRAVADO,0,0,0,,,,PRODUCTO,,0,,PLAZAVEA,https://www.plazavea.com.pe/avena-natural-santa-catalina-bolsa-900g-20283146/p
ABA-DES-000745,7750885020015,"Avena Precocida 3 Ositos 500 g",ABARROTES,DESAYUNO,,UNIDAD,"3 Ositos","500 g",GRAVADO,0,0,0,,,,PRODUCTO,,0,,METRO,https://www.metro.pe/avena-precocida-3-ositos-500g-133311-2/p
ABA-DES-000703,7750885011945,"Avena Precocida 3 Ositos 900 g",ABARROTES,DESAYUNO,,UNIDAD,"3 Ositos","900 g",GRAVADO,0,0,0,,,,PRODUCTO,,0,,METRO,https://www.metro.pe/avena-premium-clasica-bolsa-1-kg-518456-2/p
ABA-FID-000275,8002590007829,"Agnesi Fideos Integrales Misura Spaghetti Bolsa 500 g",ABARROTES,FIDEOS,,UNIDAD,Agnesi,"500 g",GRAVADO,0,0,0,,,,PRODUCTO,,0,,PLAZAVEA,https://www.plazavea.com.pe/fideo-spaghetti-integral-misura-bolsa-500g/p
ABA-FID-000072,7752193007542,"Cabello de Ángel Al Huevo la Montanara Bolsa 250 g",ABARROTES,FIDEOS,,UNIDAD,"La Montanara","250 g",GRAVADO,0,0,0,,,,PRODUCTO,,0,,METRO,https://www.metro.pe/cabello-de-angel-al-huevo-la-montanara-bolsa-250-g/p
ABA-FID-000002,7750243037549,"Cabello de Ángel Don Vittorio 250 g",ABARROTES,FIDEOS,,UNIDAD,"Don Vittorio","250 g",GRAVADO,0,0,0,,,,PRODUCTO,,0,,METRO,https://www.metro.pe/cabello-de-angel-don-vittorio-250g-2/p
ABA-FID-000009,7750243047227,"Cabello de Ángel Nicolini 250 g",ABARROTES,FIDEOS,,UNIDAD,Nicolini,"250 g",GRAVADO,0,0,0,,,,PRODUCTO,,0,,METRO,https://www.metro.pe/cabello-de-angel-nicolini-250g-26553/p
ABA-FID-000044,7750885217583,"Cabello de Ángel Nro 24 Molitalia Bolsa 250 g",ABARROTES,FIDEOS,,UNIDAD,Molitalia,"250 g",GRAVADO,0,0,0,,,,PRODUCTO,,0,,METRO,https://www.metro.pe/cabello-de-angel-nro-24-molitalia-bolsa-250-g/p
ABA-FID-000081,7807910024651,"Canutos Cuisine & Co 500 g",ABARROTES,FIDEOS,,UNIDAD,"Cuisine Co","500 g",GRAVADO,0,0,0,,,,PRODUCTO,,0,,METRO,https://www.metro.pe/canutos-cuisine-co-500g-569519/p
ABA-FID-000082,7807910034353,"Corbatas Cuisine & Co 500 g",ABARROTES,FIDEOS,,UNIDAD,"Cuisine Co","500 g",GRAVADO,0,0,0,,,,PRODUCTO,,0,,METRO,https://www.metro.pe/corbatas-cuisine-co-500g-569518/p
ABA-FID-000124,8001200023808,"Eliche Agnesi Tricolor Nro 656 Bolsa 500 g",ABARROTES,FIDEOS,,UNIDAD,Agnesi,"500 g",GRAVADO,0,0,0,,,,PRODUCTO,,0,,METRO,https://www.metro.pe/eliche-agnesi-tricolor-nro-656-bolsa-500-g-2/p
ABA-FID-000029,7750243072977,"Fettuccini Don Vittorio 950 g",ABARROTES,FIDEOS,,UNIDAD,"Don Vittorio","950 g",GRAVADO,0,0,0,,,,PRODUCTO,,0,,METRO,https://www.metro.pe/fettuccini-don-vittorio-950g-962241/p
ABA-FID-000063,8004690050507,"Fettucine la Molisana Paquete 500 g",ABARROTES,FIDEOS,,UNIDAD,"La Molisana","500 g",GRAVADO,0,0,0,,,,PRODUCTO,,0,,METRO,https://www.metro.pe/fettucine-la-molisana-paquete-500-g-2/p
ABA-FID-000134,8009800012253,"Fetuccini Al Huevo Festaiola Agnesi Bolsa 250 g Fetuccini Al Huevo Festaiola Agnesi Bolsa 250 g",ABARROTES,FIDEOS,,UNIDAD,Agnesi,"250 g",GRAVADO,0,0,0,,,,PRODUCTO,,0,,METRO,https://www.metro.pe/fetuccini-al-huevo-festaiola-agnesi-bolsa-250-g-2/p
ABA-FID-000043,7752193004640,"Fetuccini Extra Huevo la Montanara Bolsa 500 g",ABARROTES,FIDEOS,,UNIDAD,"La Montanara","500 g",GRAVADO,0,0,0,,,,PRODUCTO,,0,,METRO,https://www.metro.pe/fetuccini-extra-huevo-la-montanara-bolsa-500-g-2/p
ABA-FID-000259,7759654000098,"Fideo Al Vapor Choung LEE Seco Bolsa 250 g",ABARROTES,FIDEOS,,UNIDAD,"Choung Lee","250 g",GRAVADO,0,0,0,,,,PRODUCTO,,0,,PLAZAVEA,https://www.plazavea.com.pe/fideo-al-vapor-choung-lee-seco-bolsa-250g/p
ABA-FID-000178,7750243041768,"Fideo Cabello de Ángel Lavaggi Bolsa 250 g",ABARROTES,FIDEOS,,UNIDAD,Lavaggi,"250 g",GRAVADO,0,0,0,,,,PRODUCTO,,0,,PLAZAVEA,https://www.plazavea.com.pe/fideo-cabello-de-angel-lavaggi-bolsa-250g/p
ABA-FID-000141,7750243082372,"Fideo Canuto Chico DON Vittorio Bolsa 250 g",ABARROTES,FIDEOS,,UNIDAD,"Don Vittorio","250 g",GRAVADO,0,0,0,,,,PRODUCTO,,0,,PLAZAVEA,https://www.plazavea.com.pe/fideo-canuto-chico-don-vittorio-bolsa-250g-20503661/p
ABA-FID-000337,7750243074674,"Fideo Canuto Chico Lavaggi Bolsa 235 g",ABARROTES,FIDEOS,,UNIDAD,Lavaggi,"235 g",GRAVADO,0,0,0,,,,PRODUCTO,,0,,PLAZAVEA,https://www.plazavea.com.pe/fideo-canuto-chico-lavaggi-bolsa-235g/p
ABA-FID-000336,7750243074667,"Fideo Canuto Rayado Lavaggi Bolsa 235 g",ABARROTES,FIDEOS,,UNIDAD,Lavaggi,"235 g",GRAVADO,0,0,0,,,,PRODUCTO,,0,,PLAZAVEA,https://www.plazavea.com.pe/fideo-canuto-rayado-lavaggi-bolsa-235g/p
ABA-FID-000271,7750013855557,"Fideo Chino SAN SEN Bolsa 1 kg",ABARROTES,FIDEOS,,UNIDAD,"San Sen","1 kg",GRAVADO,0,0,0,,,,PRODUCTO,,0,,PLAZAVEA,https://www.plazavea.com.pe/fideo-chino-san-sen-1kg/p
ABA-FID-000199,7750013855564,"Fideo Chino SAN SEN Bolsa 500 g",ABARROTES,FIDEOS,,UNIDAD,"San Sen","500 g",GRAVADO,0,0,0,,,,PRODUCTO,,0,,PLAZAVEA,https://www.plazavea.com.pe/fideo-chino-san-sen-bolsa-500g-1/p
ABA-FID-000572,7709990080438,"Fideo Codito EL Dorado Lentejas Rojas Sin Gluten Bolsa 250 g",ABARROTES,FIDEOS,,UNIDAD,"El Dorado","250 g",GRAVADO,0,0,0,,,,PRODUCTO,,0,,PLAZAVEA,https://www.plazavea.com.pe/fideo-codito-el-dorado-lentejas-rojas-sin-gluten-bolsa-250g/p
ABA-FID-000889,7750243074629,"Fideo Codo Rayado Lavaggi Bolsa 225 g",ABARROTES,FIDEOS,,UNIDAD,Lavaggi,"225 g",GRAVADO,0,0,0,,,,PRODUCTO,,0,,PLAZAVEA,https://www.plazavea.com.pe/fideo-codo-rayado-lavaggi-bolsa-225g/p
ABA-FID-000773,8076808060654,"Fideo Farfalle Barilla Caja 500 g",ABARROTES,FIDEOS,,UNIDAD,Barilla,"500 g",GRAVADO,0,0,0,,,,PRODUCTO,,0,,PLAZAVEA,https://www.plazavea.com.pe/fideos-farfalle-barilla-corbata-caja-500g/p
ABA-FID-000641,7750243073059,"Fideo Fettuccini Don Vittorio 500 g",ABARROTES,FIDEOS,,UNIDAD,"Don Vittorio","500 g",GRAVADO,0,0,0,,,,PRODUCTO,,0,,METRO,https://www.metro.pe/fideo-fettuccini-don-vittorio-500g-962245/p
ABA-FID-000782,7750885028196,"Fideo Fettuccini Molitalia Bolsa 950 g",ABARROTES,FIDEOS,,UNIDAD,Molitalia,"950 g",GRAVADO,0,0,0,,,,PRODUCTO,,0,,PLAZAVEA,https://www.plazavea.com.pe/fideo-fettuccini-molitalia-bolsa-950g-20647423/p
ABA-FID-000660,7759654000012,"Fideo Frito Al Huevo Choung Lee 250 g",ABARROTES,FIDEOS,,UNIDAD,"Choung Lee","250 g",GRAVADO,0,0,0,,,,PRODUCTO,,0,,METRO,https://www.metro.pe/fideo-frito-al-huevo-choung-lee-250g-1045134/p
ABA-FID-000882,8001250120342,"Fideo Fusilli DE Cecco Bolsa 500 g",ABARROTES,FIDEOS,,UNIDAD,"De Cecco","500 g",GRAVADO,0,0,0,,,,PRODUCTO,,0,,PLAZAVEA,https://www.plazavea.com.pe/fideo-fusilli-de-cecco-bolsa-500gr/p
ABA-FID-000815,8007290935502,"Fideo Granoro Gnocchi Di Patate Bolsa 500 g",ABARROTES,FIDEOS,,UNIDAD,Granoro,"500 g",GRAVADO,0,0,0,,,,PRODUCTO,,0,,PLAZAVEA,https://www.plazavea.com.pe/fideo-granoro-gnocchi-di-patate-bolsa-500g/p
ABA-FID-000598,7750243073035,"Fideo Linguini Don Vittorio 500 g",ABARROTES,FIDEOS,,UNIDAD,"Don Vittorio","500 g",GRAVADO,0,0,0,,,,PRODUCTO,,0,,METRO,https://www.metro.pe/fideo-linguini-don-vittorio-500g-962243/p
ABA-FID-000642,7750243073042,"Fideo Linguini Grosso Don Vittorio 500 g",ABARROTES,FIDEOS,,UNIDAD,"Don Vittorio","500 g",GRAVADO,0,0,0,,,,PRODUCTO,,0,,METRO,https://www.metro.pe/fideo-linguini-grosso-don-vittorio-500g-962244/p
ABA-FID-000843,8410069018441,"Fideo Spaghetti Gallo Integral Bolsa 450 g",ABARROTES,FIDEOS,,UNIDAD,Gallo,"450 g",GRAVADO,0,0,0,,,,PRODUCTO,,0,,PLAZAVEA,https://www.plazavea.com.pe/fideo-spaghetti-gallo-integral-bolsa-450g-20505829/p
ABA-FID-000838,8410069018540,"Fideo Spaghetti Gallo Sin Gluten Bolsa 450 g",ABARROTES,FIDEOS,,UNIDAD,Gallo,"450 g",GRAVADO,0,0,0,,,,PRODUCTO,,0,,PLAZAVEA,https://www.plazavea.com.pe/fideo-spaghetti-gallo-sin-gluten-bolsa-450g-20505830/p
ABA-FID-000764,7750243072625,"Fideo Spaghetti Lavaggi Bolsa 950 g",ABARROTES,FIDEOS,,UNIDAD,Lavaggi,"950 g",GRAVADO,0,0,0,,,,PRODUCTO,,0,,PLAZAVEA,https://www.plazavea.com.pe/fideo-spaghetti-lavaggi-bolsa-950g/p
ABA-FID-000619,7750243072595,"Fideo Spaghetti Nicolini 500 g",ABARROTES,FIDEOS,,UNIDAD,Nicolini,"500 g",GRAVADO,0,0,0,,,,PRODUCTO,,0,,METRO,https://www.metro.pe/fideo-spaghetti-nicolini-500g-962246/p
ABA-FID-000872,7756771000000,"Fideo Spaghetti SAN Jorge Bolsa 1 kg",ABARROTES,FIDEOS,,UNIDAD,"San Jorge","1 kg",GRAVADO,0,0,0,,,,PRODUCTO,,0,,PLAZAVEA,https://www.plazavea.com.pe/fideo-spaghetti-san-jorge-bolsa-1kg/p
ABA-FID-000881,8001250410122,"Fideo Spaghetti Spinaci DE Cecco Bolsa 500 g",ABARROTES,FIDEOS,,UNIDAD,"De Cecco","500 g",GRAVADO,0,0,0,,,,PRODUCTO,,0,,PLAZAVEA,https://www.plazavea.com.pe/fideo-spaghetti-spinaci-de-cecco-bolsa-500gr/p
ABA-FID-000816,8076808150072,"Fideo Spaghettoni Barilla N°7 Caja 500 g",ABARROTES,FIDEOS,,UNIDAD,Barilla,"500 g",GRAVADO,0,0,0,,,,PRODUCTO,,0,,PLAZAVEA,https://www.plazavea.com.pe/fideo-spaghettoni-barilla-n7-caja-500g/p
ABA-FID-000597,7750243073097,"Fideo Tallarín Delgado Nicolini 500 g",ABARROTES,FIDEOS,,UNIDAD,Nicolini,"500 g",GRAVADO,0,0,0,,,,PRODUCTO,,0,,METRO,https://www.metro.pe/fideo-tallarin-delgado-nicolini-500g-962249/p
ABA-FID-000840,8410069018557,"Fideo Tallarín Gallo Sin Gluten Bolsa 450 g",ABARROTES,FIDEOS,,UNIDAD,Gallo,"450 g",GRAVADO,0,0,0,,,,PRODUCTO,,0,,PLAZAVEA,https://www.plazavea.com.pe/fideo-tallarin-gallo-sin-gluten-bolsa-450g-20505838/p
ABA-FID-000638,7750243047210,"Fideo Tallarín Grueso Nicolini 500 g",ABARROTES,FIDEOS,,UNIDAD,Nicolini,"500 g",GRAVADO,0,0,0,,,,PRODUCTO,,0,,METRO,https://www.metro.pe/fideo-tallarin-grueso-nicolini-500g-59502002/p
ABA-FID-000800,7750243078870,"Fideo Tallarín Lavaggi Bolsa 950 g",ABARROTES,FIDEOS,,UNIDAD,Lavaggi,"950 g",GRAVADO,0,0,0,,,,PRODUCTO,,0,,PLAZAVEA,https://www.plazavea.com.pe/fideo-tallarin-lavaggi-bolsa-950g/p
ABA-MEN-000031,7751130759322,"Alverja Verde Tesoro del Campo Bolsa 350 g",ABARROTES,MENESTRAS,,UNIDAD,"Tesoro del Campo","350 g",EXONERADO,0,0,0,,,,PRODUCTO,,0,,METRO,https://www.metro.pe/alverja-verde-tesoro-del-campo-bolsa-350-g-44914/p
ABA-MEN-000124,7750446300143,"Ari Superfood Quinua Tricolor Orgánica",ABARROTES,MENESTRAS,,UNIDAD,"Ari Superfood",,EXONERADO,0,0,0,,,,PRODUCTO,,0,,PLAZAVEA,https://www.plazavea.com.pe/quinua-tricolor-organica-102118881/p
ABA-MEN-000024,7751130000608,"Arveja Cuisine & Co 500 g",ABARROTES,MENESTRAS,,UNIDAD,"Cuisine Co","500 g",EXONERADO,0,0,0,,,,PRODUCTO,,0,,METRO,https://www.metro.pe/arveja-cuisine-co-500g-753562/p
ABA-MEN-000008,7758003087193,"Arveja Partida Costeño 500 g",ABARROTES,MENESTRAS,,UNIDAD,Costeño,"500 g",EXONERADO,0,0,0,,,,PRODUCTO,,0,,METRO,https://www.metro.pe/arveja-partida-costeno-500g-30039/p
ABA-MEN-000105,7751130801595,"Arveja Partida Tesoro DEL Campo Bolsa 500 g",ABARROTES,MENESTRAS,,UNIDAD,"Tesoro del Campo","500 g",EXONERADO,0,0,0,,,,PRODUCTO,,0,,PLAZAVEA,https://www.plazavea.com.pe/arveja-partida-tesoro-del-campo-bolsa-500g/p
ABA-MEN-000057,7757786000054,"Arveja Verde Partida Cosecha Andina 500 g",ABARROTES,MENESTRAS,,UNIDAD,"Cosecha Andina","500 g",EXONERADO,0,0,0,,,,PRODUCTO,,0,,METRO,https://www.metro.pe/arveja-verde-partida-cosecha-andina-500g-1047287/p
ABA-MEN-000133,7758950000580,"Arveja Verde Partida Faraon X500 g",ABARROTES,MENESTRAS,,UNIDAD,Faraón,"500 g",EXONERADO,0,0,0,,,,PRODUCTO,,0,,PLAZAVEA,https://www.plazavea.com.pe/arveja-verde-partida-faraon-x500g/p
ABA-MEN-000017,7751130000752,"Arveja Verde Partida Máxima 400 g",ABARROTES,MENESTRAS,,UNIDAD,Maxima,"400 g",EXONERADO,0,0,0,,,,PRODUCTO,,0,,METRO,https://www.metro.pe/arveja-verde-partida-m-xima-400g-1067495/p
ABA-MEN-000078,7754725000588,"Arveja Verde Valle Norte Bolsa 500 g",ABARROTES,MENESTRAS,,UNIDAD,"Valle Norte","500 g",EXONERADO,0,0,0,,,,PRODUCTO,,0,,METRO,https://www.metro.pe/arveja-verde-valle-norte-bolsa-500-g-724132/p
ABA-MEN-000123,788070516484,"Fenogreco Biocenter Natural X 100 g",ABARROTES,MENESTRAS,,UNIDAD,"Biocenter Natural","100 g",EXONERADO,0,0,0,,,,PRODUCTO,,0,,PLAZAVEA,https://www.plazavea.com.pe/fenogreco-biocenter-natural-x-100-g-101808733/p
ABA-MEN-000112,7751130140120,"Frejol Canario Tesoro DEL Campo Bolsa 500 g",ABARROTES,MENESTRAS,,UNIDAD,"Tesoro del Campo","500 g",EXONERADO,0,0,0,,,,PRODUCTO,,0,,PLAZAVEA,https://www.plazavea.com.pe/frejol-canario-tesoro-del-campo-bolsa-500g/p
ABA-MEN-000044,7757786000078,"Frijol Canario Camanejo Cosecha Andina 500 g",ABARROTES,MENESTRAS,,UNIDAD,"Cosecha Andina","500 g",EXONERADO,0,0,0,,,,PRODUCTO,,0,,METRO,https://www.metro.pe/frijol-canario-camanejo-cosecha-andina-500g-1047291/p
ABA-MEN-000010,7758003542180,"Frijol Canario Costeño 500 g",ABARROTES,MENESTRAS,,UNIDAD,Costeño,"500 g",EXONERADO,0,0,0,,,,PRODUCTO,,0,,METRO,https://www.metro.pe/frijol-canario-costeno-500g/p
ABA-MEN-000006,7751130000615,"Frijol Canario Cuisine & Co 500 g",ABARROTES,MENESTRAS,,UNIDAD,"Cuisine Co","500 g",EXONERADO,0,0,0,,,,PRODUCTO,,0,,METRO,https://www.metro.pe/frijol-canario-cuisine-co-500g-2/p
ABA-MEN-000134,7758950000610,"Frijol Canario Faraon X500 g",ABARROTES,MENESTRAS,,UNIDAD,Faraón,"500 g",EXONERADO,0,0,0,,,,PRODUCTO,,0,,PLAZAVEA,https://www.plazavea.com.pe/frijol-canario-faraon-x500g/p
ABA-MEN-000005,7751130000738,"Frijol Canario Máxima 400 g",ABARROTES,MENESTRAS,,UNIDAD,Maxima,"400 g",EXONERADO,0,0,0,,,,PRODUCTO,,0,,METRO,https://www.metro.pe/frijol-canario-m-xima-400g-1067496/p
ABA-MEN-000187,7754725000595,"Frijol Canario Valle Norte Bolsa 500 g",ABARROTES,MENESTRAS,,UNIDAD,"Valle Norte","500 g",EXONERADO,0,0,0,,,,PRODUCTO,,0,,METRO,https://www.metro.pe/frijol-canario-valle-norte-bolsa-500-g-2/p
ABA-MEN-000164,7758003548694,"Frijol Castilla Costeño 500 g",ABARROTES,MENESTRAS,,UNIDAD,Costeño,"500 g",EXONERADO,0,0,0,,,,PRODUCTO,,0,,METRO,https://www.metro.pe/frijol-castilla-costeno-500g/p
ABA-MEN-000168,7751130000899,"Frijol Castilla Cuisine & Co 500 g",ABARROTES,MENESTRAS,,UNIDAD,"Cuisine Co","500 g",EXONERADO,0,0,0,,,,PRODUCTO,,0,,METRO,https://www.metro.pe/frijol-castilla-cuisine-co-500g-1067494/p
ABA-MEN-000192,7751130000042,"Frijol Castilla Tesoro del Campo Bolsa 500 g",ABARROTES,MENESTRAS,,UNIDAD,"Tesoro del Campo","500 g",EXONERADO,0,0,0,,,,PRODUCTO,,0,,METRO,https://www.metro.pe/frijol-castilla-tesoro-del-campo-bolsa-500-g-2/p
ABA-MEN-000222,7758003548700,"Frijol Negro Costeño 500 g",ABARROTES,MENESTRAS,,UNIDAD,Costeño,"500 g",EXONERADO,0,0,0,,,,PRODUCTO,,0,,METRO,https://www.metro.pe/frijol-negro-costeno-500g/p
ABA-MEN-000216,7751130000882,"Frijol Negro Cuisine & Co 500 g",ABARROTES,MENESTRAS,,UNIDAD,"Cuisine Co","500 g",EXONERADO,0,0,0,,,,PRODUCTO,,0,,METRO,https://www.metro.pe/frijol-negro-cuisine-co-500g-1067491/p
ABA-MEN-000231,7758003054560,"Frijol Panamito Costeño 500 g",ABARROTES,MENESTRAS,,UNIDAD,Costeño,"500 g",EXONERADO,0,0,0,,,,PRODUCTO,,0,,METRO,https://www.metro.pe/frijol-panamito-costeno-500g/p
ABA-MEN-000339,7751130000677,"Frijol Panamito Cuisine & Co Bolsa 500 g",ABARROTES,MENESTRAS,,UNIDAD,"Cuisine Co","500 g",EXONERADO,0,0,0,,,,PRODUCTO,,0,,METRO,https://www.metro.pe/frijol-panamito-cuisine-co-bolsa-500-gr-2/p
ABA-MEN-000234,7751130781767,"Frijol Panamito Tesoro del Campo Bolsa 500 g",ABARROTES,MENESTRAS,,UNIDAD,"Tesoro del Campo","500 g",EXONERADO,0,0,0,,,,PRODUCTO,,0,,METRO,https://www.metro.pe/frijol-panamito-tesoro-del-campo-bolsa-500-g-2/p
ABA-MEN-000338,7751130000721,"Frijol Red Kidney Cuisine & Co Bolsa 500 g",ABARROTES,MENESTRAS,,UNIDAD,"Cuisine Co","500 g",EXONERADO,0,0,0,,,,PRODUCTO,,0,,METRO,https://www.metro.pe/frijol-red-kidney-cuisine-co-bolsa-500-gr-2/p
ABA-MEN-000211,7755139370113,"Garbanzo Costeño 500 g",ABARROTES,MENESTRAS,,UNIDAD,Costeño,"500 g",EXONERADO,0,0,0,,,,PRODUCTO,,0,,METRO,https://www.metro.pe/garbanzo-costeno-500g/p
ABA-MEN-000205,7751130000790,"Garbanzo Máxima 400 g",ABARROTES,MENESTRAS,,UNIDAD,Maxima,"400 g",EXONERADO,0,0,0,,,,PRODUCTO,,0,,METRO,https://www.metro.pe/garbanzo-m-xima-400g-1067498/p
ABA-MEN-000213,7751130781804,"Garbanzos Tesoro del Campo Bolsa 500 g",ABARROTES,MENESTRAS,,UNIDAD,"Tesoro del Campo","500 g",EXONERADO,0,0,0,,,,PRODUCTO,,0,,METRO,https://www.metro.pe/garbanzos-tesoro-del-campo-bolsa-500-g-17447/p
ABA-MEN-000256,7751664000204,"Granos del Sur Arveja Bolsa 500 g",ABARROTES,MENESTRAS,,UNIDAD,"Granos del Sur","500 g",EXONERADO,0,0,0,,,,PRODUCTO,,0,,METRO,https://www.metro.pe/arveja-bolsa-500g-392097/p
ABA-MEN-000255,7751664000167,"Granos del Sur Frejol Canario Bolsa 500 g",ABARROTES,MENESTRAS,,UNIDAD,"Granos del Sur","500 g",EXONERADO,0,0,0,,,,PRODUCTO,,0,,METRO,https://www.metro.pe/frejol-canario-bolsa-500-g-2-2/p
ABA-MEN-000239,7757786000115,"Lenteja Bebé Cosecha Andina 500 g",ABARROTES,MENESTRAS,,UNIDAD,"Cosecha Andina","500 g",EXONERADO,0,0,0,,,,PRODUCTO,,0,,METRO,https://www.metro.pe/lenteja-beb-cosecha-andina-500g-1047288/p
ABA-MEN-000207,7755139003783,"Lenteja Bebé Costeño 500 g",ABARROTES,MENESTRAS,,UNIDAD,Costeño,"500 g",EXONERADO,0,0,0,,,,PRODUCTO,,0,,METRO,https://www.metro.pe/lenteja-beb-coste-o-500g-1066086/p
ABA-MEN-000193,7751130000646,"Lenteja Bebé Cuisine & Co 500 g",ABARROTES,MENESTRAS,,UNIDAD,"Cuisine Co","500 g",EXONERADO,0,0,0,,,,PRODUCTO,,0,,METRO,https://www.metro.pe/lenteja-bebe-cuisine-co-500g-753565/p
ABA-MEN-000306,7758950000528,"Lenteja Bebé Faraon Bolsa 500 g",ABARROTES,MENESTRAS,,UNIDAD,Faraón,"500 g",EXONERADO,0,0,0,,,,PRODUCTO,,0,,PLAZAVEA,https://www.plazavea.com.pe/lenteja-baby-faraon-x500g/p
ABA-MEN-000201,7751130000837,"Lenteja Bebé Máxima 400 g",ABARROTES,MENESTRAS,,UNIDAD,Maxima,"400 g",EXONERADO,0,0,0,,,,PRODUCTO,,0,,METRO,https://www.metro.pe/lenteja-beb-m-xima-400g-1067501/p
ABA-MEN-000195,7751130000035,"Lenteja Bebé Tesoro del Campo Bolsa 500 g",ABARROTES,MENESTRAS,,UNIDAD,"Tesoro del Campo","500 g",EXONERADO,0,0,0,,,,PRODUCTO,,0,,METRO,https://www.metro.pe/lenteja-bebe-tesoro-del-campo-bolsa-500-g/p
ABA-MEN-000249,7757786001693,"Lenteja Beluga Cosecha Andina 500 g",ABARROTES,MENESTRAS,,UNIDAD,"Cosecha Andina","500 g",EXONERADO,0,0,0,,,,PRODUCTO,,0,,METRO,https://www.metro.pe/lenteja-beluga-cosecha-andina-500g-1047292/p
ABA-MEN-000198,7758003000161,"Lenteja Costeño 500 g",ABARROTES,MENESTRAS,,UNIDAD,Costeño,"500 g",EXONERADO,0,0,0,,,,PRODUCTO,,0,,METRO,https://www.metro.pe/lenteja-costeno-500g/p
ABA-MEN-000218,7751130000639,"Lenteja Cuisine & Co 500 g",ABARROTES,MENESTRAS,,UNIDAD,"Cuisine Co","500 g",EXONERADO,0,0,0,,,,PRODUCTO,,0,,METRO,https://www.metro.pe/lenteja-cuisine-co-500g-753563/p
ABA-SAL-000426,7753107174497,"Pimienta 4 Estaciones Negra Molida Sobre 60 g",ABARROTES,SAL,,UNIDAD,4estaciones,,GRAVADO,0,0,0,,,,PRODUCTO,,0,,PLAZAVEA,https://www.plazavea.com.pe/pimienta-4-estaciones-negra-molida-sobre-60gr-489249/p
ABA-SAL-000069,7753107114264,"Pimienta Blanca Molida 4 Estaciones Sobre 14 g",ABARROTES,SAL,,UNIDAD,4estaciones,"14 g",GRAVADO,0,0,0,,,,PRODUCTO,,0,,PLAZAVEA,https://www.plazavea.com.pe/pimienta-blanca-molida-4-estaciones-sobre-14g-67492/p
ABA-SAL-000078,7751037000404,"Pimienta Lopesa Sobre 20 g Paquete 5 un",ABARROTES,SAL,,UNIDAD,Lopesa,"20 g",GRAVADO,0,0,0,,,,PRODUCTO,,0,,PLAZAVEA,https://www.plazavea.com.pe/pimienta-lopesa-sobre-20g-paquete-5un/p
ABA-SAL-000006,7753121004022,"Pimienta Molida Sibarita Sobre 21.6 g Bolsa 6 un",ABARROTES,SAL,,UNIDAD,Sibarita,"21.6 g",GRAVADO,0,0,0,,,,PRODUCTO,,0,,PLAZAVEA,https://www.plazavea.com.pe/pimienta-molida-sibarita-sobre-21-6g-bolsa-6un/p
ABA-SAL-000043,7753226000547,"Pimienta Negra Maras Gourmet Bolsa 30 g",ABARROTES,SAL,,UNIDAD,"Maras Gourmet","30 g",GRAVADO,0,0,0,,,,PRODUCTO,,0,,PLAZAVEA,https://www.plazavea.com.pe/pimienta-negra-maras-gourmet-bolsa-30g/p
ABA-SAL-000070,7753107114240,"Pimienta Negra Molida 4 Estaciones Sobre 15 g",ABARROTES,SAL,,UNIDAD,4estaciones,"15 g",GRAVADO,0,0,0,,,,PRODUCTO,,0,,PLAZAVEA,https://www.plazavea.com.pe/pimienta-negra-molida-4-estaciones-sobre-15g-67478/p
ABA-SAL-000044,7753226000332,"Pimienta Negra Molida Maras Gourmet Frasco 60 g",ABARROTES,SAL,,UNIDAD,"Maras Gourmet","60 g",GRAVADO,0,0,0,,,,PRODUCTO,,0,,PLAZAVEA,https://www.plazavea.com.pe/pimienta-negra-molida-maras-gourmet-frasco-60g/p
ABA-SAL-000074,7753121002554,"Pimienta Pura Sibarita Bolsa 250 g",ABARROTES,SAL,,UNIDAD,Sibarita,"250 g",GRAVADO,0,0,0,,,,PRODUCTO,,0,,PLAZAVEA,https://www.plazavea.com.pe/pimienta-pura-sibarita-bolsa-250g/p
ABA-SAL-000064,7753121002738,"Pimienta Sibarita Entera Sobre 10 g",ABARROTES,SAL,,UNIDAD,Sibarita,"10 g",GRAVADO,0,0,0,,,,PRODUCTO,,0,,PLAZAVEA,https://www.plazavea.com.pe/pimienta-sibarita-entera-sobre-15gr/p
ABA-SAL-000062,7809561700076,"Sal Biosal 50% Menos Sodio Frasco 500 g",ABARROTES,SAL,,UNIDAD,Biosal,"500 g",GRAVADO,0,0,0,,,,PRODUCTO,,0,,PLAZAVEA,https://www.plazavea.com.pe/sal-biosal-50-menos-sodio-frasco-500-gr/p
ABA-SAL-000065,7803600000400,"Sal Biosal 50% Menos Sodio Pote 850 g",ABARROTES,SAL,,UNIDAD,Biosal,"850 g",GRAVADO,0,0,0,,,,PRODUCTO,,0,,PLAZAVEA,https://www.plazavea.com.pe/biosal-50-menos-sodio-pote-850gr/p
ABA-SAL-000022,7803600000158,"Sal Biosal Liviana En Sodio Frasco 125 g",ABARROTES,SAL,,UNIDAD,Biosal,"125 g",GRAVADO,0,0,0,,,,PRODUCTO,,0,,PLAZAVEA,https://www.plazavea.com.pe/sal-biosal-liviana-en-sodio-frasco-125-gr/p
ABA-SAL-000017,7755019000192,"Sal Fina de Mesa Emsal Frasco 125 g",ABARROTES,SAL,,UNIDAD,Emsal,"125 g",GRAVADO,0,0,0,,,,PRODUCTO,,0,,PLAZAVEA,https://www.plazavea.com.pe/sal-fina-de-mesa-emsal-frasco-125g/p
ABA-SAL-000016,7755019000185,"Sal Fina de Mesa Emsal Frasco 500 g",ABARROTES,SAL,,UNIDAD,Emsal,"500 g",GRAVADO,0,0,0,,,,PRODUCTO,,0,,PLAZAVEA,https://www.plazavea.com.pe/sal-fina-de-mesa-emsal-frasco-500g/p
ABA-SAL-000045,7753226001261,"Sal Maras Gourmet Ahumada Bolsa 600 g",ABARROTES,SAL,,UNIDAD,"Maras Gourmet","600 g",GRAVADO,0,0,0,,,,PRODUCTO,,0,,PLAZAVEA,https://www.plazavea.com.pe/sal-maras-gourmet-ahumada-bolsa-600g/p
ABA-SAL-000023,7753226000233,"Sal Maras Gourmet Con Especies Moledor Frasco 100 g",ABARROTES,SAL,,UNIDAD,"Maras Gourmet","100 g",GRAVADO,0,0,0,,,,PRODUCTO,,0,,PLAZAVEA,https://www.plazavea.com.pe/sal-maras-gourmet-con-especies-moledor-frasco-100g/p
ABA-SAL-000046,7753226000028,"Sal Rosada SAL DE Maras Caja 600 g",ABARROTES,SAL,,UNIDAD,"Sal de Maras","600 g",GRAVADO,0,0,0,,,,PRODUCTO,,0,,PLAZAVEA,https://www.plazavea.com.pe/sal-rosada-sal-de-maras-caja-600g/p
ABA-SAL-000151,788070517450,"Sal Rosada de Maras Biocenter Natural X 1 kg",ABARROTES,SAL,,UNIDAD,"Biocenter Natural","1 kg",GRAVADO,0,0,0,,,,PRODUCTO,,0,,PLAZAVEA,https://www.plazavea.com.pe/sal-rosada-de-maras-biocenter-natural-x-1-kg-101816303/p
ABA-SAL-000169,7753226000318,"Sal de Maras Gourmet Especial Bolsa 500 g",ABARROTES,SAL,,UNIDAD,Gourmet,"500 g",GRAVADO,0,0,0,,,,PRODUCTO,,0,,PLAZAVEA,https://www.plazavea.com.pe/sal-de-maras-gourmet-especial-bolsa-500g/p
ABA-SAL-000176,7756378000137,"Sal de Maras Gruesa Onza Molinillo Frasco 100 g",ABARROTES,SAL,,UNIDAD,Onza,"100 g",GRAVADO,0,0,0,,,,PRODUCTO,,0,,PLAZAVEA,https://www.plazavea.com.pe/sal-de-maras-onza-gruesa-molinil-frasco-100g/p
ABA-SAL-000253,7757218000102,"Sal de Maras Molida OLI21 Bolsa 1.25 kg",ABARROTES,SAL,,UNIDAD,Oli21,"1.25 kg",GRAVADO,0,0,0,,,,PRODUCTO,,0,,PLAZAVEA,https://www.plazavea.com.pe/sal-de-maras-molida-oli21-bolsa-1-25kg/p
ABA-SAL-000271,7757218000065,"Sal de Maras OLI21 Saborizante Con Ajo Frasco 135 g",ABARROTES,SAL,,UNIDAD,Oli21,"135 g",GRAVADO,0,0,0,,,,PRODUCTO,,0,,PLAZAVEA,https://www.plazavea.com.pe/sal-de-maras-oli21-saborizante-con-ajo-frasco-135g/p
ABA-SAL-000268,7757218000058,"Sal de Maras OLI21 Saborizante Con Mix Ajies Frasco 135 g",ABARROTES,SAL,,UNIDAD,Oli21,"135 g",GRAVADO,0,0,0,,,,PRODUCTO,,0,,PLAZAVEA,https://www.plazavea.com.pe/sal-de-maras-oli21-saborizante-con-mix-ajies-frasco-135g/p
ABA-SAL-000269,7757218000041,"Sal de Maras OLI21 Saborizante Con Orégano Frasco 115 g",ABARROTES,SAL,,UNIDAD,Oli21,"115 g",GRAVADO,0,0,0,,,,PRODUCTO,,0,,PLAZAVEA,https://www.plazavea.com.pe/sal-de-maras-oli21-saborizante-con-oregano-frasco-115g/p
ABA-SAL-000270,7757218000126,"Sal de Maras OLI21 Semigruesa Bolsa 1.25 kg",ABARROTES,SAL,,UNIDAD,Oli21,"1.25 kg",GRAVADO,0,0,0,,,,PRODUCTO,,0,,PLAZAVEA,https://www.plazavea.com.pe/sal-de-maras-oli21-semigruesa-bolsa-1-25kg/p
ABA-SAL-000276,7758590000025,"Sal de Maras ORI Bolsa 500 g",ABARROTES,SAL,,UNIDAD,Ori,"500 g",GRAVADO,0,0,0,,,,PRODUCTO,,0,,PLAZAVEA,https://www.plazavea.com.pe/sal-de-maras-ori-x-500g/p
ABA-SAL-000274,7758590000063,"Sal de Maras ORI Molinillo Frasco 200 g",ABARROTES,SAL,,UNIDAD,Ori,"200 g",GRAVADO,0,0,0,,,,PRODUCTO,,0,,PLAZAVEA,https://www.plazavea.com.pe/sal-de-maras-ori-molinillo-frasco-200g/p
ABA-SAL-000275,7758590000001,"Sal de Maras ORI Original Frasco 400 g",ABARROTES,SAL,,UNIDAD,Ori,"400 g",GRAVADO,0,0,0,,,,PRODUCTO,,0,,PLAZAVEA,https://www.plazavea.com.pe/sal-de-maras-ori-original-frasco-400g/p
ABA-SAL-000282,7756378000168,"Sal de Maras Onza Ají Panca Molinillo Frasco 80 g",ABARROTES,SAL,,UNIDAD,Onza,"80 g",GRAVADO,0,0,0,,,,PRODUCTO,,0,,PLAZAVEA,https://www.plazavea.com.pe/sal-de-maras-onza-aji-panca-molinillo-80g/p
ABA-SAL-000283,7756378000175,"Sal de Maras Onza Hierbas Mediterráneas Molinillo Frasco 50 g",ABARROTES,SAL,,UNIDAD,Onza,"50 g",GRAVADO,0,0,0,,,,PRODUCTO,,0,,PLAZAVEA,https://www.plazavea.com.pe/sal-de-maras-onza-hierbas-mediterraneas-molinillo-50g/p
ABA-SAL-000285,7803600981525,"Sal de Mesa Lobos Fina Frasco 500 g",ABARROTES,SAL,,UNIDAD,Lobos,"500 g",GRAVADO,0,0,0,,,,PRODUCTO,,0,,PLAZAVEA,https://www.plazavea.com.pe/sal-fina-de-mesa-lobos-frasco-500g/p
ABA-SAL-000428,,"Alkaline Care 2 Molinillos - Sal Rosada de Maras Gruesa 100 g C/u",ABARROTES,SAL,,UNIDAD,"Alkaline Care","100 g",GRAVADO,0,0,0,,,,PRODUCTO,,0,,PLAZAVEA,https://www.plazavea.com.pe/2-molinillos-sal-rosada-de-maras-gruesa-100gr-c-u-101594572/p
ABA-SAL-000427,,"Alkaline Care 2 Molinillos - Sal Rosada de Maras Gruesa 100 g Unid.",ABARROTES,SAL,,UNIDAD,"Alkaline Care","100 g",GRAVADO,0,0,0,,,,PRODUCTO,,0,,PLAZAVEA,https://www.plazavea.com.pe/2-molinillos-sal-rosada-de-maras-gruesa-100gr-unid-101750142/p
ABA-SAL-000410,,"Alkaline Care Sal Rosada de Maras 1 kg + 2 Molinillos Sal Gruesa 100 g",ABARROTES,SAL,,UNIDAD,"Alkaline Care","1 kg",GRAVADO,0,0,0,,,,PRODUCTO,,0,,PLAZAVEA,https://www.plazavea.com.pe/sal-rosada-de-maras-1kg-2-molinillos-sal-gruesa-100gr-101594591/p
ABA-SAL-000411,,"Alkaline Care Sal Rosada de Maras 2 kg + 1 Molinillo Sal Gruesa 100 g",ABARROTES,SAL,,UNIDAD,"Alkaline Care","2 kg",GRAVADO,0,0,0,,,,PRODUCTO,,0,,PLAZAVEA,https://www.plazavea.com.pe/sal-rosada-de-maras-2kg-1-molinillo-sal-gruesa-100gr-101594531/p
ABA-SAL-000265,,"Alkaline Care Sal Rosada de Maras 2 kg Finas Hierbas",ABARROTES,SAL,,UNIDAD,"Alkaline Care","2 kg",GRAVADO,0,0,0,,,,PRODUCTO,,0,,PLAZAVEA,https://www.plazavea.com.pe/sal-rosada-de-maras-2kg-finas-hierbas-101809899/p
ABA-SAL-000262,,"Alkaline Care Sal Rosada de Maras 3 kg Finas Hierbas",ABARROTES,SAL,,UNIDAD,"Alkaline Care","3 kg",GRAVADO,0,0,0,,,,PRODUCTO,,0,,PLAZAVEA,https://www.plazavea.com.pe/sal-rosada-de-maras-3kg-finas-hierbas-101810057/p
ABA-SAL-000299,,"Generico Pimienta Negra Entera (30 g)",ABARROTES,SAL,,UNIDAD,Generico,"30 g",GRAVADO,0,0,0,,,,PRODUCTO,,0,,PLAZAVEA,https://www.plazavea.com.pe/pimienta-negra-entera-30g-101143916/p
ABA-SAL-000298,,"Generico Sal de Maras Grano Fino (600 g)",ABARROTES,SAL,,UNIDAD,Generico,"600 g",GRAVADO,0,0,0,,,,PRODUCTO,,0,,PLAZAVEA,https://www.plazavea.com.pe/sal-de-maras-grano-fino-600g-101143917/p
ABA-SAL-000297,,"Generico Sal de Maras Grano Grueso (600 g)",ABARROTES,SAL,,UNIDAD,Generico,"600 g",GRAVADO,0,0,0,,,,PRODUCTO,,0,,PLAZAVEA,https://www.plazavea.com.pe/sal-de-maras-grano-grueso-600g-101143921/p
ABA-SAZ-000322,7752633000010,"Aderezo Cantones Perú Pride Bolsa 85 g",ABARROTES,"SALSAS Y SAZONADORES",,UNIDAD,"Peru Pride","85 g",GRAVADO,0,0,0,,,,PRODUCTO,,0,,PLAZAVEA,https://www.plazavea.com.pe/aderezo-cantones-peru-pride-bolsa-85g/p
ABA-SAZ-000301,7751761000015,"Aderezo Criollo 2 Banderas Bolsa 90 g",ABARROTES,"SALSAS Y SAZONADORES",,UNIDAD,"2 Banderas","90 g",GRAVADO,0,0,0,,,,PRODUCTO,,0,,PLAZAVEA,https://www.plazavea.com.pe/salsa-2-banderas-aderezo-criollo-bolsa-90gr/p
ABA-SAZ-000321,7752633000027,"Aderezo Especial Perú Pride Bolsa 90 g",ABARROTES,"SALSAS Y SAZONADORES",,UNIDAD,"Peru Pride","90 g",GRAVADO,0,0,0,,,,PRODUCTO,,0,,PLAZAVEA,https://www.plazavea.com.pe/aderezo-especial-peru-pride-bolsa-90g/p
ABA-SAZ-000299,7756139157360,"Aderezo Para Carne de Cerdo Piki Bolsa 100 g",ABARROTES,"SALSAS Y SAZONADORES",,UNIDAD,Piki,"100 g",GRAVADO,0,0,0,,,,PRODUCTO,,0,,PLAZAVEA,https://www.plazavea.com.pe/salsa-piki-aderezo-para-carne-de-cerdo-bolsa-100gr/p
ABA-SAZ-000276,7751761000190,"Aderezo Para Lechón 2 Banderas Empaque 300 g",ABARROTES,"SALSAS Y SAZONADORES",,UNIDAD,"2 Banderas","300 g",GRAVADO,0,0,0,,,,PRODUCTO,,0,,PLAZAVEA,https://www.plazavea.com.pe/salsa-2-banderas-aderezo-para-lechon-bolsa-300g/p
ABA-SAZ-000320,7752633000034,"Aderezo Para Pavo y Cerdo Perú Pride Bolsa 220 g",ABARROTES,"SALSAS Y SAZONADORES",,UNIDAD,"Peru Pride","220 g",GRAVADO,0,0,0,,,,PRODUCTO,,0,,PLAZAVEA,https://www.plazavea.com.pe/aderezo-para-pavo-y-cerdo-peru-pride-bolsa-220g/p
ABA-SAZ-000319,7752633000041,"Aderezo Parrillero Perú Pride Bolsa 400 g",ABARROTES,"SALSAS Y SAZONADORES",,UNIDAD,"Peru Pride","400 g",GRAVADO,0,0,0,,,,PRODUCTO,,0,,PLAZAVEA,https://www.plazavea.com.pe/aderezo-parrillero-peru-pride-bolsa-400g/p
ABA-SAZ-000298,7751761000022,"Aderezo Tipo Oriental 2 Banderas Con Soya y Especias Bolsa 85 g",ABARROTES,"SALSAS Y SAZONADORES",,UNIDAD,"2 Banderas","85 g",GRAVADO,0,0,0,,,,PRODUCTO,,0,,PLAZAVEA,https://www.plazavea.com.pe/salsa-2-banderas-tipo-oriental-con-soya-y-especias-bolsa-85gr/p
ABA-SAZ-000069,7804649670111,"Aderezo de Tomate Harmless Ketchup 352 g",ABARROTES,"SALSAS Y SAZONADORES",,UNIDAD,Harmless,"352 g",GRAVADO,0,0,0,,,,PRODUCTO,,0,,METRO,https://www.metro.pe/ketchup-original-harmless-x-390g/p
ABA-SAZ-000294,7750020147409,"Ají Amarillo Bell's Frasco 240 g",ABARROTES,"SALSAS Y SAZONADORES",,UNIDAD,Bell's,"240 g",GRAVADO,0,0,0,,,,PRODUCTO,,0,,PLAZAVEA,https://www.plazavea.com.pe/crema-bells-con-aji-amarillo-mostaza-y-aceite-vegetal-frasco-240gr/p
ABA-SAZ-000303,7750020158238,"Ají Huacatay Bell's Frasco 240 g",ABARROTES,"SALSAS Y SAZONADORES",,UNIDAD,Bell's,"240 g",GRAVADO,0,0,0,,,,PRODUCTO,,0,,PLAZAVEA,https://www.plazavea.com.pe/crema-bells-con-aji-amarillo-y-huacatay-frasco-240gr/p
ABA-SAZ-000168,8445291716506,"Caldo En Polvo Maggi Sabor A Carne Caja 42 g",ABARROTES,"SALSAS Y SAZONADORES",,UNIDAD,Maggi,"42 g",GRAVADO,0,0,0,,,,PRODUCTO,,0,,PLAZAVEA,https://www.plazavea.com.pe/caldo-en-polvo-maggi-sabor-a-carne-caja-42g/p
ABA-SAZ-000169,8445291710856,"Caldo En Polvo Maggi Sabor A Gallina Caja 42 g",ABARROTES,"SALSAS Y SAZONADORES",,UNIDAD,Maggi,"42 g",GRAVADO,0,0,0,,,,PRODUCTO,,0,,PLAZAVEA,https://www.plazavea.com.pe/caldo-en-polvo-maggi-sabor-a-gallina-caja-42g/p
ABA-SAZ-000136,7754487002080,"Caldo de Tocino Doña Gusta Concentrado En Polvo Sobre 7 g Caja 6 un",ABARROTES,"SALSAS Y SAZONADORES",,UNIDAD,"Doña Gusta","7 g",GRAVADO,0,0,0,,,,PRODUCTO,,0,,PLAZAVEA,https://www.plazavea.com.pe/caldo-de-tocino-dona-gusta-concentrado-en-polvo-sobre-7g-caja-6un/p
ABA-SAZ-000162,7754487000420,"Concentrado En Polvo Doña Gusta Caldo Sabor A Costilla de Res Caja 6 un",ABARROTES,"SALSAS Y SAZONADORES",,UNIDAD,"Doña Gusta","6 un",GRAVADO,0,0,0,,,,PRODUCTO,,0,,PLAZAVEA,https://www.plazavea.com.pe/concentrado-en-polvo-dona-gusta-caldo-sabor-a-costilla-de-res-caja-42gr/p
ABA-SAZ-000111,8005110200014,"Concentrado de Tomate Mutti Lata 210 g",ABARROTES,"SALSAS Y SAZONADORES",,UNIDAD,Mutti,"210 g",GRAVADO,0,0,0,,,,PRODUCTO,,0,,PLAZAVEA,https://www.plazavea.com.pe/concentrado-de-tomate-mutti-lata-210g/p
ABA-SAZ-000289,7750020159945,"Crema Bell's Rocoto Molido Frasco 240 g",ABARROTES,"SALSAS Y SAZONADORES",,UNIDAD,Bell's,"240 g",GRAVADO,0,0,0,,,,PRODUCTO,,0,,PLAZAVEA,https://www.plazavea.com.pe/crema-bells-rocoto-molido-frasco-240g/p
ABA-SAZ-000317,7758900000349,"Crema de Ají Ricasa Sachet 10 g Caja 250 un",ABARROTES,"SALSAS Y SAZONADORES",,UNIDAD,Ricasa,"10 g",GRAVADO,0,0,0,,,,PRODUCTO,,0,,PLAZAVEA,https://www.plazavea.com.pe/crema-de-aji-ricasa-sachet-10g-caja-250un/p
ABA-SAZ-000227,8433329076388,"Crema de Vinagre Balsámico EL Corte Inglés Botella 250 ml",ABARROTES,"SALSAS Y SAZONADORES",,UNIDAD,"El Corte Ingles","250 ml",GRAVADO,0,0,0,,,,PRODUCTO,,0,,PLAZAVEA,https://www.plazavea.com.pe/crema-de-vinagre-balsamico-el-corte-ingles-botella-250ml/p
ABA-SAZ-000105,8433329071000,"El Corte Ingles Tomate Frito EL Cortés Inglés Frasco 560 g",ABARROTES,"SALSAS Y SAZONADORES",,UNIDAD,"El Corte Ingles","560 g",GRAVADO,0,0,0,,,,PRODUCTO,,0,,PLAZAVEA,https://www.plazavea.com.pe/tomate-frito-el-cortes-ingles-frasco-560g/p
ABA-SAZ-000354,798190217819,"Honey Mustardÿamericanÿclassic 340 g Honey Mustard american classic 340 g",ABARROTES,"SALSAS Y SAZONADORES",,UNIDAD,"American Classic","340 g",GRAVADO,0,0,0,,,,PRODUCTO,,0,,METRO,https://www.metro.pe/honey-mustard-american-classic-340g-2-2/p
ABA-SAZ-000414,7750243003070,"Ketchup Alacena 100 g",ABARROTES,"SALSAS Y SAZONADORES",,UNIDAD,Alacena,"100 g",GRAVADO,0,0,0,,,,PRODUCTO,,0,,METRO,https://www.metro.pe/ketchup-alacena-100g-124378/p
ABA-SAZ-000337,7750243071406,"Ketchup Alacena 200 g",ABARROTES,"SALSAS Y SAZONADORES",,UNIDAD,Alacena,"200 g",GRAVADO,0,0,0,,,,PRODUCTO,,0,,METRO,https://www.metro.pe/ketchup-alacena-200g-964899/p
ABA-SAZ-000332,7750243043977,"Ketchup Alacena 380 g",ABARROTES,"SALSAS Y SAZONADORES",,UNIDAD,Alacena,"380 g",GRAVADO,0,0,0,,,,PRODUCTO,,0,,METRO,https://www.metro.pe/ketchup-alacena-380g-124379/p
ABA-SAZ-000329,7750243073424,"Ketchup Alacena 800 g",ABARROTES,"SALSAS Y SAZONADORES",,UNIDAD,Alacena,"800 g",GRAVADO,0,0,0,,,,PRODUCTO,,0,,METRO,https://www.metro.pe/ketchup-alacena-800g-986466/p
ABA-SAZ-000385,7750765006153,"Ketchup Casa Verde 380 g",ABARROTES,"SALSAS Y SAZONADORES",,UNIDAD,"Casa Verde","380 g",GRAVADO,0,0,0,,,,PRODUCTO,,0,,METRO,https://www.metro.pe/ketchup-casa-verde-380g-1028593/p
ABA-SAZ-000382,7750670020268,"Ketchup D'gussto 400 g",ABARROTES,"SALSAS Y SAZONADORES",,UNIDAD,Dgussto,"400 g",GRAVADO,0,0,0,,,,PRODUCTO,,0,,METRO,https://www.metro.pe/ketchup-dgussto-400g-1038148/p
ABA-SAZ-000533,7750477340057,"Ketchup Guajira Picante Frasco 330 g",ABARROTES,"SALSAS Y SAZONADORES",,UNIDAD,Guajira,"330 g",GRAVADO,0,0,0,,,,PRODUCTO,,0,,PLAZAVEA,https://www.plazavea.com.pe/ketchup-guajira-picante-frasco-330g/p
ABA-SAZ-000534,7750477340040,"Ketchup Guajira Tradicional Frasco 330 g",ABARROTES,"SALSAS Y SAZONADORES",,UNIDAD,Guajira,"330 g",GRAVADO,0,0,0,,,,PRODUCTO,,0,,PLAZAVEA,https://www.plazavea.com.pe/ketchup-guajira-tradicional-frasco-330g/p
ABA-SAZ-000513,7750477340064,"Ketchup Guajira Trufado Frasco 330 g",ABARROTES,"SALSAS Y SAZONADORES",,UNIDAD,Guajira,"330 g",GRAVADO,0,0,0,,,,PRODUCTO,,0,,PLAZAVEA,https://www.plazavea.com.pe/ketchup-guajira-trufado-frasco-330g/p
ABA-SAZ-000387,7794000006188,"Ketchup Hellmann's 250 g",ABARROTES,"SALSAS Y SAZONADORES",,UNIDAD,Hellmanns,"250 g",GRAVADO,0,0,0,,,,PRODUCTO,,0,,METRO,https://www.metro.pe/ketchup-hellmann-s-250g-1014486/p
ABA-SAZ-000352,7794000006164,"Ketchup Hellmann's 500 g",ABARROTES,"SALSAS Y SAZONADORES",,UNIDAD,"Hellmann S","500 g",GRAVADO,0,0,0,,,,PRODUCTO,,0,,METRO,https://www.metro.pe/ketchup-hellmann-s-500g-2/p
ABA-SAZ-000363,7752187001372,"Ketchup Libby's 190 g",ABARROTES,"SALSAS Y SAZONADORES",,UNIDAD,Libby's,"190 g",GRAVADO,0,0,0,,,,PRODUCTO,,0,,METRO,https://www.metro.pe/ketchup-libby-s-190g-733963/p
ABA-SAZ-000339,7752187001648,"Ketchup Libby's 380 g",ABARROTES,"SALSAS Y SAZONADORES",,UNIDAD,Libby's,"380 g",GRAVADO,0,0,0,,,,PRODUCTO,,0,,METRO,https://www.metro.pe/ketchup-libby-s-380g-793228/p
ABA-SAZ-000333,7750243087315,"Ketchup Sin Azúcares Añadidos Alacena 380 g",ABARROTES,"SALSAS Y SAZONADORES",,UNIDAD,Alacena,"380 g",GRAVADO,0,0,0,,,,PRODUCTO,,0,,METRO,https://www.metro.pe/ketchup-sin-az-cares-a-adidos-alacena-380g-1068998/p
ABA-SAZ-000397,798190217772,"Kétchup american classic 567 g",ABARROTES,"SALSAS Y SAZONADORES",,UNIDAD,"American Classic","567 g",GRAVADO,0,0,0,,,,PRODUCTO,,0,,METRO,https://www.metro.pe/k-tchup-american-classic-567g-975701-2/p
ABA-SAZ-000398,798190217789,"Kétchup american classic 907 g",ABARROTES,"SALSAS Y SAZONADORES",,UNIDAD,"American Classic","907 g",GRAVADO,0,0,0,,,,PRODUCTO,,0,,METRO,https://www.metro.pe/ketchup-american-classic-907g-2-2/p
ABA-SAZ-000379,7750441520058,"Mayonesa Acevichada Legovic Original 200 g",ABARROTES,"SALSAS Y SAZONADORES",,UNIDAD,Legovic,"200 g",GRAVADO,0,0,0,,,,PRODUCTO,,0,,METRO,https://www.metro.pe/mayonesa-acevichada-legovic-original-200g-1042865/p
ABA-SAZ-000562,7750441520003,"Mayonesa Acevichada Legovic Original Frasco 340 g",ABARROTES,"SALSAS Y SAZONADORES",,UNIDAD,Legovic,"340 g",GRAVADO,0,0,0,,,,PRODUCTO,,0,,PLAZAVEA,https://www.plazavea.com.pe/mayonesa-acevichada-legovic-original-frasco-340g/p
ABA-SAZ-000377,7750441520065,"Mayonesa Acevichada Legovic Picante 200 g",ABARROTES,"SALSAS Y SAZONADORES",,UNIDAD,Legovic,"200 g",GRAVADO,0,0,0,,,,PRODUCTO,,0,,METRO,https://www.metro.pe/mayonesa-acevichada-legovic-picante-200g-1042866/p
BEB-AGU-000114,7750670018104,"Agua Alcalina Sin Gas Cielo Botella 350 ml Paquete 15 un",BEBIDAS,AGUA,,UNIDAD,Cielo,"350 ml",GRAVADO,0,0,0,,,,PRODUCTO,,0,,PLAZAVEA,https://www.plazavea.com.pe/agua-alcalina-sin-gas-cielo-botella-350ml-paquete-15un/p
BEB-AGU-000078,8002270696831,"Agua Carbonatada Sanpellegrino Aranciata Rossa Lata 330 ml",BEBIDAS,AGUA,,UNIDAD,"San Pellegrino","330 ml",GRAVADO,0,0,0,,,,PRODUCTO,,0,,METRO,https://www.metro.pe/agua-carbonatada-sanpellegrino-aranciata-rossa-lata-330ml-497192001/p
BEB-AGU-000081,8002270986581,"Agua Carbonatada Sanpellegrino Clementina Lata 330 ml",BEBIDAS,AGUA,,UNIDAD,"San Pellegrino","330 ml",GRAVADO,0,0,0,,,,PRODUCTO,,0,,METRO,https://www.metro.pe/agua-carbonatada-sanpellegrino-clementina-lata-330ml-497192003/p
BEB-AGU-000077,8002270686825,"Agua Carbonatada Sanpellegrino Limonata Lata 330 ml",BEBIDAS,AGUA,,UNIDAD,"San Pellegrino","330 ml",GRAVADO,0,0,0,,,,PRODUCTO,,0,,METRO,https://www.metro.pe/agua-carbonatada-sanpellegrino-limonata-lata-330ml-394521/p
BEB-AGU-000055,8002270726828,"Agua Carbonatada Sanpellegrino Melograno Lata 330 ml",BEBIDAS,AGUA,,UNIDAD,"San Pellegrino","330 ml",GRAVADO,0,0,0,,,,PRODUCTO,,0,,METRO,https://www.metro.pe/agua-carbonatada-sanpellegrino-melograno-lata-330ml-497192004/p
BEB-AGU-000044,7750670015325,"Agua Cielo Alcalina Botella 650 ml",BEBIDAS,AGUA,,UNIDAD,Cielo,"650 ml",GRAVADO,0,0,0,,,,PRODUCTO,,0,,METRO,https://www.metro.pe/agua-cielo-alcalina-botella-650-ml-786716/p
BEB-AGU-000200,7750670020480,"Agua Cielo Sabor A Limón Botella 350 ml",BEBIDAS,AGUA,,UNIDAD,Cielo,"350 ml",GRAVADO,0,0,0,,,,PRODUCTO,,0,,PLAZAVEA,https://www.plazavea.com.pe/agua-cielo-sabor-a-limon-botella-350ml-20506311/p
BEB-AGU-000202,7750670020473,"Agua Cielo Sabor A Manzana Botella 350 ml",BEBIDAS,AGUA,,UNIDAD,Cielo,"350 ml",GRAVADO,0,0,0,,,,PRODUCTO,,0,,PLAZAVEA,https://www.plazavea.com.pe/agua-cielo-sabor-a-manzana-botella-350ml-20506314/p
BEB-AGU-000201,7750670020466,"Agua Cielo Sabor A Pera Botella 350 ml",BEBIDAS,AGUA,,UNIDAD,Cielo,"350 ml",GRAVADO,0,0,0,,,,PRODUCTO,,0,,PLAZAVEA,https://www.plazavea.com.pe/agua-cielo-sabor-a-pera-botella-350ml-20506312/p
BEB-AGU-000156,7759267000331,"Agua Con Gas Andea de Manantial Botella 600 ml",BEBIDAS,AGUA,,UNIDAD,Andea,"600 ml",GRAVADO,0,0,0,,,,PRODUCTO,,0,,PLAZAVEA,https://www.plazavea.com.pe/agua-con-gas-andea-de-manantial-botella-600ml/p
BEB-AGU-000040,7751731006771,"Agua Con Gas Loa Botella 625 ml",BEBIDAS,AGUA,,UNIDAD,Loa,"625 ml",GRAVADO,0,0,0,,,,PRODUCTO,,0,,METRO,https://www.metro.pe/agua-con-gas-loa-botella-625ml-1037071/p
BEB-AGU-000007,7753749002257,"Agua Con Gas Mineral San Mateo Botella 1.5 L",BEBIDAS,AGUA,,UNIDAD,"San Mateo","1.5 L",GRAVADO,0,0,0,,,,PRODUCTO,,0,,METRO,https://www.metro.pe/agua-con-gas-mineral-san-mateo-botella-1-5-l-470480/p
BEB-AGU-000341,7613032913342,"Agua Con Gas Perrier Gasificada Botella 750 ml",BEBIDAS,AGUA,,UNIDAD,Perrier,"750 ml",GRAVADO,0,0,0,,,,PRODUCTO,,0,,PLAZAVEA,https://www.plazavea.com.pe/agua-con-gas-perrier-gasificada-botella-750ml/p
BEB-AGU-000291,7750182008556,"Agua Con Gas SAN Luis Sabor A Manzana Botella 625 ml Paquete 6 un",BEBIDAS,AGUA,,UNIDAD,"San Luis","625 ml",GRAVADO,0,0,0,,,,PRODUCTO,,0,,PLAZAVEA,https://www.plazavea.com.pe/agua-con-gas-san-luis-sabor-a-manzana-botella-625ml-paquete-6un/p
BEB-AGU-000220,7750670021043,"Agua Gasificada Con Antioxidantes Cielo Limón Botella 1.72 L",BEBIDAS,AGUA,,UNIDAD,Cielo,"1.72 L",GRAVADO,0,0,0,,,,PRODUCTO,,0,,METRO,https://www.metro.pe/agua-gasificada-con-antioxidantes-cielo-lim-n-botella-1-72l-1049319002/p
BEB-AGU-000229,7750670021029,"Agua Gasificada Con Antioxidantes Cielo Manzana Botella 1.72 L",BEBIDAS,AGUA,,UNIDAD,Cielo,"1.72 L",GRAVADO,0,0,0,,,,PRODUCTO,,0,,METRO,https://www.metro.pe/agua-gasificada-con-antioxidantes-cielo-manzana-botella-1-72l-1049319001/p
BEB-AGU-000221,7750670020909,"Agua Gasificada Con Antioxidantes Cielo Sabor Limón Botella 600 ml",BEBIDAS,AGUA,,UNIDAD,Cielo,"600 ml",GRAVADO,0,0,0,,,,PRODUCTO,,0,,METRO,https://www.metro.pe/agua-gasificada-con-antioxidantes-cielo-sabor-lim-n-botella-600ml-1043408001/p
BEB-AGU-000353,7750670020893,"Agua Gasificada Con Antioxidantes Cielo Sabor Manzana Botella 600 ml",BEBIDAS,AGUA,,UNIDAD,Cielo,"600 ml",GRAVADO,0,0,0,,,,PRODUCTO,,0,,METRO,https://www.metro.pe/agua-gasificada-con-antioxidantes-cielo-sabor-manzana-botella-600ml-1043408002/p
BEB-AGU-000352,7750670020916,"Agua Gasificada Con Antioxidantes Cielo Sabor Maracuyá Botella 600 ml",BEBIDAS,AGUA,,UNIDAD,Cielo,"600 ml",GRAVADO,0,0,0,,,,PRODUCTO,,0,,METRO,https://www.metro.pe/agua-gasificada-con-antioxidantes-cielo-sabor-maracuy-botella-600ml-1043408003/p
BEB-AGU-000527,7759267000027,"Agua Mineral Andea Con Gas Botella 330 ml",BEBIDAS,AGUA,,UNIDAD,Andea,"330 ml",GRAVADO,0,0,0,,,,PRODUCTO,,0,,PLAZAVEA,https://www.plazavea.com.pe/agua-mineral-andea-con-gas-botella-330ml/p
BEB-AGU-000655,7759267000010,"Agua Mineral Andea Sin Gas Botella 330 ml",BEBIDAS,AGUA,,UNIDAD,Andea,"330 ml",GRAVADO,0,0,0,,,,PRODUCTO,,0,,PLAZAVEA,https://www.plazavea.com.pe/agua-mineral-andea-sin-gas-botella-330ml/p
BEB-AGU-000671,8002270049941,"Agua Mineral Con Gas SAN Pellegrino 500 ml Paquete 6 un",BEBIDAS,AGUA,,UNIDAD,"San Pellegrino","500 ml",GRAVADO,0,0,0,,,,PRODUCTO,,0,,PLAZAVEA,https://www.plazavea.com.pe/san-pellegrino-agua-miner-cgas-pk-6-bt-500ml/p
BEB-AGU-000596,7755224000307,"Agua Mineral Con Gas Socosani Botella 1.5 L",BEBIDAS,AGUA,,UNIDAD,Socosani,"1.5 L",GRAVADO,0,0,0,,,,PRODUCTO,,0,,METRO,https://www.metro.pe/agua-mineral-con-gas-socosani-botella-1-5-l-3789-2/p
BEB-AGU-000679,7755224000383,"Agua Mineral Con Gas Socosani Botella 355 ml",BEBIDAS,AGUA,,UNIDAD,Socosani,"355 ml",GRAVADO,0,0,0,,,,PRODUCTO,,0,,PLAZAVEA,https://www.plazavea.com.pe/agua-mineral-con-gas-socosani-botella-355ml/p
BEB-AGU-000595,7755224000284,"Agua Mineral Con Gas Socosani Botella 500 ml",BEBIDAS,AGUA,,UNIDAD,Socosani,"500 ml",GRAVADO,0,0,0,,,,PRODUCTO,,0,,METRO,https://www.metro.pe/agua-mineral-con-gas-socosani-botella-500-ml-50100001/p
BEB-AGU-000641,7755224000673,"Agua Mineral Con Gas Socosani Botella 500 ml Paquete 6 un",BEBIDAS,AGUA,,UNIDAD,Socosani,"500 ml",GRAVADO,0,0,0,,,,PRODUCTO,,0,,PLAZAVEA,https://www.plazavea.com.pe/agua-mineral-con-gas-socosani-botella-500ml-paquete-6un/p
BEB-AGU-000681,3068320111919,"Agua Mineral Evian Sin Gas Botella 1.5 L",BEBIDAS,AGUA,,UNIDAD,Evian,"1.5 L",GRAVADO,0,0,0,,,,PRODUCTO,,0,,PLAZAVEA,https://www.plazavea.com.pe/agua-mineral-evian-sin-gas-botella-1-5l/p
BEB-AGU-000590,8002270146534,"Agua Mineral Natural Con Gas San Pellegrino Botella 500 ml",BEBIDAS,AGUA,,UNIDAD,"San Pellegrino","500 ml",GRAVADO,0,0,0,,,,PRODUCTO,,0,,METRO,https://www.metro.pe/agua-mineral-con-gas-san-pellegrino-botella-500-ml-222724/p
BEB-AGU-000598,8002270000188,"Agua Mineral Natural Con Gas San Pellegrino Botella 750 ml",BEBIDAS,AGUA,,UNIDAD,"San Pellegrino","750 ml",GRAVADO,0,0,0,,,,PRODUCTO,,0,,METRO,https://www.metro.pe/agua-con-gas-mineral-san-pellegrino-botella-750-ml-376580/p
BEB-AGU-000703,3179730012564,"Agua Mineral Perrier Con Gas Paquete 4 un Botella 330 ml",BEBIDAS,AGUA,,UNIDAD,Perrier,"4 un",GRAVADO,0,0,0,,,,PRODUCTO,,0,,PLAZAVEA,https://www.plazavea.com.pe/agua-mineral-perrier-con-gas-paquete-4un-botella-330ml/p
BEB-AGU-000675,8002270015991,"Agua Mineral SAN Pellegrino Con Gas Botella 250 ml",BEBIDAS,AGUA,,UNIDAD,"San Pellegrino","250 ml",GRAVADO,0,0,0,,,,PRODUCTO,,0,,PLAZAVEA,https://www.plazavea.com.pe/agua-mineral-san-pellegrino-con-gas-botella-250ml/p
BEB-AGU-000677,7755224000369,"Agua Mineral Socosani Pera Botella 500 ml",BEBIDAS,AGUA,,UNIDAD,Socosani,"500 ml",GRAVADO,0,0,0,,,,PRODUCTO,,0,,PLAZAVEA,https://www.plazavea.com.pe/agua-mineral-socosani-pera-botella-500ml/p
BEB-AGU-000540,7750670313537,"Agua Natural Sin Gas Cielo Botella 2.5 L",BEBIDAS,AGUA,,UNIDAD,Cielo,"2.5 L",GRAVADO,0,0,0,,,,PRODUCTO,,0,,METRO,https://www.metro.pe/agua-natural-sin-gas-cielo-botella-2-5l-113738002/p
BEB-AGU-000696,8002270576560,"Agua SAN Pellegrino Pompelmo Lata 330 ml",BEBIDAS,AGUA,,UNIDAD,"San Pellegrino","330 ml",GRAVADO,0,0,0,,,,PRODUCTO,,0,,PLAZAVEA,https://www.plazavea.com.pe/agua-san-pellegrino-pompelmo-lata-330ml/p
BEB-AGU-000669,5010102245365,"Agua Saborizada Con Gas London Essence Pink Soda Lata 150 ml Paquete 6 un",BEBIDAS,AGUA,,UNIDAD,"London Essence","150 ml",GRAVADO,0,0,0,,,,PRODUCTO,,0,,PLAZAVEA,https://www.plazavea.com.pe/agua-saborizada-con-gas-london-essence-pink-soda-lata-150ml-paquete-6un-20465050/p
BEB-AGU-000668,749874338986,"Agua Saborizada MR Perkins Beer Lata 180 ml Paquete 4 un",BEBIDAS,AGUA,,UNIDAD,"Mr Perkins","180 ml",GRAVADO,0,0,0,,,,PRODUCTO,,0,,PLAZAVEA,https://www.plazavea.com.pe/agua-saborizada-mr-perkins-beer-lata-180ml-paquete-4un/p
BEB-AGU-000616,7750670015387,"Agua Sin Gas Cielo Alcalina Botella 650 ml Paquete 6 un",BEBIDAS,AGUA,,UNIDAD,Cielo,"650 ml",GRAVADO,0,0,0,,,,PRODUCTO,,0,,PLAZAVEA,https://www.plazavea.com.pe/agua-sin-gas-cielo-alcalina-botella-650ml-paquete-6un/p
BEB-AGU-000531,7750670000734,"Agua Sin Gas Cielo Bidón 7 L",BEBIDAS,AGUA,,UNIDAD,Cielo,"7 L",GRAVADO,0,0,0,,,,PRODUCTO,,0,,METRO,https://www.metro.pe/agua-sin-gas-cielo-bidon-7-l-286135/p
BEB-AGU-000541,7750670009041,"Agua Sin Gas Cielo Botella 1 L",BEBIDAS,AGUA,,UNIDAD,Cielo,"1 L",GRAVADO,0,0,0,,,,PRODUCTO,,0,,METRO,https://www.metro.pe/agua-sin-gas-cielo-botella-deportiva-1-l-373642/p
BEB-AGU-000604,7750670008105,"Agua Sin Gas Cielo Botella 2.5 L Paquete 6 un",BEBIDAS,AGUA,,UNIDAD,Cielo,"2.5 L",GRAVADO,0,0,0,,,,PRODUCTO,,0,,PLAZAVEA,https://www.plazavea.com.pe/agua-sin-gas-cielo-botella-2-5l-paquete-6un/p
BEB-DEP-000038,7502268547127,"Bebida Con Electrolitos Electrolife Fresa Botella 625 ml",BEBIDAS,"BEBIDAS DEPORTIVAS",,UNIDAD,Electrolife,"625 ml",GRAVADO,0,0,1,,,,PRODUCTO,,0,,METRO,https://www.metro.pe/bebida-con-electrolitos-electrolife-fresa-botella-625ml-998007/p
BEB-DEP-000035,7502268547011,"Bebida Con Electrolitos Electrolife Fresa Kiwi Botella 625 ml",BEBIDAS,"BEBIDAS DEPORTIVAS",,UNIDAD,Electrolife,"625 ml",GRAVADO,0,0,1,,,,PRODUCTO,,0,,METRO,https://www.metro.pe/bebida-con-electrolitos-electrolife-fresa-kiwi-botella-625ml-998010/p
BEB-DEP-000031,7502316490924,"Bebida Con Electrolitos Electrolife Maracuyá Botella 625 ml",BEBIDAS,"BEBIDAS DEPORTIVAS",,UNIDAD,Electrolife,"625 ml",GRAVADO,0,0,1,,,,PRODUCTO,,0,,METRO,https://www.metro.pe/bebida-con-electrolitos-electrolife-maracuya-botella-625ml-1029878/p
BEB-DEP-000037,7502268546991,"Bebida Con Electrolitos Electrolife Naranja Mandarina Botella 625 ml",BEBIDAS,"BEBIDAS DEPORTIVAS",,UNIDAD,Electrolife,"625 ml",GRAVADO,0,0,1,,,,PRODUCTO,,0,,METRO,https://www.metro.pe/bebida-con-electrolitos-electrolife-naranja-mandarina-botella-625ml-998008/p
BEB-DEP-000028,7502316492102,"Bebida Con Electrolitos Electrolife Ponche de Frutas Botella 625 ml",BEBIDAS,"BEBIDAS DEPORTIVAS",,UNIDAD,Electrolife,"625 ml",GRAVADO,0,0,1,,,,PRODUCTO,,0,,METRO,https://www.metro.pe/bebida-con-electrolitos-electrolife-ponche-de-frutas-botella-625ml-1037321/p
BEB-DEP-000036,7502268547004,"Bebida Con Electrolitos Electrolife Uva Botella 625 ml",BEBIDAS,"BEBIDAS DEPORTIVAS",,UNIDAD,Electrolife,"625 ml",GRAVADO,0,0,1,,,,PRODUCTO,,0,,METRO,https://www.metro.pe/bebida-con-electrolitos-electrolife-uva-botella-625ml-998009/p
BEB-DEP-000003,7750182008761,"Bebida Con Gas San Luis Sabor Arándano Botella 625 ml",BEBIDAS,"BEBIDAS DEPORTIVAS",,UNIDAD,"San Luis","625 ml",GRAVADO,0,0,1,,,,PRODUCTO,,0,,METRO,https://www.metro.pe/bebida-con-gas-san-luis-sabor-ar-ndano-botella-625ml-998023003/p
BEB-DEP-000024,7750481750033,"Bebida Gasificada Life SOS Antienvejecimiento Lata 355 ml",BEBIDAS,"BEBIDAS DEPORTIVAS",,UNIDAD,"Life Sos","355 ml",GRAVADO,0,0,1,,,,PRODUCTO,,0,,METRO,https://www.metro.pe/bebida-gasificada-life-sos-antienvejecimiento-lata-355ml-1056210/p
BEB-DEP-000018,7502316492096,"Bebida Hidratante Electrolife Manzana Verde Botella 625 ml",BEBIDAS,"BEBIDAS DEPORTIVAS",,UNIDAD,Electrolife,"625 ml",GRAVADO,0,0,1,,,,PRODUCTO,,0,,METRO,https://www.metro.pe/bebida-hidratante-electrolife-manzana-verde-botella-625ml-1051642/p
BEB-DEP-000026,7750182008808,"Bebida Hidratante Powerade Ion4 Mora Botella 1 L",BEBIDAS,"BEBIDAS DEPORTIVAS",,UNIDAD,Powerade,"1 L",GRAVADO,0,0,1,,,,PRODUCTO,,0,,METRO,https://www.metro.pe/bebida-hidratante-powerade-ion4-mora-botella-1l-736691002/p
BEB-DEP-000008,7750670020503,"Bebida Rehidratante Dilyte Blueberry Botella 650 ml",BEBIDAS,"BEBIDAS DEPORTIVAS",,UNIDAD,Dilyte,"650 ml",GRAVADO,0,0,1,,,,PRODUCTO,,0,,METRO,https://www.metro.pe/bebida-rehidratante-dilyte-blueberry-botella-650ml-1029877001/p
BEB-DEP-000007,7750670020510,"Bebida Rehidratante Dilyte Fresa Kiwi Botella 650 ml",BEBIDAS,"BEBIDAS DEPORTIVAS",,UNIDAD,Dilyte,"650 ml",GRAVADO,0,0,1,,,,PRODUCTO,,0,,METRO,https://www.metro.pe/bebida-rehidratante-dilyte-fresa-kiwi-botella-650ml-1029877003/p
BEB-DEP-000030,7750670020497,"Bebida Rehidratante Dilyte Manzana Botella 650 ml",BEBIDAS,"BEBIDAS DEPORTIVAS",,UNIDAD,Dilyte,"650 ml",GRAVADO,0,0,1,,,,PRODUCTO,,0,,METRO,https://www.metro.pe/bebida-rehidratante-dilyte-manzana-botella-650ml-1029877002/p
BEB-DEP-000002,7750670020992,"Bebida Rehidratante Dilyte Sin Azúcar Apple Ice Botella 650 ml",BEBIDAS,"BEBIDAS DEPORTIVAS",,UNIDAD,Dilyte,"650 ml",GRAVADO,0,0,1,,,,PRODUCTO,,0,,METRO,https://www.metro.pe/bebida-rehidratante-dilyte-sin-azucar-apple-ice-botella-650ml-1066100001/p
BEB-DEP-000001,7750670021005,"Bebida Rehidratante Dilyte Sin Azúcar Naranja Mandarina Botella 650 ml",BEBIDAS,"BEBIDAS DEPORTIVAS",,UNIDAD,Dilyte,"650 ml",GRAVADO,0,0,1,,,,PRODUCTO,,0,,METRO,https://www.metro.pe/bebida-rehidratante-dilyte-sin-az-car-naranja-mandarina-botella-650ml-1066100002/p
BEB-DEP-000074,7750670022033,"Bebida Rehidratante Dilyte Surtido Botella 650 ml Paquete 4 un",BEBIDAS,"BEBIDAS DEPORTIVAS",,UNIDAD,Dilyte,"650 ml",GRAVADO,0,0,1,,,,PRODUCTO,,0,,PLAZAVEA,https://www.plazavea.com.pe/bebida-rehidratante-dilyte-surtido-botella-650ml-paquete-4un-20652361/p
BEB-DEP-000006,7750670021012,"Bebida Rehidratante Dilyte Uva Botella 650 ml",BEBIDAS,"BEBIDAS DEPORTIVAS",,UNIDAD,Dilyte,"650 ml",GRAVADO,0,0,1,,,,PRODUCTO,,0,,METRO,https://www.metro.pe/bebida-rehidratante-dilyte-uva-botella-650ml-1066100003/p
BEB-DEP-000049,7759307015264,"Bebida Rehidratante Electrolight Fresa Botella 473 ml",BEBIDAS,"BEBIDAS DEPORTIVAS",,UNIDAD,Electrolight,"473 ml",GRAVADO,0,0,1,,,,PRODUCTO,,0,,METRO,https://www.metro.pe/bebida-rehidratante-electrolight-fresa-botella-473-ml/p
BEB-DEP-000100,7759307005197,"Bebida Rehidratante Electrolight Fresa Botella 475 ml",BEBIDAS,"BEBIDAS DEPORTIVAS",,UNIDAD,Electrolight,"475 ml",GRAVADO,0,0,1,,,,PRODUCTO,,0,,PLAZAVEA,https://www.plazavea.com.pe/bebida-rehidratante-electrolight-fresa-botella-475ml/p
BEB-DEP-000150,7759307011723,"Bebida Rehidratante Electrolight Fresa, Mora y Manzana Botella 475 ml Paquete 6 un",BEBIDAS,"BEBIDAS DEPORTIVAS",,UNIDAD,Electrolight,"475 ml",GRAVADO,0,0,1,,,,PRODUCTO,,0,,PLAZAVEA,https://www.plazavea.com.pe/bebida-rehidratante-electrolight-fresa-mora-y-manzana-botella-475ml-paquete-6un/p
BEB-DEP-000181,7759307015349,"Bebida Rehidratante Electrolight Granadilla Botella 475 ml",BEBIDAS,"BEBIDAS DEPORTIVAS",,UNIDAD,Electrolight,"475 ml",GRAVADO,0,0,1,,,,PRODUCTO,,0,,METRO,https://www.metro.pe/bebida-rehidratante-electrolight-granadilla-botella-475-ml/p
BEB-DEP-000239,7759307011563,"Bebida Rehidratante Electrolight Manzana Botella 475 ml",BEBIDAS,"BEBIDAS DEPORTIVAS",,UNIDAD,Electrolight,"475 ml",GRAVADO,0,0,1,,,,PRODUCTO,,0,,PLAZAVEA,https://www.plazavea.com.pe/bebida-rehidratante-electrolight-manzana-botella-475ml/p
BEB-DEP-000231,7759307005234,"Bebida Rehidratante Electrolight Naranja Botella 475 ml",BEBIDAS,"BEBIDAS DEPORTIVAS",,UNIDAD,Electrolight,"475 ml",GRAVADO,0,0,1,,,,PRODUCTO,,0,,PLAZAVEA,https://www.plazavea.com.pe/bebida-rehidratante-electrolight-naranja-botella-475ml/p
BEB-DEP-000230,7759307005210,"Bebida Rehidratante Electrolight Piña Botella 475 ml",BEBIDAS,"BEBIDAS DEPORTIVAS",,UNIDAD,Electrolight,"475 ml",GRAVADO,0,0,1,,,,PRODUCTO,,0,,PLAZAVEA,https://www.plazavea.com.pe/bebida-rehidratante-electrolight-pina-botella-475ml/p
BEB-DEP-000171,7750182008945,"Bebida Rehidratante Flashlyte Fresa Botella 625 ml",BEBIDAS,"BEBIDAS DEPORTIVAS",,UNIDAD,Flashlyte,"625 ml",GRAVADO,0,0,1,,,,PRODUCTO,,0,,METRO,https://www.metro.pe/bebida-rehidratante-flashlyte-fresa-botella-625ml-1028257002/p
BEB-DEP-000167,7750182008969,"Bebida Rehidratante Flashlyte Sandía Botella 625 ml",BEBIDAS,"BEBIDAS DEPORTIVAS",,UNIDAD,Flashlyte,"625 ml",GRAVADO,0,0,1,,,,PRODUCTO,,0,,METRO,https://www.metro.pe/bebida-rehidratante-flashlyte-sand-a-botella-625ml-1028257003/p
BEB-DEP-000172,7750182008952,"Bebida Rehidratante Flashlyte Uva Botella 625 ml",BEBIDAS,"BEBIDAS DEPORTIVAS",,UNIDAD,Flashlyte,"625 ml",GRAVADO,0,0,1,,,,PRODUCTO,,0,,METRO,https://www.metro.pe/bebida-rehidratante-flashlyte-uva-botella-625ml-1028257001/p
BEB-DEP-000158,7751655001388,"Bebida Rehidratante Gatorade Apple Ice Botella 750 ml",BEBIDAS,"BEBIDAS DEPORTIVAS",,UNIDAD,Gatorade,"750 ml",GRAVADO,0,0,1,,,,PRODUCTO,,0,,METRO,https://www.metro.pe/bebida-rehidratante-gatorade-apple-ice-botella-750ml/p
BEB-DEP-000184,7751655000633,"Bebida Rehidratante Gatorade Cool Blue Botella 500 ml",BEBIDAS,"BEBIDAS DEPORTIVAS",,UNIDAD,Gatorade,"500 ml",GRAVADO,0,0,1,,,,PRODUCTO,,0,,METRO,https://www.metro.pe/bebida-rehidratante-gatorade-cool-blue-botella-500ml/p
BEB-DEP-000152,7751655001333,"Bebida Rehidratante Gatorade Mandarina Botella 500 ml",BEBIDAS,"BEBIDAS DEPORTIVAS",,UNIDAD,Gatorade,"500 ml",GRAVADO,0,0,1,,,,PRODUCTO,,0,,METRO,https://www.metro.pe/bebida-rehidratante-gatorade-mandarina-botella-500ml-524346/p
BEB-DEP-000163,7751655000664,"Bebida Rehidratante Gatorade Mandarina Botella 750 ml",BEBIDAS,"BEBIDAS DEPORTIVAS",,UNIDAD,Gatorade,"750 ml",GRAVADO,0,0,1,,,,PRODUCTO,,0,,METRO,https://www.metro.pe/bebida-rehidratante-gatorade-mandarina-botella-750ml/p
BEB-DEP-000164,7401005917189,"Bebida Rehidratante Gatorade Maracuyá Botella 500 ml",BEBIDAS,"BEBIDAS DEPORTIVAS",,UNIDAD,Gatorade,"500 ml",GRAVADO,0,0,1,,,,PRODUCTO,,0,,METRO,https://www.metro.pe/bebida-rehidratante-gatorade-maracuy-botella-500ml-1067480/p
BEB-DEP-000293,7751655001395,"Bebida Rehidratante Gatorade Tropical Botella 1 L",BEBIDAS,"BEBIDAS DEPORTIVAS",,UNIDAD,Gatorade,,GRAVADO,0,0,1,,,,PRODUCTO,,0,,METRO,https://www.metro.pe/bebida-rehidratante-gatorade-tropical-botella-1-litro/p
BEB-DEP-000159,7751655001326,"Bebida Rehidratante Gatorade Tropical Botella 500 ml",BEBIDAS,"BEBIDAS DEPORTIVAS",,UNIDAD,Gatorade,"500 ml",GRAVADO,0,0,1,,,,PRODUCTO,,0,,METRO,https://www.metro.pe/bebida-rehidratante-gatorade-tropical-botella-500ml/p
BEB-DEP-000183,7751655001364,"Bebida Rehidratante Gatorade Tropical Botella 750 ml",BEBIDAS,"BEBIDAS DEPORTIVAS",,UNIDAD,Gatorade,"750 ml",GRAVADO,0,0,1,,,,PRODUCTO,,0,,METRO,https://www.metro.pe/bebida-rehidratante-gatorade-tropical-botella-750ml/p
BEB-DEP-000190,7401018216309,"Bebida Rehidratante Gatorade Tropical Paquete 12 un Botella 500 ml",BEBIDAS,"BEBIDAS DEPORTIVAS",,UNIDAD,Gatorade,"12 un",GRAVADO,0,0,1,,,,PRODUCTO,,0,,PLAZAVEA,https://www.plazavea.com.pe/bebida-rehidratante-gatorade-tropical-paquete-12un-botella-500ml/p
BEB-DEP-000154,7751655001487,"Bebida Rehidratante Gatorlit Recover Fresa Kiwi Botella 591 ml",BEBIDAS,"BEBIDAS DEPORTIVAS",,UNIDAD,Gatorlit,"591 ml",GRAVADO,0,0,1,,,,PRODUCTO,,0,,METRO,https://www.metro.pe/bebida-rehidratante-gatorlit-recover-fresa-kiwi-botella-591ml-1020628001/p
BEB-DEP-000153,7751655001494,"Bebida Rehidratante Gatorlit Recover Naranja Botella 591 ml",BEBIDAS,"BEBIDAS DEPORTIVAS",,UNIDAD,Gatorlit,"591 ml",GRAVADO,0,0,1,,,,PRODUCTO,,0,,METRO,https://www.metro.pe/bebida-rehidratante-gatorlit-recover-naranja-botella-591ml-1020628003/p
BEB-DEP-000162,7751655001470,"Bebida Rehidratante Gatorlit Recover Uva Botella 591 ml",BEBIDAS,"BEBIDAS DEPORTIVAS",,UNIDAD,Gatorlit,"591 ml",GRAVADO,0,0,1,,,,PRODUCTO,,0,,METRO,https://www.metro.pe/bebida-rehidratante-gatorlit-recover-uva-botella-591ml-1020628002/p
BEB-DEP-000214,7754419002331,"Bebida Rehidratante Life SOS Recovery Lata 355 ml",BEBIDAS,"BEBIDAS DEPORTIVAS",,UNIDAD,"Life Sos","355 ml",GRAVADO,0,0,1,,,,PRODUCTO,,0,,PLAZAVEA,https://www.plazavea.com.pe/bebida-rehidratante-life-sos-recovery-lata-355ml/p
BEB-ENE-000048,7751731006559,"Bebida Energizante 360 Gamer Botella 300 ml",BEBIDAS,ENERGIZANTES,,UNIDAD,360,"300 ml",GRAVADO,0,0,1,,,,PRODUCTO,,0,,PLAZAVEA,https://www.plazavea.com.pe/bebida-energizante-360-gamer-botella-300ml/p
BEB-ENE-000047,7751731006467,"Bebida Energizante 360 Maracuyá Botella 300 ml",BEBIDAS,ENERGIZANTES,,UNIDAD,360,"300 ml",GRAVADO,0,0,1,,,,PRODUCTO,,0,,PLAZAVEA,https://www.plazavea.com.pe/bebida-energizante-360-maracuya-botella-300ml/p
BEB-ENE-000022,9002490100490,"Bebida Energizante RED Bull Lata 250 ml Paquete 4 un",BEBIDAS,ENERGIZANTES,,UNIDAD,"Red Bull","250 ml",GRAVADO,0,0,1,,,,PRODUCTO,,0,,PLAZAVEA,https://www.plazavea.com.pe/bebida-energizante-red-bull-paquete-4un-lata-250ml/p
BEB-ENE-000057,9002490200381,"Bebida Energizante RED Bull Sugarfree Lata 250 ml Paquete 4 un",BEBIDAS,ENERGIZANTES,,UNIDAD,"Red Bull","250 ml",GRAVADO,0,0,1,,,,PRODUCTO,,0,,PLAZAVEA,https://www.plazavea.com.pe/bebida-energizante-red-bull-sugarfree-paquete-4un-lata-250ml/p
BEB-ENE-000020,9002490232627,"Bebida Energizante Red Bull Lata 250 ml",BEBIDAS,ENERGIZANTES,,UNIDAD,"Red Bull","250 ml",GRAVADO,0,0,1,,,,PRODUCTO,,0,,METRO,https://www.metro.pe/bebida-energizante-red-bull-lata-250-ml/p
BEB-ENE-000017,9002490223076,"Bebida Energizante Red Bull Lata 355 ml",BEBIDAS,ENERGIZANTES,,UNIDAD,"Red Bull","355 ml",GRAVADO,0,0,1,,,,PRODUCTO,,0,,METRO,https://www.metro.pe/bebida-energizante-red-bull-lata-355-ml/p
BEB-ENE-000019,9002490206710,"Bebida Energizante Red Bull Sugar Free Lata 250 ml",BEBIDAS,ENERGIZANTES,,UNIDAD,"Red Bull","250 ml",GRAVADO,0,0,1,,,,PRODUCTO,,0,,METRO,https://www.metro.pe/bebida-energizante-red-bull-sugar-free-lata-250-ml/p
BEB-ENE-000007,9002490271725,"Bebida Energizante Redbull The Green Edition Lata 250 ml",BEBIDAS,ENERGIZANTES,,UNIDAD,"Red Bull","250 ml",GRAVADO,0,0,1,,,,PRODUCTO,,0,,METRO,https://www.metro.pe/bebida-energizante-redbull-the-green-edition-lata-250ml-1013827/p
BEB-ENE-000010,9002490266325,"Bebida Energizante Redbull The Red Edition Lata 250 ml",BEBIDAS,ENERGIZANTES,,UNIDAD,"Red Bull","250 ml",GRAVADO,0,0,1,,,,PRODUCTO,,0,,METRO,https://www.metro.pe/bebida-energizante-redbull-the-red-edition-lata-250ml/p
BEB-ENE-000051,7750670016926,"Bebida Energizante Sin Azúcar Volt Botella 300 ml",BEBIDAS,ENERGIZANTES,,UNIDAD,Volt,"300 ml",GRAVADO,0,0,1,,,,PRODUCTO,,0,,PLAZAVEA,https://www.plazavea.com.pe/bebida-energizante-sin-azucar-volt-botella-300ml/p
BEB-ENE-000002,7750670021661,"Bebida Energizante Volt 300 ml",BEBIDAS,ENERGIZANTES,,UNIDAD,Volt,"300 ml",GRAVADO,0,0,1,,,,PRODUCTO,,0,,METRO,https://www.metro.pe/bebida-energizante-volt-300ml/p
BEB-ENE-000045,7750670020749,"Bebida Energizante Volt Blue Maca Lata 473 ml",BEBIDAS,ENERGIZANTES,,UNIDAD,Volt,"473 ml",GRAVADO,0,0,1,,,,PRODUCTO,,0,,PLAZAVEA,https://www.plazavea.com.pe/bebida-energizante-volt-blue-maca-lata-473ml/p
BEB-ENE-000025,7750670021678,"Bebida Energizante Volt Blueberry Lata 473 ml",BEBIDAS,ENERGIZANTES,,UNIDAD,Volt,"473 ml",GRAVADO,0,0,1,,,,PRODUCTO,,0,,PLAZAVEA,https://www.plazavea.com.pe/bebida-energizante-volt-blueberry-lata-473ml-20638621/p
BEB-ENE-000093,7750670014960,"Bebida Energizante Volt Colágeno y Aloe Vera Botella 300 ml",BEBIDAS,ENERGIZANTES,,UNIDAD,Volt,"300 ml",GRAVADO,0,0,1,,,,PRODUCTO,,0,,PLAZAVEA,https://www.plazavea.com.pe/bebida-energizante-volt-colageno-y-aloe-vera-botella-300ml/p
BEB-ENE-000090,7750670016896,"Bebida Energizante Volt Dark Botella 300 ml",BEBIDAS,ENERGIZANTES,,UNIDAD,Volt,"300 ml",GRAVADO,0,0,1,,,,PRODUCTO,,0,,PLAZAVEA,https://www.plazavea.com.pe/bebida-energizante-volt-dark-botella-300ml/p
BEB-ENE-000059,7750670020886,"Bebida Energizante Volt Energy Fans Citrus Lata 473 ml",BEBIDAS,ENERGIZANTES,,UNIDAD,Volt,"473 ml",GRAVADO,0,0,1,,,,PRODUCTO,,0,,METRO,https://www.metro.pe/bebida-energizante-volt-energy-fans-citrus-lata-473ml-987579004/p
BEB-ENE-000061,7750670019279,"Bebida Energizante Volt Gamer Ponche de Frutas Lata 473 ml Energizante Volt Lata 473 ml , Gamer",BEBIDAS,ENERGIZANTES,,UNIDAD,Volt,"473 ml",GRAVADO,0,0,1,,,,PRODUCTO,,0,,METRO,https://www.metro.pe/bebida-energizante-volt-gamer-ponche-de-frutas-lata-473ml-987579003/p
BEB-ENE-000078,7750670016063,"Bebida Energizante Volt Ginseng Lata 355 ml",BEBIDAS,ENERGIZANTES,,UNIDAD,Volt,"355 ml",GRAVADO,0,0,1,,,,PRODUCTO,,0,,PLAZAVEA,https://www.plazavea.com.pe/bebida-energizante-volt-ginseng-lata-355ml/p
BEB-ENE-000097,7750670021654,"Bebida Energizante Volt Ginseng Lata 473 ml",BEBIDAS,ENERGIZANTES,,UNIDAD,Volt,"473 ml",GRAVADO,0,0,1,,,,PRODUCTO,,0,,METRO,https://www.metro.pe/bebida-energizante-volt-ginseng-lata-473ml-987579001/p
BEB-ENE-000118,7750670012300,"Bebida Energizante Volt Lata 473 ml",BEBIDAS,ENERGIZANTES,,UNIDAD,Volt,"473 ml",GRAVADO,0,0,1,,,,PRODUCTO,,0,,PLAZAVEA,https://www.plazavea.com.pe/bebida-energizante-volt-lata-473ml/p
BEB-ENE-000128,7750670013154,"Bebida Energizante Volt Maca Botella 300 ml",BEBIDAS,ENERGIZANTES,,UNIDAD,Volt,"300 ml",GRAVADO,0,0,1,,,,PRODUCTO,,0,,METRO,https://www.metro.pe/bebida-energizante-volt-maca-botella-300-ml/p
BEB-ENE-000138,7750670020657,"Bebida Energizante Volt Sabor Pink y Uva Sin Azúcar Lata 473 ml",BEBIDAS,ENERGIZANTES,,UNIDAD,Volt,"473 ml",GRAVADO,0,0,1,,,,PRODUCTO,,0,,PLAZAVEA,https://www.plazavea.com.pe/bebida-energizante-volt-sabor-pink-y-uva-sin-azucar-lata-473ml/p
BEB-ENE-000150,7750670020640,"Bebida Energizante Volt Sin Azúcar Lata 473 ml",BEBIDAS,ENERGIZANTES,,UNIDAD,Volt,"473 ml",GRAVADO,0,0,1,,,,PRODUCTO,,0,,PLAZAVEA,https://www.plazavea.com.pe/bebida-energizante-volt-sin-azucar-lata-473ml/p
BEB-ENE-000131,7750670021685,"Bebida Energizante Volt Zero Lata 473 ml",BEBIDAS,ENERGIZANTES,,UNIDAD,Volt,"473 ml",GRAVADO,0,0,1,,,,PRODUCTO,,0,,PLAZAVEA,https://www.plazavea.com.pe/bebida-energizante-volt-zero-lata-473ml-20638624/p
BEB-ENE-000141,7750670019651,"Bebida Rehidratante Sporade Blueberry Botella 1.5 L Paquete 6 un",BEBIDAS,ENERGIZANTES,,UNIDAD,Sporade,"1.5 L",GRAVADO,0,0,1,,,,PRODUCTO,,0,,PLAZAVEA,https://www.plazavea.com.pe/bebida-rehidratante-sporade-blueberry-botella-1-5l-paquete-6un/p
BEB-ENE-000148,7750670021739,"Energizante Volt Fruit Punch Lata 473 ml",BEBIDAS,ENERGIZANTES,,UNIDAD,Volt,"473 ml",GRAVADO,0,0,1,,,,PRODUCTO,,0,,PLAZAVEA,https://www.plazavea.com.pe/energizante-volt-fruit-punch-lata-473ml-20676467/p
BEB-ENE-000119,7750670021708,"Energizante Volt Ginseng Sin Azúcar Botella 300 ml",BEBIDAS,ENERGIZANTES,,UNIDAD,Volt,"300 ml",GRAVADO,0,0,1,,,,PRODUCTO,,0,,METRO,https://www.metro.pe/energizante-volt-ginseng-sin-azucar-botella-300ml-2-2/p
BEB-ENE-000149,7750670022088,"Energizante Volt Original Botella 500 ml",BEBIDAS,ENERGIZANTES,,UNIDAD,Volt,"500 ml",GRAVADO,0,0,1,,,,PRODUCTO,,0,,PLAZAVEA,https://www.plazavea.com.pe/energizante-volt-original-botella-500ml-20634482/p
BEB-ENE-000125,7750670021722,"Energizante Volt Pink 300 ml",BEBIDAS,ENERGIZANTES,,UNIDAD,Volt,"300 ml",GRAVADO,0,0,1,,,,PRODUCTO,,0,,METRO,https://www.metro.pe/energizante-volt-pink-300ml-2-2/p
BEB-ENE-000123,815154023924,"Monster Bebida Carbonatada Fury Energy Gold Botella 350 ml",BEBIDAS,ENERGIZANTES,,UNIDAD,Monster,"350 ml",GRAVADO,0,0,1,,,,PRODUCTO,,0,,METRO,https://www.metro.pe/bebida-carbonatada-fury-energy-gold-botella-350ml-1012806001/p
BEB-ENE-000129,,"Bebida Energizante Monster Energy Lata 473 ml",BEBIDAS,ENERGIZANTES,,UNIDAD,Monster,"473 ml",GRAVADO,0,0,1,,,,PRODUCTO,,0,,METRO,https://www.metro.pe/bebida-energizante-monster-energy-lata-473ml-2/p
BEB-ENE-000124,,"Bebida Energizante Monster Energy Mango Loco Lata 473 ml",BEBIDAS,ENERGIZANTES,,UNIDAD,Monster,"473 ml",GRAVADO,0,0,1,,,,PRODUCTO,,0,,METRO,https://www.metro.pe/bebida-energizante-monster-energy-mango-loco-lata-473ml-2/p
BEB-ENE-000127,,"Bebida Energizante Monster Energy Ultra Lata 473 ml",BEBIDAS,ENERGIZANTES,,UNIDAD,Monster,"473 ml",GRAVADO,0,0,1,,,,PRODUCTO,,0,,METRO,https://www.metro.pe/bebida-energizante-monster-energy-ultra-lata-473ml-2/p
BEB-ENE-000126,,"Bebida Energizante Monster Energy Zero Sugar Lata 473 ml",BEBIDAS,ENERGIZANTES,,UNIDAD,Monster,"473 ml",GRAVADO,0,0,1,,,,PRODUCTO,,0,,METRO,https://www.metro.pe/bebida-energizante-monster-energy-zero-sugar-lata-473ml/p
BEB-ENE-000142,,"Bebida Energizante Monster Paradise Lata 473 ml",BEBIDAS,ENERGIZANTES,,UNIDAD,Monster,"473 ml",GRAVADO,0,0,1,,,,PRODUCTO,,0,,PLAZAVEA,https://www.plazavea.com.pe/bebida-energizante-monster-paradise-lata-473ml/p
BEB-ENE-000121,,"Bebida Energizante Monster Pipeline Punch Lata 473 ml",BEBIDAS,ENERGIZANTES,,UNIDAD,Monster,"473 ml",GRAVADO,0,0,1,,,,PRODUCTO,,0,,METRO,https://www.metro.pe/bebida-energizante-monster-pipeline-punch-lata-473ml-960208002/p
BEB-ENE-000145,,"Bebida Energizante Monster Ultra Lata 473 ml",BEBIDAS,ENERGIZANTES,,UNIDAD,Monster,"473 ml",GRAVADO,0,0,1,,,,PRODUCTO,,0,,PLAZAVEA,https://www.plazavea.com.pe/bebida-energizante-monster-lata-473ml/p
BEB-ENE-000122,,"Bebida Energizante Monster Ultra Paradise Lata 473 ml",BEBIDAS,ENERGIZANTES,,UNIDAD,Monster,"473 ml",GRAVADO,0,0,1,,,,PRODUCTO,,0,,METRO,https://www.metro.pe/bebida-energizante-monster-ultra-paradise-lata-473ml-1022108/p
BEB-ENE-000144,,"Bebida Energizante Monster Zero Sugar Lata 473 ml",BEBIDAS,ENERGIZANTES,,UNIDAD,Monster,"473 ml",GRAVADO,0,0,1,,,,PRODUCTO,,0,,PLAZAVEA,https://www.plazavea.com.pe/bebida-energizante-monster-zero-sugar-lata-473ml/p
BEB-ENE-000146,,"Bebida Energizante RED Bull Paquete 6 un Lata 250 ml",BEBIDAS,ENERGIZANTES,,UNIDAD,"Red Bull","6 un",GRAVADO,0,0,1,,,,PRODUCTO,,0,,PLAZAVEA,https://www.plazavea.com.pe/bebida-energizante-red-bull-paquete-6un-lata-250ml/p
BEB-GAS-000099,7801610333167,"Agua Tónica Schweppes Lata 310 ml",BEBIDAS,GASEOSAS,,UNIDAD,Schweppes,"310 ml",GRAVADO,0,0,1,,,,PRODUCTO,,0,,METRO,https://www.metro.pe/agua-tonica-schweppes-lata-310ml-1027132/p
BEB-GAS-000090,810063710088,"Bebida Prebiótica Gasificada Poppi Cherry  Limeade Lata 355 ml",BEBIDAS,GASEOSAS,,UNIDAD,Poppi,"355 ml",GRAVADO,0,0,1,,,,PRODUCTO,,0,,METRO,https://www.metro.pe/bebida-prebi-tica-gasificada-poppi-cherry-limeade-lata-355ml-1048519/p
BEB-GAS-000091,724190812877,"Bebida Prebiótica Gasificada Poppi Orange Lata 355 ml",BEBIDAS,GASEOSAS,,UNIDAD,Poppi,"355 ml",GRAVADO,0,0,1,,,,PRODUCTO,,0,,METRO,https://www.metro.pe/bebida-prebi-tica-gasificada-poppi-orange-lata-355ml-1048518/p
BEB-GAS-000262,7750670015042,"Big Cola Gaseosa BIG Kola Botella 1.035 L",BEBIDAS,GASEOSAS,,UNIDAD,"Big Cola","1.035 L",GRAVADO,0,0,1,,,,PRODUCTO,,0,,PLAZAVEA,https://www.plazavea.com.pe/gaseosa-big-kola-botella-1-035l/p
BEB-GAS-000136,7750182008334,"Coca-Cola Gaseosas Multisabor Botella 300 ml Paquete 12 un",BEBIDAS,GASEOSAS,,UNIDAD,Coca-Cola,"300 ml",GRAVADO,0,0,1,,,,PRODUCTO,,0,,PLAZAVEA,https://www.plazavea.com.pe/gaseosas-multisabor-botella-300ml-paquete-12un/p
BEB-GAS-000125,7751912000130,"Concordia Naranja Botella 500 ml",BEBIDAS,GASEOSAS,,UNIDAD,Concordia,"500 ml",GRAVADO,0,0,1,,,,PRODUCTO,,0,,METRO,https://www.metro.pe/concordia-naranja-botella-500-ml-2/p
BEB-GAS-000076,7751912360272,"Gaseosa 7 Up Botella 1.5 L",BEBIDAS,GASEOSAS,,UNIDAD,7UP,"1.5 L",GRAVADO,0,0,1,,,,PRODUCTO,,0,,METRO,https://www.metro.pe/gaseosa-7-up-botella-1-5-l-3828/p
BEB-GAS-000022,7751580000982,"Gaseosa 7 Up Botella 3 L",BEBIDAS,GASEOSAS,,UNIDAD,7UP,"3 L",GRAVADO,0,0,1,,,,PRODUCTO,,0,,METRO,https://www.metro.pe/gaseosa-7-up-botella-3-l-2/p
BEB-GAS-000128,7751580000470,"Gaseosa 7 Up Botella 750 ml",BEBIDAS,GASEOSAS,,UNIDAD,7UP,"750 ml",GRAVADO,0,0,1,,,,PRODUCTO,,0,,METRO,https://www.metro.pe/gaseosa-7-up-botella-750-ml-2/p
BEB-GAS-000113,7751580001040,"Gaseosa 7up Botella 355 ml",BEBIDAS,GASEOSAS,,UNIDAD,7UP,"355 ml",GRAVADO,0,0,1,,,,PRODUCTO,,0,,METRO,https://www.metro.pe/gaseosa-7up-botella-355-ml-2/p
BEB-GAS-000360,7750670003520,"Gaseosa Big Cola Botella 1.7 L",BEBIDAS,GASEOSAS,,UNIDAD,"Big Cola","1.7 L",GRAVADO,0,0,1,,,,PRODUCTO,,0,,METRO,https://www.metro.pe/gaseosa-big-cola-botella-1-7l/p
BEB-GAS-000284,7750670016193,"Gaseosa Big Cola Botella 3.03 L",BEBIDAS,GASEOSAS,,UNIDAD,"Big Cola","3.03 L",GRAVADO,0,0,1,,,,PRODUCTO,,0,,METRO,https://www.metro.pe/gaseosa-big-cola-botella-3-03-l-754132/p
BEB-GAS-000378,7750670007047,"Gaseosa Big Cola Botella 400 ml",BEBIDAS,GASEOSAS,,UNIDAD,"Big Cola","400 ml",GRAVADO,0,0,1,,,,PRODUCTO,,0,,METRO,https://www.metro.pe/gaseosa-big-cola-botella-400ml-gaseosa-big-cola-botella-400ml/p
BEB-GAS-000351,7750670018142,"Gaseosa Big Cola Lata 355 ml",BEBIDAS,GASEOSAS,,UNIDAD,"Big Cola","355 ml",GRAVADO,0,0,1,,,,PRODUCTO,,0,,METRO,https://www.metro.pe/gaseosa-big-cola-lata-355ml-1036148/p
BEB-GAS-000497,7750031000861,"Gaseosa Cassinelli Sabor A Limón Botella 300 ml",BEBIDAS,GASEOSAS,,UNIDAD,Cassinelli,"300 ml",GRAVADO,0,0,1,,,,PRODUCTO,,0,,PLAZAVEA,https://www.plazavea.com.pe/gaseosa-cassinelli-sabor-a-limon-botella-300ml/p
BEB-GAS-000496,7750031000472,"Gaseosa Cassinelli Sabor A Naranja Botella 300 ml",BEBIDAS,GASEOSAS,,UNIDAD,Cassinelli,"300 ml",GRAVADO,0,0,1,,,,PRODUCTO,,0,,PLAZAVEA,https://www.plazavea.com.pe/gaseosa-cassinelli-sabor-a-naranja-botella-300ml/p
BEB-GAS-000272,7750182001236,"Gaseosa Coca Cola Botella 1 L",BEBIDAS,GASEOSAS,,UNIDAD,Coca-Cola,"1 L",GRAVADO,0,0,1,,,,PRODUCTO,,0,,METRO,https://www.metro.pe/gaseosa-coca-cola-botella-1l-2/p
BEB-GAS-000298,7750182102766,"Gaseosa Coca Cola Botella 1.5 L",BEBIDAS,GASEOSAS,,UNIDAD,Coca-Cola,"1.5 L",GRAVADO,0,0,1,,,,PRODUCTO,,0,,METRO,https://www.metro.pe/gaseosa-coca-cola-botella-1-5l-2-2/p
BEB-GAS-000932,7750182000796,"Gaseosa Coca Cola Botella 2.25 L",BEBIDAS,GASEOSAS,,UNIDAD,Coca-Cola,"2.25 L",GRAVADO,0,0,1,,,,PRODUCTO,,0,,METRO,https://www.metro.pe/gaseosa-coca-cola-botella-2-25-lt-2/p
BEB-GAS-000294,7750182005678,"Gaseosa Coca Cola Original 3 L + Gaseosa Inca Kola Original 3 L 2 un",BEBIDAS,GASEOSAS,,UNIDAD,"Inca Kola","3 L",GRAVADO,0,0,1,,,,PRODUCTO,,0,,METRO,https://www.metro.pe/gaseosa-coca-cola-original-3l-gaseosa-inca-kola-original-3l-2un-722253/p
BEB-GAS-000545,7750182005661,"Gaseosa Coca Cola Original 3 L 2 un + Gaseosa Inca Kola Original 3 L",BEBIDAS,GASEOSAS,,UNIDAD,Coca-Cola,"3 L",GRAVADO,0,0,1,,,,PRODUCTO,,0,,METRO,https://www.metro.pe/gaseosa-coca-cola-original-3l-2un-gaseosa-inca-kola-original-3l-722252/p
BEB-GAS-000575,7801610001196,"Gaseosa Coca Cola Regular Lata 350 ml",BEBIDAS,GASEOSAS,,UNIDAD,Coca-Cola,"350 ml",GRAVADO,0,0,1,,,,PRODUCTO,,0,,METRO,https://www.metro.pe/gaseosa-coca-cola-regular-lata-350ml-1033174/p
BEB-GAS-000647,7750298002325,"Gaseosa Coca Cola Sabor Original + Inca Kola Sabor Original Botella 3 L Paquete 2 un",BEBIDAS,GASEOSAS,,UNIDAD,Coca-Cola,"3 L",GRAVADO,0,0,1,,,,PRODUCTO,,0,,PLAZAVEA,https://www.plazavea.com.pe/gaseosa-coca-cola-inca-kola-2-pack-botella-3l/p
BEB-GAS-000662,7750182155663,"Gaseosa Coca Cola Sabor Original Botella 1.5 L",BEBIDAS,GASEOSAS,,UNIDAD,Coca-Cola,"1.5 L",GRAVADO,0,0,1,,,,PRODUCTO,,0,,PLAZAVEA,https://www.plazavea.com.pe/gaseosa-coca-cola-botella-1-5l/p
BEB-GAS-000743,7750182001687,"Gaseosa Coca Cola Sabor Original Botella 2.5 L",BEBIDAS,GASEOSAS,,UNIDAD,Coca-Cola,"2.5 L",GRAVADO,0,0,1,,,,PRODUCTO,,0,,PLAZAVEA,https://www.plazavea.com.pe/gaseosa-coca-cola-botella-2-5l/p
BEB-GAS-000542,7750182001250,"Gaseosa Coca Cola Sabor Original Botella 3 L",BEBIDAS,GASEOSAS,,UNIDAD,Coca-Cola,"3 L",GRAVADO,0,0,1,,,,PRODUCTO,,0,,METRO,https://www.metro.pe/gaseosa-coca-cola-sabor-original-botella-3l-45035-2/p
BEB-GAS-000784,7750182155656,"Gaseosa Coca Cola Sabor Original Botella 500 ml",BEBIDAS,GASEOSAS,,UNIDAD,Coca-Cola,"500 ml",GRAVADO,0,0,1,,,,PRODUCTO,,0,,PLAZAVEA,https://www.plazavea.com.pe/gaseosa-coca-cola-botella-500ml/p
BEB-GAS-000667,7750182006095,"Gaseosa Coca Cola Sabor Original Botella 600 ml",BEBIDAS,GASEOSAS,,UNIDAD,Coca-Cola,"600 ml",GRAVADO,0,0,1,,,,PRODUCTO,,0,,PLAZAVEA,https://www.plazavea.com.pe/gaseosa-coca-cola-sabor-original-botella-600ml/p
BEB-GAS-000536,7750182005456,"Gaseosa Coca Cola Sin Azúcar Botella 1 L",BEBIDAS,GASEOSAS,,UNIDAD,Coca-Cola,"1 L",GRAVADO,0,0,1,,,,PRODUCTO,,0,,METRO,https://www.metro.pe/gaseosa-coca-cola-sin-azucar-botella-1l-2/p
BEB-GAS-000549,7750182000703,"Gaseosa Coca Cola Sin Azúcar Botella 1.5 L",BEBIDAS,GASEOSAS,,UNIDAD,Coca-Cola,"1.5 L",GRAVADO,0,0,1,,,,PRODUCTO,,0,,METRO,https://www.metro.pe/gaseosa-coca-cola-sin-azucar-botella-1-5l-2/p
BEB-GAS-000913,7750182003919,"Gaseosa Coca Cola Sin Azúcar Botella 2.25 L",BEBIDAS,GASEOSAS,,UNIDAD,Coca-Cola,"2.25 L",GRAVADO,0,0,1,,,,PRODUCTO,,0,,METRO,https://www.metro.pe/gaseosa-coca-cola-sin-azucar-botella-2-25-lt-2/p
BEB-GAS-000785,7750182000697,"Gaseosa Coca Cola Sin Azúcar Botella 500 ml",BEBIDAS,GASEOSAS,,UNIDAD,Coca-Cola,"500 ml",GRAVADO,0,0,1,,,,PRODUCTO,,0,,PLAZAVEA,https://www.plazavea.com.pe/gaseosa-coca-cola-zero-botella-500ml/p
BEB-GAS-000617,7801610350355,"Gaseosa Coca Cola Sin Azúcar Lata 350 ml",BEBIDAS,GASEOSAS,,UNIDAD,Coca-Cola,"350 ml",GRAVADO,0,0,1,,,,PRODUCTO,,0,,METRO,https://www.metro.pe/gaseosa-coca-cola-sin-az-car-lata-350ml-1033173/p
BEB-GAS-000550,7750182006200,"Gaseosa Coca Cola Zero Botella PET 600 ml",BEBIDAS,GASEOSAS,,UNIDAD,Coca-Cola,"600 ml",GRAVADO,0,0,1,,,,PRODUCTO,,0,,METRO,https://www.metro.pe/gaseosa-coca-cola-zero-botella-pet-600-ml-2-2/p
BEB-GAS-000726,7401005911200,"Gaseosa Concordia + Seve UP Botella 3 L Paquete 3 un",BEBIDAS,GASEOSAS,,UNIDAD,Concordia,"3 L",GRAVADO,0,0,1,,,,PRODUCTO,,0,,PLAZAVEA,https://www.plazavea.com.pe/gaseosa-concordiaseve-up-botella-3l-paquete-3un/p
BEB-GAS-000763,7401005912863,"Gaseosa Concordia Piña Botella 355 ml",BEBIDAS,GASEOSAS,,UNIDAD,Concordia,"355 ml",GRAVADO,0,0,1,,,,PRODUCTO,,0,,PLAZAVEA,https://www.plazavea.com.pe/gaseosa-concordia-pina-botella-355ml/p
BEB-GAS-000965,7751580001019,"Gaseosa Concordia Sabor Fresa Botella 3 L",BEBIDAS,GASEOSAS,,UNIDAD,Concordia,,GRAVADO,0,0,1,,,,PRODUCTO,,0,,METRO,https://www.metro.pe/gaseosa-concordia-sabor-fresa-botella-3-litros-2/p
BEB-GAS-000639,7751912000109,"Gaseosa Concordia Sabor Fresa Botella 500 ml",BEBIDAS,GASEOSAS,,UNIDAD,Concordia,"500 ml",GRAVADO,0,0,1,,,,PRODUCTO,,0,,METRO,https://www.metro.pe/gaseosa-concordia-sabor-fresa-botella-500-ml-2/p
BEB-GAS-000919,7758282001026,"Gaseosa Concordia Sabor Piña Botella 3 L Gaseosa Concordia Sabor Piña Botella 3 L",BEBIDAS,GASEOSAS,,UNIDAD,Concordia,"3 L",GRAVADO,0,0,1,,,,PRODUCTO,,0,,METRO,https://www.metro.pe/gaseosa-concordia-sabor-pina-botella-3-litros-472088/p
BEB-GAS-000583,7401005912887,"Gaseosa Concordia Sabor Piña Botella 500 ml",BEBIDAS,GASEOSAS,,UNIDAD,Concordia,"500 ml",GRAVADO,0,0,1,,,,PRODUCTO,,0,,METRO,https://www.metro.pe/gaseosa-concordia-sabor-pina-botella-500-ml-2/p
BEB-JUG-000116,8809041420929,"Bebida Aloe Vera King 500 ml Original Okf",BEBIDAS,"JUGOS Y NECTARES",,UNIDAD,Okf,"500 ml",GRAVADO,0,0,1,,,,PRODUCTO,,0,,METRO,https://www.metro.pe/bebida-aloe-vera-king-500ml-original-okf/p
BEB-JUG-000115,8809041426556,"Bebida Aloe Vera King Piña 500 ml Okf",BEBIDAS,"JUGOS Y NECTARES",,UNIDAD,Okf,"500 ml",GRAVADO,0,0,1,,,,PRODUCTO,,0,,METRO,https://www.metro.pe/bebida-aloe-vera-king-pina-500ml-okf/p
BEB-JUG-000117,7750670017107,"Bebida Bio Aloe Uva Botella 500 ml",BEBIDAS,"JUGOS Y NECTARES",,UNIDAD,"Bio Aloe","500 ml",GRAVADO,0,0,1,,,,PRODUCTO,,0,,METRO,https://www.metro.pe/bebida-bio-aloe-uva-botella-500ml-700642001/p
BEB-JUG-000086,7751271033879,"Bebida Casera Gloria Limonada Botella 320 ml",BEBIDAS,"JUGOS Y NECTARES",,UNIDAD,Gloria,"320 ml",GRAVADO,0,0,1,,,,PRODUCTO,,0,,METRO,https://www.metro.pe/bebida-casera-gloria-limonada-botella-320ml-1009394002/p
BEB-JUG-000165,7750670017787,"Bebida Cifrut Citrus Punch Botella 350 ml",BEBIDAS,"JUGOS Y NECTARES",,UNIDAD,Cifrut,"350 ml",GRAVADO,0,0,1,,,,PRODUCTO,,0,,PLAZAVEA,https://www.plazavea.com.pe/bebida-cifrut-citrus-punch-botella-350ml/p
BEB-JUG-000166,7750670017794,"Bebida Cifrut Fruit Punch Botella 350 ml",BEBIDAS,"JUGOS Y NECTARES",,UNIDAD,Cifrut,"350 ml",GRAVADO,0,0,1,,,,PRODUCTO,,0,,PLAZAVEA,https://www.plazavea.com.pe/bebida-cifrut-fruit-punch-botella-350ml/p
BEB-JUG-000131,844793010071,"Bebida Con Aloe Sappe 300 ml",BEBIDAS,"JUGOS Y NECTARES",,UNIDAD,Sappe,"300 ml",GRAVADO,0,0,1,,,,PRODUCTO,,0,,METRO,https://www.metro.pe/bebida-con-aloe-sappe-300-ml/p
BEB-JUG-000128,844793010514,"Bebida Con Aloe Vera Sappe Uva Botella 1 L",BEBIDAS,"JUGOS Y NECTARES",,UNIDAD,Sappe,"1 L",GRAVADO,0,0,1,,,,PRODUCTO,,0,,METRO,https://www.metro.pe/bebida-con-aloe-vera-sappe-uva-botella-1-l/p
BEB-JUG-000085,7751271033350,"Bebida Durazno Gloria Caja 500 ml",BEBIDAS,"JUGOS Y NECTARES",,UNIDAD,Gloria,"500 ml",GRAVADO,0,0,1,,,,PRODUCTO,,0,,METRO,https://www.metro.pe/bebida-durazno-gloria-caja-500ml-1015348001/p
BEB-JUG-000145,7750182007283,"Bebida Frugos Citrus Fresh Naranja Botella 3 L",BEBIDAS,"JUGOS Y NECTARES",,UNIDAD,Frugos,"3 L",GRAVADO,0,0,1,,,,PRODUCTO,,0,,PLAZAVEA,https://www.plazavea.com.pe/bebida-frugos-citrus-fresh-naranja-botella-3l/p
BEB-JUG-000355,7750182007429,"Bebida Frugos DEL Valle Fruit Punch Botella 3 L",BEBIDAS,"JUGOS Y NECTARES",,UNIDAD,Frugos,"3 L",GRAVADO,0,0,1,,,,PRODUCTO,,0,,PLAZAVEA,https://www.plazavea.com.pe/bebida-frugos-fresh-fruit-punch-de-manzana-botella-3l/p
BEB-JUG-000155,7750182006521,"Bebida Frugos Fresh Citrus Naranja Botella 1.5 L",BEBIDAS,"JUGOS Y NECTARES",,UNIDAD,Frugos,"1.5 L",GRAVADO,0,0,1,,,,PRODUCTO,,0,,PLAZAVEA,https://www.plazavea.com.pe/bebida-frugos-fresh-citrus-naranja-botella-1-5l/p
BEB-JUG-000170,7750182007108,"Bebida Frugos Fresh Fruit Punch Botella 1.5 L",BEBIDAS,"JUGOS Y NECTARES",,UNIDAD,Frugos,"1.5 L",GRAVADO,0,0,1,,,,PRODUCTO,,0,,PLAZAVEA,https://www.plazavea.com.pe/bebida-frugos-fresh-fruit-punch-botella-1-5l/p
BEB-JUG-000174,7750182007290,"Bebida Frugos Fresh Sabor A Manzana Botella 500 ml",BEBIDAS,"JUGOS Y NECTARES",,UNIDAD,Frugos,"500 ml",GRAVADO,0,0,1,,,,PRODUCTO,,0,,PLAZAVEA,https://www.plazavea.com.pe/bebida-frugos-fresh-sabor-a-manzana-botella-500ml/p
BEB-JUG-000138,7750182008396,"Bebida Frugos Sabor A Durazno Caja 1.45 L",BEBIDAS,"JUGOS Y NECTARES",,UNIDAD,Frugos,"1.45 L",GRAVADO,0,0,1,,,,PRODUCTO,,0,,PLAZAVEA,https://www.plazavea.com.pe/bebida-frugos-sabor-a-durazno-caja-1-45l/p
BEB-JUG-000141,7750182008617,"Bebida Frugos Sabor A Durazno Paquete 1 un + Bebida Frugos Naranja Paquete 2 un Caja 970 ml",BEBIDAS,"JUGOS Y NECTARES",,UNIDAD,Frugos,"1 un",GRAVADO,0,0,1,,,,PRODUCTO,,0,,PLAZAVEA,https://www.plazavea.com.pe/bebida-frugos-sabor-a-durazno-paquete-1unbebida-frugos-naranja-paquete-2un-caja-970ml/p
BEB-JUG-000144,7750182008365,"Bebida Frugos Sabor A Mango Caja 970 ml",BEBIDAS,"JUGOS Y NECTARES",,UNIDAD,Frugos,"970 ml",GRAVADO,0,0,1,,,,PRODUCTO,,0,,PLAZAVEA,https://www.plazavea.com.pe/bebida-frugos-sabor-a-mango-caja-970ml/p
BEB-JUG-000143,7750182008402,"Bebida Frugos Sabor A Manzana Caja 1.45 L",BEBIDAS,"JUGOS Y NECTARES",,UNIDAD,Frugos,"1.45 L",GRAVADO,0,0,1,,,,PRODUCTO,,0,,PLAZAVEA,https://www.plazavea.com.pe/bebida-frugos-sabor-a-manzana-caja-1-45l/p
BEB-JUG-000140,7750182008419,"Bebida Frugos Sabor A Naranja Caja 1.45 L",BEBIDAS,"JUGOS Y NECTARES",,UNIDAD,Frugos,"1.45 L",GRAVADO,0,0,1,,,,PRODUCTO,,0,,PLAZAVEA,https://www.plazavea.com.pe/bebida-frugos-sabor-a-naranja-caja-1-45l/p
BEB-JUG-000339,7750182008341,"Bebida Frugos Sabor A Naranja Caja 970 ml",BEBIDAS,"JUGOS Y NECTARES",,UNIDAD,Frugos,"970 ml",GRAVADO,0,0,1,,,,PRODUCTO,,0,,PLAZAVEA,https://www.plazavea.com.pe/bebida-frugos-sabor-a-naranja-caja-970ml/p
BEB-JUG-000410,8809467121318,"Bebida Frutada Con Aloe Vera Baolisu Botella 450 ml",BEBIDAS,"JUGOS Y NECTARES",,UNIDAD,Baolisu,"450 ml",GRAVADO,0,0,1,,,,PRODUCTO,,0,,METRO,https://www.metro.pe/bebida-frutada-con-aloe-vera-baolisu-botella-450ml-1066894001/p
BEB-JUG-000409,8809467121608,"Bebida Frutada Con Durazno Baolisu Botella 450 ml",BEBIDAS,"JUGOS Y NECTARES",,UNIDAD,Baolisu,"450 ml",GRAVADO,0,0,1,,,,PRODUCTO,,0,,METRO,https://www.metro.pe/bebida-frutada-con-durazno-baolisu-botella-450ml-1066894002/p
BEB-JUG-000571,7751731006542,"Bebida Kero Aloe Sabor Uva Botella 1 L Kero Aloe UVA 1 L",BEBIDAS,"JUGOS Y NECTARES",,UNIDAD,Kero,"1 L",GRAVADO,0,0,1,,,,PRODUCTO,,0,,METRO,https://www.metro.pe/bebida-kero-aloe-sabor-uva-botella-1l-1045740/p
BEB-JUG-000367,7751731007389,"Bebida Kero Aloe Vera 300 ml , Frutos ROJ",BEBIDAS,"JUGOS Y NECTARES",,UNIDAD,Kero,"300 ml",GRAVADO,0,0,1,,,,PRODUCTO,,0,,METRO,https://www.metro.pe/bebida-kero-aloe-vera-300ml-frutos-roj/p
BEB-JUG-000371,7751731004500,"Bebida Kero Aloe Vera Sabor Piña Botella 300 ml",BEBIDAS,"JUGOS Y NECTARES",,UNIDAD,Kero,"300 ml",GRAVADO,0,0,1,,,,PRODUCTO,,0,,METRO,https://www.metro.pe/bebida-kero-aloe-vera-sabor-pina-botella-300ml/p
BEB-JUG-000364,7751731003909,"Bebida Kero Aloe Vera Sabor Uva Botella 300 ml",BEBIDAS,"JUGOS Y NECTARES",,UNIDAD,Kero,"300 ml",GRAVADO,0,0,1,,,,PRODUCTO,,0,,METRO,https://www.metro.pe/bebida-kero-aloe-vera-sabor-uva-botella-300ml/p
BEB-JUG-000522,7751731007082,"Bebida Kris Green Punch Botella 500 ml",BEBIDAS,"JUGOS Y NECTARES",,UNIDAD,Kris,"500 ml",GRAVADO,0,0,1,,,,PRODUCTO,,0,,PLAZAVEA,https://www.plazavea.com.pe/bebida-kris-green-punch-botella-500ml/p
BEB-JUG-000507,8850389100677,"Bebida Mogu Mogu Naranja y Coco Botella 320 ml",BEBIDAS,"JUGOS Y NECTARES",,UNIDAD,"Mogu Mogu","320 ml",GRAVADO,0,0,1,,,,PRODUCTO,,0,,PLAZAVEA,https://www.plazavea.com.pe/bebida-mogu-mogu-naranja-y-coco-botella-320ml/p
BEB-JUG-000445,7750096000493,"Bebida Naturale Agua de Piña Golden Botella 500 ml",BEBIDAS,"JUGOS Y NECTARES",,UNIDAD,Naturale,"500 ml",GRAVADO,0,0,1,,,,PRODUCTO,,0,,METRO,https://www.metro.pe/bebida-naturale-agua-de-pina-golden-botella-500ml-993728/p
BEB-JUG-000422,7751737002371,"Bebida Pink Lemonade L'onda Pink Botella 500 ml",BEBIDAS,"JUGOS Y NECTARES",,UNIDAD,Londa,"500 ml",GRAVADO,0,0,1,,,,PRODUCTO,,0,,METRO,https://www.metro.pe/bebida-pink-lemonade-l-onda-pink-botella-500ml-1037084/p
BEB-JUG-000443,7750670019095,"Bebida Pulp Durazno Botella 300 ml",BEBIDAS,"JUGOS Y NECTARES",,UNIDAD,Pulp,"300 ml",GRAVADO,0,0,1,,,,PRODUCTO,,0,,METRO,https://www.metro.pe/bebida-pulp-durazno-botella-300ml-1002357001/p
BEB-JUG-000538,7750670015219,"Bebida Pulp Durazno Forti Hierro Caja 145 ml Paquete 12 un",BEBIDAS,"JUGOS Y NECTARES",,UNIDAD,Pulp,"145 ml",GRAVADO,0,0,1,,,,PRODUCTO,,0,,PLAZAVEA,https://www.plazavea.com.pe/bebida-de-fruta-pulp-forti-hierro-durazno-caja-145ml-paquete-12un/p
BEB-JUG-000529,7750670018807,"Bebida Pulp Durazno Forti Hierro Caja 145 ml Paquete 5 un",BEBIDAS,"JUGOS Y NECTARES",,UNIDAD,Pulp,"145 ml",GRAVADO,0,0,1,,,,PRODUCTO,,0,,PLAZAVEA,https://www.plazavea.com.pe/bebida-pulp-durazno-forti-hierro-caja-145-ml-paquete-5un/p
BEB-JUG-000483,7751731000168,"Bebida de Camu Camu Kero Botella 475 ml",BEBIDAS,"JUGOS Y NECTARES",,UNIDAD,Kero,"475 ml",GRAVADO,0,0,1,,,,PRODUCTO,,0,,METRO,https://www.metro.pe/bebida-de-camu-camu-kero-botella-475-ml/p
BEB-JUG-000480,7751737001626,"Bebida de Cranberry L'onda Botella 1 L",BEBIDAS,"JUGOS Y NECTARES",,UNIDAD,Londa,"1 L",GRAVADO,0,0,1,,,,PRODUCTO,,0,,METRO,https://www.metro.pe/bebida-de-cranberry-l-onda-botella-1l-249041001/p
BEB-JUG-000485,7751737000018,"Bebida de Cranberry L'onda Botella 1.89 L",BEBIDAS,"JUGOS Y NECTARES",,UNIDAD,Londa,"1.89 L",GRAVADO,0,0,1,,,,PRODUCTO,,0,,METRO,https://www.metro.pe/bebida-de-cranberry-l-onda-botella-1-89l/p
BEB-JUG-000387,7751737001602,"Bebida de Cranberry L'onda Light Botella 1 L",BEBIDAS,"JUGOS Y NECTARES",,UNIDAD,Londa,"1 L",GRAVADO,0,0,1,,,,PRODUCTO,,0,,METRO,https://www.metro.pe/bebida-de-cranberry-l-onda-light-botella-1l/p
BEB-JUG-000489,7750182008358,"Bebida de Durazno Frugos Caja 970 ml",BEBIDAS,"JUGOS Y NECTARES",,UNIDAD,Frugos,"970 ml",GRAVADO,0,0,1,,,,PRODUCTO,,0,,PLAZAVEA,https://www.plazavea.com.pe/bebida-de-durazno-frugos-caja-970ml/p
BEB-JUG-000380,7750182004893,"Bebida de Durazno Frugos del Valle Botella 1 L Bebida DEL Valle Frugos Durazno 1 L",BEBIDAS,"JUGOS Y NECTARES",,UNIDAD,Frugos,"1 L",GRAVADO,0,0,1,,,,PRODUCTO,,0,,METRO,https://www.metro.pe/bebida-de-durazno-frugos-del-valle-botella-1l/p
BEB-JUG-000378,7750182004879,"Bebida de Durazno Frugos del Valle Botella 300 ml",BEBIDAS,"JUGOS Y NECTARES",,UNIDAD,Frugos,"300 ml",GRAVADO,0,0,1,,,,PRODUCTO,,0,,METRO,https://www.metro.pe/bebida-de-durazno-frugos-del-valle-botella-300ml/p
BEB-TEA-000012,7751731004180,"Bebida A Base de Té Drink T Limón Botella 330 ml",BEBIDAS,"TE E INFUSIONES LISTAS",,UNIDAD,"Drink T","330 ml",GRAVADO,0,0,1,,,,PRODUCTO,,0,,METRO,https://www.metro.pe/bebida-a-base-de-t-drink-t-lim-n-botella-330ml-968760001-2/p
BEB-TEA-000009,7750670013475,"Bebida de Té Verde Sabor Limón Free Tea Botella 500 ml",BEBIDAS,"TE E INFUSIONES LISTAS",,UNIDAD,"Free Tea","500 ml",GRAVADO,0,0,1,,,,PRODUCTO,,0,,METRO,https://www.metro.pe/bebida-de-te-verde-sabor-limon-free-tea-botella-500ml/p
BEB-TEA-000014,7750670012164,"Free Tea Limon Frasco Vidrio 450 ml",BEBIDAS,"TE E INFUSIONES LISTAS",,UNIDAD,"Free Tea","450 ml",GRAVADO,0,0,1,,,,PRODUCTO,,0,,METRO,https://www.metro.pe/free-tea-limon-frasco-vidrio-450-ml-2/p
BEB-TEA-000015,7750670012171,"Free Tea Limon Light Frasco Vidrio 450 ml",BEBIDAS,"TE E INFUSIONES LISTAS",,UNIDAD,"Free Tea","450 ml",GRAVADO,0,0,1,,,,PRODUCTO,,0,,METRO,https://www.metro.pe/free-tea-limon-light-frasco-vidrio-450-ml-2/p
BEB-TEA-000001,7401020616548,"Té Frío Sabor Durazno Lipton Botella 500 ml",BEBIDAS,"TE E INFUSIONES LISTAS",,UNIDAD,Lipton,"500 ml",GRAVADO,0,0,1,,,,PRODUCTO,,0,,METRO,https://www.metro.pe/t-fr-o-sabor-durazno-lipton-botella-500ml-1034284001/p
BEB-TEA-000011,8410261720920,"Té Frío Sabor Limón Don Simon 1.5 L",BEBIDAS,"TE E INFUSIONES LISTAS",,UNIDAD,"Don Simon","1.5 L",GRAVADO,0,0,1,,,,PRODUCTO,,0,,METRO,https://www.metro.pe/te-frio-sabor-limon-don-simon-1-5l-2-2/p
BEB-TEA-000008,7401020716552,"Té Frío Sabor Limón Lipton Botella 500 ml",BEBIDAS,"TE E INFUSIONES LISTAS",,UNIDAD,Lipton,"500 ml",GRAVADO,0,0,1,,,,PRODUCTO,,0,,METRO,https://www.metro.pe/t-fr-o-sabor-lim-n-lipton-botella-500ml-1034284002/p
BEB-TEA-000010,8410261721927,"Té Frío Sabor Melocotón Don Simon 1.5 L",BEBIDAS,"TE E INFUSIONES LISTAS",,UNIDAD,"Don Simon","1.5 L",GRAVADO,0,0,1,,,,PRODUCTO,,0,,METRO,https://www.metro.pe/te-frio-sabor-melocoton-don-simon-1-5l-2-2/p
BEB-TEA-000023,7750670020558,"Té Negro Free TEA Frutos Rojos Botella 500 ml Paquete 6 un",BEBIDAS,"TE E INFUSIONES LISTAS",,UNIDAD,"Free Tea","500 ml",GRAVADO,0,0,1,,,,PRODUCTO,,0,,PLAZAVEA,https://www.plazavea.com.pe/te-negro-free-tea-frutos-rojos-botella-500ml-paquete-6un/p
BEB-TEA-000003,7750670012478,"Té Negro Free Tea Durazno Botella 500 ml",BEBIDAS,"TE E INFUSIONES LISTAS",,UNIDAD,"Free Tea","500 ml",GRAVADO,0,0,1,,,,PRODUCTO,,0,,METRO,https://www.metro.pe/te-negro-free-tea-durazno-botella-500-ml-2/p
BEB-TEA-000013,7750670012492,"Té Negro Free Tea Limon Botella 500 ml",BEBIDAS,"TE E INFUSIONES LISTAS",,UNIDAD,"Free Tea","500 ml",GRAVADO,0,0,1,,,,PRODUCTO,,0,,METRO,https://www.metro.pe/te-negro-free-tea-limon-botella-500-ml-2/p
BEB-TEA-000005,7750670021777,"Té Negro Free Tea Sabor Durazno Botella 1 L",BEBIDAS,"TE E INFUSIONES LISTAS",,UNIDAD,"Free Tea","1 L",GRAVADO,0,0,1,,,,PRODUCTO,,0,,METRO,https://www.metro.pe/t-negro-free-tea-sabor-durazno-botella-1l-1070463/p
BEB-TEA-000002,7750670012485,"Té Negro Free Tea Sabor Frutos Rojos Botella 500 ml",BEBIDAS,"TE E INFUSIONES LISTAS",,UNIDAD,"Free Tea","500 ml",GRAVADO,0,0,1,,,,PRODUCTO,,0,,METRO,https://www.metro.pe/te-negro-free-tea-sabor-frutos-rojos-botella-500ml-2/p
BEB-TEA-000004,7750670021753,"Té Negro Free Tea Sabor Limón Botella 1 L",BEBIDAS,"TE E INFUSIONES LISTAS",,UNIDAD,"Free Tea","1 L",GRAVADO,0,0,1,,,,PRODUCTO,,0,,METRO,https://www.metro.pe/t-negro-free-tea-sabor-lim-n-botella-1l-1070465/p
BEB-TEA-000006,7751271038201,"Té Verde Aruba Sabor Durazno Botella 400 ml",BEBIDAS,"TE E INFUSIONES LISTAS",,UNIDAD,Aruba,"400 ml",GRAVADO,0,0,1,,,,PRODUCTO,,0,,METRO,https://www.metro.pe/t-verde-aruba-sabor-durazno-botella-400ml-1059632002/p
BEB-TEA-000007,7751271038195,"Té Verde Aruba Sabor Limón Botella 400 ml",BEBIDAS,"TE E INFUSIONES LISTAS",,UNIDAD,Aruba,"400 ml",GRAVADO,0,0,1,,,,PRODUCTO,,0,,METRO,https://www.metro.pe/t-verde-aruba-sabor-lim-n-botella-400ml-1059632001/p
BEB-TEA-000025,,"Le Coreane 10 sobres Super Matcha Pure Pocket",BEBIDAS,"TE E INFUSIONES LISTAS",,UNIDAD,"Le Coreane","10 sobres",GRAVADO,0,0,1,,,,PRODUCTO,,0,,PLAZAVEA,https://www.plazavea.com.pe/super-matcha-pure-pocket-102097098/p
BEB-TEA-000027,,"Té Verde Aruba Durazno Botella 400 ml",BEBIDAS,"TE E INFUSIONES LISTAS",,UNIDAD,Aruba,"400 ml",GRAVADO,0,0,1,,,,PRODUCTO,,0,,PLAZAVEA,https://www.plazavea.com.pe/te-verde-aruba-durazno-botella-400ml-20569268/p
BEB-TEA-000026,,"Té Verde Aruba Limón Botella 400 ml",BEBIDAS,"TE E INFUSIONES LISTAS",,UNIDAD,Aruba,"400 ml",GRAVADO,0,0,1,,,,PRODUCTO,,0,,PLAZAVEA,https://www.plazavea.com.pe/te-verde-aruba-limon-botella-400ml-20569269/p
FRE-HUE-000017,7754470000970,"Huevo Pardos LA Calera + Huevo Sorpresa Bandeja 15 un",FRESCOS,HUEVOS,,UNIDAD,"La Calera","15 un",GRAVADO,0,0,0,,,,PRODUCTO,,0,,PLAZAVEA,https://www.plazavea.com.pe/huevo-pardos-la-calerahuevo-sorpresa-bandeja-15un/p
FRE-HUE-000013,7750863587486,"Huevos Blancos LA Calera Paquete 15 un",FRESCOS,HUEVOS,,UNIDAD,"La Calera","15 un",GRAVADO,0,0,0,,,,PRODUCTO,,0,,PLAZAVEA,https://www.plazavea.com.pe/huevos-blancos-la-calera-paquete-15un-20142668/p
FRE-HUE-000014,7754470000307,"Huevos LA Calera Súper Jumbo Paquete 10 un",FRESCOS,HUEVOS,,UNIDAD,"La Calera","10 un",GRAVADO,0,0,0,,,,PRODUCTO,,0,,PLAZAVEA,https://www.plazavea.com.pe/huevos-la-calera-super-jumbo-paquete-10un-20111045/p
FRE-HUE-000015,7754470001069,"Huevos Orgánicos Pardo LA Calera Bandeja 12 un",FRESCOS,HUEVOS,,UNIDAD,"La Calera","12 un",GRAVADO,0,0,0,,,,PRODUCTO,,0,,PLAZAVEA,https://www.plazavea.com.pe/huevos-organicos-pardo-la-calera-bandeja-12un-20633978/p
FRE-HUE-000004,7758872000958,"Huevos Pardos Artisan Bandeja 15 un",FRESCOS,HUEVOS,,UNIDAD,Artisan,"15 un",GRAVADO,0,0,0,,,,PRODUCTO,,0,,PLAZAVEA,https://www.plazavea.com.pe/huevos-pardos-artisan-bandeja-15un/p
FRE-HUE-000001,7754470000000,"Huevos Pardos Bell's Bandeja 30 un",FRESCOS,HUEVOS,,UNIDAD,Bell's,"30 un",GRAVADO,0,0,0,,,,PRODUCTO,,0,,PLAZAVEA,https://www.plazavea.com.pe/huevos-pardos-bells-bandeja-30un-20353008/p
FRE-HUE-000012,7754470000741,"Huevos Pardos Bell's Regulares Paquete 8 un",FRESCOS,HUEVOS,,UNIDAD,Bell's,"8 un",GRAVADO,0,0,0,,,,PRODUCTO,,0,,PLAZAVEA,https://www.plazavea.com.pe/huevos-pardos-bells-regulares-paquete-8un/p
FRE-HUE-000007,7758981000023,"Huevos Pardos Gallinas Libres Bandeja 12 un",FRESCOS,HUEVOS,,UNIDAD,"Gallinas Libres","12 un",GRAVADO,0,0,0,,,,PRODUCTO,,0,,PLAZAVEA,https://www.plazavea.com.pe/huevos-pardos-gallinas-libres-bandeja-12un-20171098/p
FRE-HUE-000005,7750863409016,"Huevos Pardos LA Calera Bandeja 15 un",FRESCOS,HUEVOS,,UNIDAD,"La Calera","15 un",GRAVADO,0,0,0,,,,PRODUCTO,,0,,PLAZAVEA,https://www.plazavea.com.pe/huevos-pardos-la-calera-bandeja-15un-20416571/p
FRE-HUE-000002,7754470000024,"Huevos Pardos LA Calera Paquete 30 un",FRESCOS,HUEVOS,,UNIDAD,"La Calera","30 un",GRAVADO,0,0,0,,,,PRODUCTO,,0,,PLAZAVEA,https://www.plazavea.com.pe/huevos-pardos-la-calera-paquete-30un-20138032/p
FRE-HUE-000011,7750020117228,"Huevos de Codorniz Bell's Bandeja 18 un",FRESCOS,HUEVOS,,UNIDAD,Bell's,"18 un",GRAVADO,0,0,0,,,,PRODUCTO,,0,,PLAZAVEA,https://www.plazavea.com.pe/huevos-de-codorniz-bells-bandeja-18un/p
FRE-HUE-000008,7754470000208,"Huevos de Codorniz LA Calera Paquete 18 un",FRESCOS,HUEVOS,,UNIDAD,"La Calera","18 un",GRAVADO,0,0,0,,,,PRODUCTO,,0,,PLAZAVEA,https://www.plazavea.com.pe/huevos-de-codorniz-la-calera-paquete-18un-20087719/p
FRE-HUE-000018,7754470000468,"Huevos de Corral LA Calera Paquete 30 un",FRESCOS,HUEVOS,,UNIDAD,"La Calera","30 un",GRAVADO,0,0,0,,,,PRODUCTO,,0,,PLAZAVEA,https://www.plazavea.com.pe/huevos-de-corral-la-calera-paquete-30un-20146214/p
FRE-HUE-000010,7754470587433,"Huevos de Gallina LA Calera Pardos Jumbo Bandeja 15 un",FRESCOS,HUEVOS,,UNIDAD,"La Calera","15 un",GRAVADO,0,0,0,,,,PRODUCTO,,0,,PLAZAVEA,https://www.plazavea.com.pe/huevos-de-gallina-la-calera-pardos-jumbo-bandeja-15un-2308/p
FRE-HUE-000006,7754470000185,"Huevos de Gallina LA Calera de Corral Paquete 12 un",FRESCOS,HUEVOS,,UNIDAD,"La Calera","12 un",GRAVADO,0,0,0,,,,PRODUCTO,,0,,PLAZAVEA,https://www.plazavea.com.pe/huevos-de-gallina-la-calera-de-corral-paquete-12un-20101889/p
FRE-HUE-000016,,"Hervidor de Huevo LA Calera Calerita Caja 1 un",FRESCOS,HUEVOS,,UNIDAD,"La Calera","1 un",GRAVADO,0,0,0,,,,PRODUCTO,,0,,PLAZAVEA,https://www.plazavea.com.pe/hervidor-de-huevo-la-calera-calerita-caja-1un-20633722/p
FRE-HUE-000019,,"Huevos Pardos Bell's Paquete 30 un",FRESCOS,HUEVOS,,UNIDAD,Bell's,"30 un",GRAVADO,0,0,0,,,,PRODUCTO,,0,,PLAZAVEA,https://www.plazavea.com.pe/huevos-pardos-bell-s-paquete-30un/p
FRE-HUE-000009,,"Huevos de Codorniz Bell's Bandeja 24 un",FRESCOS,HUEVOS,,UNIDAD,Bell's,"24 un",GRAVADO,0,0,0,,,,PRODUCTO,,0,,PLAZAVEA,https://www.plazavea.com.pe/huevos-de-codorniz-bells-bandeja-24un/p
FRE-HUE-000003,,"Huevos de Gallina Bell's Pardos Bandeja 15 un",FRESCOS,HUEVOS,,UNIDAD,Bell's,"15 un",GRAVADO,0,0,0,,,,PRODUCTO,,0,,PLAZAVEA,https://www.plazavea.com.pe/huevos-de-gallina-bells-pardos-bandeja-15un/p
GAL-CHO-000257,7751584000186,"Almendras Con Chocolate 2 Cerritos 125 g","GALLETAS Y DULCES",CHOCOLATES,,UNIDAD,"2 Cerritos","125 g",GRAVADO,0,0,0,,,,PRODUCTO,,0,,METRO,https://www.metro.pe/almendras-con-chocolate-2-cerritos-125g/p
GAL-CHO-000083,7750885025553,"Almendras Con Cobertura de Chocolate Vizzio 96 g","GALLETAS Y DULCES",CHOCOLATES,,UNIDAD,Vizzio,"96 g",GRAVADO,0,0,0,,,,PRODUCTO,,0,,METRO,https://www.metro.pe/almendras-con-cobertura-de-chocolate-vizzio-96g-1045755/p
GAL-CHO-000082,7750885026000,"Almendras Con Cobertura de Chocolate Vizzio Bitter 84 g","GALLETAS Y DULCES",CHOCOLATES,,UNIDAD,Vizzio,"84 g",GRAVADO,0,0,0,,,,PRODUCTO,,0,,METRO,https://www.metro.pe/almendras-con-cobertura-de-chocolate-vizzio-bitter-84g-1045756/p
GAL-CHO-000557,7750885011815,"Almendras Cubiertas de Chocolate Con Leche Costa Vizzio Lata 182 g","GALLETAS Y DULCES",CHOCOLATES,,UNIDAD,Costa,"182 g",GRAVADO,0,0,0,,,,PRODUCTO,,0,,PLAZAVEA,https://www.plazavea.com.pe/chocolate-con-leche-costa-vizzio-almendras-cubiertas-caja-182gr/p
GAL-CHO-000731,5901065005984,"Alpen Si Chocolate Alpen Amargo Envoltura 100 g","GALLETAS Y DULCES",CHOCOLATES,,UNIDAD,"Alpen Si","100 g",GRAVADO,0,0,0,,,,PRODUCTO,,0,,PLAZAVEA,https://www.plazavea.com.pe/chocolate-alpen-si-amargo-paquete-100gr/p
GAL-CHO-000730,5901065005526,"Alpen Si Chocolate Alpen Leche Envoltura 100 g","GALLETAS Y DULCES",CHOCOLATES,,UNIDAD,"Alpen Si","100 g",GRAVADO,0,0,0,,,,PRODUCTO,,0,,PLAZAVEA,https://www.plazavea.com.pe/chocolate-alpen-si-de-leche-paquete-100gr/p
GAL-CHO-000018,4000607850004,"Alpine Milk Chocolate Schogetten Tableta 100 g","GALLETAS Y DULCES",CHOCOLATES,,UNIDAD,Schogetten,"100 g",GRAVADO,0,0,0,,,,PRODUCTO,,0,,METRO,https://www.metro.pe/alpine-milk-chocolate-schogetten-tableta-100-g/p
GAL-CHO-000103,7757174015295,"Arcor Bombones Con Relleno Bon O Bon Halloween 75 g","GALLETAS Y DULCES",CHOCOLATES,,UNIDAD,Arcor,"75 g",GRAVADO,0,0,0,,,,PRODUCTO,,0,,METRO,https://www.metro.pe/bombones-con-relleno-bon-o-bon-halloween-75g-1024291/p
GAL-CHO-000184,7757174009959,"Arcor Bombones Con Relleno de Crema de Fresa Bon O Bon 105 g","GALLETAS Y DULCES",CHOCOLATES,,UNIDAD,Arcor,"105 g",GRAVADO,0,0,0,,,,PRODUCTO,,0,,METRO,https://www.metro.pe/bombones-con-relleno-de-crema-de-fresa-bon-o-bon-105g/p
GAL-CHO-000208,7757174011136,"Arcor Bombones Con Relleno de Crema de Maní Bon O Bon 150 g Surtido","GALLETAS Y DULCES",CHOCOLATES,,UNIDAD,Arcor,"150 g",GRAVADO,0,0,0,,,,PRODUCTO,,0,,METRO,https://www.metro.pe/bombones-con-relleno-de-crema-de-mani-bon-o-bon-150g-surtido/p
GAL-CHO-000303,7790580407711,"Arcor Bombones Con Relleno de Crema de Maní Bon O Bon 255 g","GALLETAS Y DULCES",CHOCOLATES,,UNIDAD,Arcor,"255 g",GRAVADO,0,0,0,,,,PRODUCTO,,0,,METRO,https://www.metro.pe/bombones-con-relleno-de-crema-de-mani-bon-o-bon-255g/p
GAL-CHO-000240,7802225511513,"Arcor Bombones Con Relleno de Crema de Maní Bon O Bon 450 g","GALLETAS Y DULCES",CHOCOLATES,,UNIDAD,Arcor,"450 g",GRAVADO,0,0,0,,,,PRODUCTO,,0,,METRO,https://www.metro.pe/bombones-con-relleno-de-crema-de-mani-bon-o-bon-450g/p
GAL-CHO-000159,7757174010436,"Arcor Bombones Con Rellenos Surtidos Privilegio XL 87.5 g Surtido","GALLETAS Y DULCES",CHOCOLATES,,UNIDAD,Arcor,"87.5 g",GRAVADO,0,0,0,,,,PRODUCTO,,0,,METRO,https://www.metro.pe/bombones-con-rellenos-surtidos-privilegio-xl-87-5g-surtido/p
GAL-CHO-000087,7757174015998,"Arcor Bombones Mini Bon O Bon Sabores Surtidos 360 g","GALLETAS Y DULCES",CHOCOLATES,,UNIDAD,Arcor,"360 g",GRAVADO,0,0,0,,,,PRODUCTO,,0,,METRO,https://www.metro.pe/bombones-mini-bon-o-bon-sabores-surtidos-360g-1041606/p
GAL-CHO-000496,7757174010009,"Arcor Bombones de Chocolate BON O BON Caja 75 g","GALLETAS Y DULCES",CHOCOLATES,,UNIDAD,Arcor,"75 g",GRAVADO,0,0,0,,,,PRODUCTO,,0,,PLAZAVEA,https://www.plazavea.com.pe/bombones-de-chocolate-bon-o-bon-caja-75g/p
GAL-CHO-001220,7757174010146,"Arcor Chocolate Sapito Mini Oblea de Colores Bolsa 312 g","GALLETAS Y DULCES",CHOCOLATES,,UNIDAD,Arcor,"312 g",GRAVADO,0,0,0,,,,PRODUCTO,,0,,PLAZAVEA,https://www.plazavea.com.pe/chocolate-sapito-mini-oblea-de-colores-bolsa-312g/p
GAL-CHO-001426,7757174010689,"Arcor Chocolates Privilegio Bastón Navidad Paquete 96 g","GALLETAS Y DULCES",CHOCOLATES,,UNIDAD,Arcor,"96 g",GRAVADO,0,0,0,,,,PRODUCTO,,0,,PLAZAVEA,https://www.plazavea.com.pe/chocolates-privilegio-baston-navidad-paquete-96g/p
GAL-CHO-000811,7757174013192,"Arcor Golosinas Mini Chocos 369 g","GALLETAS Y DULCES",CHOCOLATES,,UNIDAD,Arcor,"369 g",GRAVADO,0,0,0,,,,PRODUCTO,,0,,METRO,https://www.metro.pe/golosinas-mini-chocos-369g-1057709/p
GAL-CHO-003063,7757174008860,"Arcor Golosinas Rellenas Surtidas Mini Sapito Bolsa 275 g","GALLETAS Y DULCES",CHOCOLATES,,UNIDAD,Arcor,"275 g",GRAVADO,0,0,0,,,,PRODUCTO,,0,,METRO,https://www.metro.pe/golosinas-rellenas-surtidas-mini-sapito-bolsa-275-gr-2/p
GAL-CHO-001201,7899970401657,"Barra Hershey's Dark 73% Cacao Caja 85 g","GALLETAS Y DULCES",CHOCOLATES,,UNIDAD,Hershey's,"85 g",GRAVADO,0,0,0,,,,PRODUCTO,,0,,PLAZAVEA,https://www.plazavea.com.pe/barra-hersheys-dark-73-cacao-caja-85g/p
GAL-CHO-002228,7753534001946,"Barra de Chocolate Bitter 60% Helena Caja 150 g","GALLETAS Y DULCES",CHOCOLATES,,UNIDAD,Helena,"150 g",GRAVADO,0,0,0,,,,PRODUCTO,,0,,PLAZAVEA,https://www.plazavea.com.pe/barra-de-chocolate-bitter-60-helena-caja-150g/p
GAL-CHO-002234,7753534001915,"Barra de Chocolate Bitter 60% Helena Caja 50 g","GALLETAS Y DULCES",CHOCOLATES,,UNIDAD,Helena,"50 g",GRAVADO,0,0,0,,,,PRODUCTO,,0,,PLAZAVEA,https://www.plazavea.com.pe/barra-de-chocolate-bitter-60-helena-caja-50g/p
GAL-CHO-001871,7802225590457,"Barra de Chocolate Con Galleta Bon O Bon 41 g","GALLETAS Y DULCES",CHOCOLATES,,UNIDAD,"Bon O Bon","41 g",GRAVADO,0,0,0,,,,PRODUCTO,,0,,METRO,https://www.metro.pe/barra-de-chocolate-con-galleta-bon-o-bon-41g-1045745/p
GAL-CHO-002260,7899970400452,"Barra de Chocolate Hershey's Air Paquete 85 g","GALLETAS Y DULCES",CHOCOLATES,,UNIDAD,Hershey's,"85 g",GRAVADO,0,0,0,,,,PRODUCTO,,0,,PLAZAVEA,https://www.plazavea.com.pe/barra-de-chocolate-hersheys-air-paquete-85g/p
GAL-CHO-002294,7758149000018,"Barra de Chocolate Q'uma Aguaymanto 70% Cacao Caja 70 g","GALLETAS Y DULCES",CHOCOLATES,,UNIDAD,Quma,"70 g",GRAVADO,0,0,0,,,,PRODUCTO,,0,,PLAZAVEA,https://www.plazavea.com.pe/barra-de-chocolate-quma-aguaymanto-70-cacao-sin-azucar-caja-70g/p
GAL-CHO-002291,7758149000094,"Barra de Chocolate Q'uma Canela 70% Cacao Sin Azúcar Caja 70 g","GALLETAS Y DULCES",CHOCOLATES,,UNIDAD,Quma,"70 g",GRAVADO,0,0,0,,,,PRODUCTO,,0,,PLAZAVEA,https://www.plazavea.com.pe/barra-de-chocolate-quma-canela-70-cacao-sin-azucar-caja-70g/p
GAL-CHO-002292,7758149000025,"Barra de Chocolate Q'uma Extra Dark 70% Cacao Caja 70 g","GALLETAS Y DULCES",CHOCOLATES,,UNIDAD,Quma,"70 g",GRAVADO,0,0,0,,,,PRODUCTO,,0,,PLAZAVEA,https://www.plazavea.com.pe/barra-de-chocolate-quma-extra-dark-70-cacao-sin-azucar-caja-70g/p
GAL-CHO-002230,7753534001953,"Barra de Chocolate de Leche 45% Helena Caja 150 g","GALLETAS Y DULCES",CHOCOLATES,,UNIDAD,Helena,"150 g",GRAVADO,0,0,0,,,,PRODUCTO,,0,,PLAZAVEA,https://www.plazavea.com.pe/barra-de-chocolate-de-leche-45-helena-caja-150g/p
GAL-CHO-002235,7753534001908,"Barra de Chocolate de Leche 45% Helena Caja 50 g","GALLETAS Y DULCES",CHOCOLATES,,UNIDAD,Helena,"50 g",GRAVADO,0,0,0,,,,PRODUCTO,,0,,PLAZAVEA,https://www.plazavea.com.pe/barra-de-chocolate-de-leche-45-helena-caja-50g/p
GAL-CHO-003081,7613035539051,"Beso de Moza Vainilla Nestlé Caja 20 un","GALLETAS Y DULCES",CHOCOLATES,,UNIDAD,Nestlé,"20 un",GRAVADO,0,0,0,,,,PRODUCTO,,0,,METRO,https://www.metro.pe/beso-de-moza-vainilla-nestle-caja-20-unid-700524/p
GAL-CHO-001833,7757174012317,"Bolsita Bon O Bon 90 g","GALLETAS Y DULCES",CHOCOLATES,,UNIDAD,"Bon O Bon","90 g",GRAVADO,0,0,0,,,,PRODUCTO,,0,,METRO,https://www.metro.pe/bolsita-bon-o-bon-90g/p
GAL-CHO-002351,7751584001541,"Bombones 2 Cerritos Chocolate Caja 150 g","GALLETAS Y DULCES",CHOCOLATES,,UNIDAD,"2 Cerritos","150 g",GRAVADO,0,0,0,,,,PRODUCTO,,0,,PLAZAVEA,https://www.plazavea.com.pe/chocolate-2-cerritos-con-mani-caja-150gr/p
GAL-CHO-002499,8437016512043,"Bombones Avello Avellana Cofre Caja 15 un","GALLETAS Y DULCES",CHOCOLATES,,UNIDAD,Avello,"15 un",GRAVADO,0,0,0,,,,PRODUCTO,,0,,PLAZAVEA,https://www.plazavea.com.pe/bombones-avello-avellana-cofre-caja-15un/p
GAL-CHO-002498,8437016512050,"Bombones Avello Avellana Cofre Caja 20 un","GALLETAS Y DULCES",CHOCOLATES,,UNIDAD,Avello,"20 un",GRAVADO,0,0,0,,,,PRODUCTO,,0,,PLAZAVEA,https://www.plazavea.com.pe/bombones-avello-avellana-cofre-caja-20un/p
GAL-CHO-002494,8437016512029,"Bombones Avello Corazón Caja 8 un","GALLETAS Y DULCES",CHOCOLATES,,UNIDAD,Avello,"8 un",GRAVADO,0,0,0,,,,PRODUCTO,,0,,PLAZAVEA,https://www.plazavea.com.pe/bombones-avello-corazon-caja-8un/p
GAL-CHO-001953,5413121350018,"Bombones Belgian Hearts 200 g","GALLETAS Y DULCES",CHOCOLATES,,UNIDAD,Belgian,"200 g",GRAVADO,0,0,0,,,,PRODUCTO,,0,,METRO,https://www.metro.pe/bombones-belgian-hearts-200g-bombones-belgian-hearts-200g/p
GAL-CHO-001956,5413121351602,"Bombones Belgian Hearts 65 g","GALLETAS Y DULCES",CHOCOLATES,,UNIDAD,Belgian,"65 g",GRAVADO,0,0,0,,,,PRODUCTO,,0,,METRO,https://www.metro.pe/bombones-belgian-hearts-65g-bombones-belgian-hearts-65g/p
GAL-CHO-001860,5413121393459,"Bombones Belgian Salted Caramel Seashells 65 g","GALLETAS Y DULCES",CHOCOLATES,,UNIDAD,Belgian,"65 g",GRAVADO,0,0,0,,,,PRODUCTO,,0,,METRO,https://www.metro.pe/bombones-belgian-salted-caramel-seashells-65g-1066180/p
GAL-CHO-001943,5413121350032,"Bombones Belgian Seashells 250 g","GALLETAS Y DULCES",CHOCOLATES,,UNIDAD,Belgian,"250 g",GRAVADO,0,0,0,,,,PRODUCTO,,0,,METRO,https://www.metro.pe/bombones-belgian-seashells-250g-bombones-belgian-seashells-250g/p
GAL-CHO-001999,5413121350056,"Bombones Belgian Seashells 65 g","GALLETAS Y DULCES",CHOCOLATES,,UNIDAD,Belgian,"65 g",GRAVADO,0,0,0,,,,PRODUCTO,,0,,METRO,https://www.metro.pe/bombones-belgian-seashells-65g-bombones-belgian-seashells-65g/p
GAL-DUL-000148,7750262979295,"Algarrobina Olivos DEL SUR Botella 500 ml","GALLETAS Y DULCES",DULCES,,UNIDAD,"Olivos del Sur","500 ml",GRAVADO,0,0,0,,,,PRODUCTO,,0,,PLAZAVEA,https://www.plazavea.com.pe/algarrobina-olivos-del-sur-botella-500ml/p
GAL-DUL-000047,7750535430003,"Amora Miel de Abeja Amorely 500 g","GALLETAS Y DULCES",DULCES,,UNIDAD,Amora,"500 g",GRAVADO,0,0,0,,,,PRODUCTO,,0,,METRO,https://www.metro.pe/miel-de-abeja-amorely-500g-1069510/p
GAL-DUL-000034,7750612000839,"Campestre Mermelada Dietética de Piña Frasco 250 g Mermelada Dietética de Piña 250 g","GALLETAS Y DULCES",DULCES,,UNIDAD,Campestre,"250 g",GRAVADO,0,0,0,,,,PRODUCTO,,0,,METRO,https://www.metro.pe/mermelada-dietetica-de-pina-frasco-250-g/p
GAL-DUL-000097,7750612000136,"Campestre Mermelada Dietética de Sauco Frasco 250 g Mermelada Dietética de Sauco 250 g","GALLETAS Y DULCES",DULCES,,UNIDAD,Campestre,"250 g",GRAVADO,0,0,0,,,,PRODUCTO,,0,,METRO,https://www.metro.pe/mermelada-dietetica-de-sauco-frasco-250-g-317501005/p
GAL-DUL-000002,7750612000778,"Campestre Mermelada de Fresa Light Frasco 250 g","GALLETAS Y DULCES",DULCES,,UNIDAD,Campestre,"250 g",GRAVADO,0,0,0,,,,PRODUCTO,,0,,METRO,https://www.metro.pe/mermelada-de-fresa-light-frasco-250-g/p
GAL-DUL-000050,637793000995,"Conserva de Frambuesa Mackays 340 g","GALLETAS Y DULCES",DULCES,,UNIDAD,Mackays,"340 g",GRAVADO,0,0,0,,,,PRODUCTO,,0,,METRO,https://www.metro.pe/conserva-de-frambuesa-mackays-340g-1031073/p
GAL-DUL-000023,7898024395232,"Crema de Avellanas Nutella 140 g","GALLETAS Y DULCES",DULCES,,UNIDAD,Nutella,"140 g",GRAVADO,0,0,0,,,,PRODUCTO,,0,,METRO,https://www.metro.pe/crema-de-avellanas-nutella-140g/p
GAL-DUL-000073,7898024396529,"Crema de Avellanas Nutella 650 g","GALLETAS Y DULCES",DULCES,,UNIDAD,Nutella,"650 g",GRAVADO,0,0,0,,,,PRODUCTO,,0,,METRO,https://www.metro.pe/crema-de-avellanas-nutella-650g/p
GAL-DUL-000033,7750885016209,"Dulce Con Fresa Fanny Deli Fresa 950 g","GALLETAS Y DULCES",DULCES,,UNIDAD,Fanny,"950 g",GRAVADO,0,0,0,,,,PRODUCTO,,0,,METRO,https://www.metro.pe/dulce-con-fresa-fanny-deli-fresa-950g/p
GAL-DUL-000109,7750880000050,"Dulce Natura Miel de Abeja Dolce Natura Floración Eucalipto Frasco 600 g","GALLETAS Y DULCES",DULCES,,UNIDAD,"Dulce Natura","600 g",GRAVADO,0,0,0,,,,PRODUCTO,,0,,METRO,https://www.metro.pe/miel-de-abeja-dolce-natura-floracion-eucalipto-frasco-600-g/p
GAL-DUL-000110,7750880000043,"Dulce Natura Miel de Abeja Dolce Natura Floración Silvestre Frasco 300 g","GALLETAS Y DULCES",DULCES,,UNIDAD,"Dulce Natura","300 g",GRAVADO,0,0,0,,,,PRODUCTO,,0,,METRO,https://www.metro.pe/miel-de-abeja-dolce-natura-floracion-silvestre-frasco-300-g/p
GAL-DUL-000169,7750880000036,"Dulce Natura Miel de Abeja Dolce Natura Floración Silvestre Frasco 600 g","GALLETAS Y DULCES",DULCES,,UNIDAD,"Dulce Natura","600 g",GRAVADO,0,0,0,,,,PRODUCTO,,0,,METRO,https://www.metro.pe/miel-de-abeja-dolce-natura-floracion-silvestre-frasco-600-g/p
GAL-DUL-000287,7757388000575,"Dulce Untable Spread Frutos del Bosque Frasco 390 g","GALLETAS Y DULCES",DULCES,,UNIDAD,Spread,"390 g",GRAVADO,0,0,0,,,,PRODUCTO,,0,,PLAZAVEA,https://www.plazavea.com.pe/dulce-untable-spread-frutos-del-bosque-frasco-390g-20389922/p
GAL-DUL-000186,7750765006450,"Dulce de Arándano Light Casa Verde 180 g","GALLETAS Y DULCES",DULCES,,UNIDAD,"Casa Verde","180 g",GRAVADO,0,0,0,,,,PRODUCTO,,0,,METRO,https://www.metro.pe/dulce-de-ar-ndano-light-casa-verde-180g-1069622/p
GAL-DUL-000225,8410095008430,"Dulce de Fresa Helios Diet 280 g","GALLETAS Y DULCES",DULCES,,UNIDAD,Helios,"280 g",GRAVADO,0,0,0,,,,PRODUCTO,,0,,METRO,https://www.metro.pe/dulce-de-fresa-helios-diet-280g-477426005/p
GAL-DUL-000262,7790742140609,"Dulce de Leche LA Serenísima Estilo Colonial Pote 400 g","GALLETAS Y DULCES",DULCES,,UNIDAD,"La Serenisima","400 g",GRAVADO,0,0,0,,,,PRODUCTO,,0,,PLAZAVEA,https://www.plazavea.com.pe/dulce-de-leche-la-serenisima-estilo-colonial-pote-400g/p
GAL-DUL-000272,8433329135849,"El Corte Ingles Mermelada EL Corte DE Inglés Extra de Albaricoque frasco 410 g","GALLETAS Y DULCES",DULCES,,UNIDAD,"El Corte Ingles","410 g",GRAVADO,0,0,0,,,,PRODUCTO,,0,,PLAZAVEA,https://www.plazavea.com.pe/mermelada-el-corte-de-ingles-extra-de-albaricoque-frasco-410g/p
GAL-DUL-000316,8433329145237,"El Corte Ingles Mermelada EL Corte DE Inglés Extra de Higo frasco 410 g","GALLETAS Y DULCES",DULCES,,UNIDAD,"El Corte Ingles","410 g",GRAVADO,0,0,0,,,,PRODUCTO,,0,,PLAZAVEA,https://www.plazavea.com.pe/mermelada-el-corte-de-ingles-extra-de-higo-frasco-410g/p
GAL-DUL-000285,8433329135818,"El Corte Ingles Mermelada de Fresa el Corte DE Inglés Frasco 410 g","GALLETAS Y DULCES",DULCES,,UNIDAD,"El Corte Ingles","410 g",GRAVADO,0,0,0,,,,PRODUCTO,,0,,PLAZAVEA,https://www.plazavea.com.pe/mermelada-de-fresa-el-corte-de-ingles-frasco-410g/p
GAL-DUL-000329,7750885016858,"Jalea Deli Fresa Fanny Display 700 g","GALLETAS Y DULCES",DULCES,,UNIDAD,Fanny,"700 g",GRAVADO,0,0,0,,,,PRODUCTO,,0,,PLAZAVEA,https://www.plazavea.com.pe/jalea-deli-fresa-fanny-display-700g/p
GAL-DUL-000504,7750885021869,"Jalea de Fresa Fanny Deli Frasco 950 g","GALLETAS Y DULCES",DULCES,,UNIDAD,Fanny,"950 g",GRAVADO,0,0,0,,,,PRODUCTO,,0,,PLAZAVEA,https://www.plazavea.com.pe/jalea-de-fresa-fanny-deli-frasco-950g/p
GAL-DUL-000506,7750885021876,"Jalea de Fresa Fanny Deli Vaso 290 g","GALLETAS Y DULCES",DULCES,,UNIDAD,Fanny,"290 g",GRAVADO,0,0,0,,,,PRODUCTO,,0,,PLAZAVEA,https://www.plazavea.com.pe/jalea-de-fresa-fanny-deli-vaso-290g/p
GAL-DUL-000495,641218000576,"Jarabe de Agave Orgánico Nunatura Frasco 330 g","GALLETAS Y DULCES",DULCES,,UNIDAD,Nunatura,"330 g",GRAVADO,0,0,0,,,,PRODUCTO,,0,,PLAZAVEA,https://www.plazavea.com.pe/jarabe-de-agave-organico-nunatura-frasco-330g/p
GAL-DUL-000404,7750262002818,"Jarabe de Agave Orgánico Olivos del Sur Frasco 360 g","GALLETAS Y DULCES",DULCES,,UNIDAD,"Olivos del Sur","360 g",GRAVADO,0,0,0,,,,PRODUCTO,,0,,METRO,https://www.metro.pe/jarabe-de-agave-organico-olivos-del-sur-frasco-360-g/p
GAL-DUL-000496,641218000569,"Jarabe de Yacón Orgánico Nunatura Frasco 250 g","GALLETAS Y DULCES",DULCES,,UNIDAD,Nunatura,"250 g",GRAVADO,0,0,0,,,,PRODUCTO,,0,,PLAZAVEA,https://www.plazavea.com.pe/jarabe-de-yacon-organico-nunatura-frasco-250g/p
GAL-DUL-000451,7802950004892,"Manjar Blanco Nestlé Bolsa 1 kg","GALLETAS Y DULCES",DULCES,,UNIDAD,Nestlé,"1 kg",GRAVADO,0,0,0,,,,PRODUCTO,,0,,PLAZAVEA,https://www.plazavea.com.pe/manjar-nestle-bolsa-1kg/p
GAL-DUL-000440,7802950009408,"Manjar Blanco Nestlé Bolsa 200 g","GALLETAS Y DULCES",DULCES,,UNIDAD,Nestlé,"200 g",GRAVADO,0,0,0,,,,PRODUCTO,,0,,PLAZAVEA,https://www.plazavea.com.pe/manjar-nestle-bolsa-200g/p
GAL-DUL-000450,7802950009415,"Manjar Blanco Nestlé Bolsa 500 g","GALLETAS Y DULCES",DULCES,,UNIDAD,Nestlé,"500 g",GRAVADO,0,0,0,,,,PRODUCTO,,0,,PLAZAVEA,https://www.plazavea.com.pe/manjar-nestle-bolsa-500g/p
GAL-DUL-000383,7757505000044,"Mantequilla de Frutos Secos Almendras Crunchy The Butter Factory Frasco 200 g","GALLETAS Y DULCES",DULCES,,UNIDAD,"The Butter Factory","200 g",GRAVADO,0,0,0,,,,PRODUCTO,,0,,METRO,https://www.metro.pe/mantequilla-de-frutos-secos-almendras-crunchy-the-butter-factory-frasco-200-g-949167002/p
GAL-DUL-000384,7757505000037,"Mantequilla de Frutos Secos Almendras The Butter Factory Frasco 200 g","GALLETAS Y DULCES",DULCES,,UNIDAD,"The Butter Factory","200 g",GRAVADO,0,0,0,,,,PRODUCTO,,0,,METRO,https://www.metro.pe/mantequilla-de-frutos-secos-almendras-the-butter-factory-frasco-200-g-949167001/p
GAL-DUL-000385,7757505000068,"Mantequilla de Frutos Secos Choco Almendras The Butter Factory Frasco 200 g","GALLETAS Y DULCES",DULCES,,UNIDAD,"The Butter Factory","200 g",GRAVADO,0,0,0,,,,PRODUCTO,,0,,METRO,https://www.metro.pe/mantequilla-de-frutos-secos-choco-almendras-the-butter-factory-frasco-200-g-949168/p
GAL-DUL-000354,7757388000070,"Mantequilla de Maní Con Cacao Spread Chocomaní 410 g","GALLETAS Y DULCES",DULCES,,UNIDAD,Spread,"410 g",GRAVADO,0,0,0,,,,PRODUCTO,,0,,METRO,https://www.metro.pe/mantequilla-de-mani-con-cacao-spread-chocomani-410g-1013130/p
GAL-DUL-000351,7758090000013,"Mantequilla de Maní Sin Azúcar Santa Manía Frasco 230 g","GALLETAS Y DULCES",DULCES,,UNIDAD,"Santa Mania","230 g",GRAVADO,0,0,0,,,,PRODUCTO,,0,,METRO,https://www.metro.pe/mantequilla-de-mani-sin-azucar-santa-mania-frasco-230-g/p
GAL-DUL-000332,7757388000032,"Mantequilla de Maní Spread 410 g","GALLETAS Y DULCES",DULCES,,UNIDAD,Spread,"410 g",GRAVADO,0,0,0,,,,PRODUCTO,,0,,METRO,https://www.metro.pe/mantequilla-de-mani-spread-410g-1013131/p
GAL-DUL-000442,7750020652873,"Mermelada Bell's Fresa Frasco 1 kg","GALLETAS Y DULCES",DULCES,,UNIDAD,Bell's,"1 kg",GRAVADO,0,0,0,,,,PRODUCTO,,0,,PLAZAVEA,https://www.plazavea.com.pe/mermelada-bell’s-fruta-de-fresa-frasco-1kg/p
GAL-DUL-000455,7750020652866,"Mermelada Bell's Fresa Frasco 320 g","GALLETAS Y DULCES",DULCES,,UNIDAD,Bell's,"320 g",GRAVADO,0,0,0,,,,PRODUCTO,,0,,PLAZAVEA,https://www.plazavea.com.pe/mermelada-bell’s-fruta-de-fresa-frasco-320gr/p
GAL-DUL-000461,7750765004203,"Mermelada Casa Verde Arándano y Mango Frasco 210 g","GALLETAS Y DULCES",DULCES,,UNIDAD,"Casa Verde","210 g",GRAVADO,0,0,0,,,,PRODUCTO,,0,,PLAZAVEA,https://www.plazavea.com.pe/mermelada-casa-verde-arandano-y-mango-frasco-210g/p
GAL-DUL-000516,7751158002516,"Mermelada Compass Fresa Frasco 320 g","GALLETAS Y DULCES",DULCES,,UNIDAD,Compass,"320 g",GRAVADO,0,0,0,,,,PRODUCTO,,0,,PLAZAVEA,https://www.plazavea.com.pe/mermelada-compass-fresa-frasco-320g/p
GAL-DUL-000536,7751158010092,"Mermelada Compass Piña Vaso 320 g","GALLETAS Y DULCES",DULCES,,UNIDAD,Compass,"320 g",GRAVADO,0,0,0,,,,PRODUCTO,,0,,PLAZAVEA,https://www.plazavea.com.pe/mermelada-compass-pina-vaso-320g/p
GAL-DUL-000534,746242359024,"Mermelada Delga-C Fresa Sin Azúcar Frasco 285 g","GALLETAS Y DULCES",DULCES,,UNIDAD,"Delga C","285 g",GRAVADO,0,0,0,,,,PRODUCTO,,0,,PLAZAVEA,https://www.plazavea.com.pe/mermelada-delgac-fresa-sin-azucar-frasco-285g/p
GAL-GAL-000088,7751584004436,"2 Cerritos Galletas Con Cobertura de Chocolate Cachorritos 200 g","GALLETAS Y DULCES",GALLETAS,,UNIDAD,"2 Cerritos","200 g",GRAVADO,0,0,0,,,,PRODUCTO,,0,,METRO,https://www.metro.pe/galletas-con-cobertura-de-chocolate-cachorritos-200g-1049352/p
GAL-GAL-000087,7751584004269,"2 Cerritos Galletas Con Cobertura de Chocolate Con Leche Miami 200 g","GALLETAS Y DULCES",GALLETAS,,UNIDAD,"2 Cerritos","200 g",GRAVADO,0,0,0,,,,PRODUCTO,,0,,METRO,https://www.metro.pe/galletas-con-cobertura-de-chocolate-con-leche-miami-200g-1049351/p
GAL-GAL-000311,7790040420045,"Arcor Galletas Dulces Surtidas Sapito Bolsa 400 g","GALLETAS Y DULCES",GALLETAS,,UNIDAD,Arcor,"400 g",GRAVADO,0,0,0,,,,PRODUCTO,,0,,PLAZAVEA,https://www.plazavea.com.pe/galletas-dulces-surtidas-sapito-bolsa-400g/p
GAL-GAL-000093,7757174015721,"Arcor Galletas Surtidas Tren 400 g Surtido","GALLETAS Y DULCES",GALLETAS,,UNIDAD,Arcor,"400 g",GRAVADO,0,0,0,,,,PRODUCTO,,0,,METRO,https://www.metro.pe/galletas-surtidas-tren-400g-surtido-1027980/p
GAL-GAL-002269,7750446300099,"Ari Superfood Galletas Fortiarí Chocolate Ari 6 un","GALLETAS Y DULCES",GALLETAS,,UNIDAD,"Ari Superfood",,GRAVADO,0,0,0,,,,PRODUCTO,,0,,PLAZAVEA,https://www.plazavea.com.pe/galletas-fortiari-chocolate-ari-6-unidades-101495735/p
GAL-GAL-002268,7750446300068,"Ari Superfood Galletas Gluten Free Quinoa Cacao Ari 6 un","GALLETAS Y DULCES",GALLETAS,,UNIDAD,"Ari Superfood","6 un",GRAVADO,0,0,0,,,,PRODUCTO,,0,,PLAZAVEA,https://www.plazavea.com.pe/galletas-gluten-free-quinoa-cacao-ari-6-unidades-101495736/p
GAL-GAL-002267,7750446300051,"Ari Superfood Galletas Gluten Free Quinoa Orange Ari 6 un","GALLETAS Y DULCES",GALLETAS,,UNIDAD,"Ari Superfood","6 un",GRAVADO,0,0,0,,,,PRODUCTO,,0,,PLAZAVEA,https://www.plazavea.com.pe/galletas-gluten-free-quinoa-orange-ari-6-unidades-101495737/p
GAL-GAL-000104,7466762939034,"Barquillos Rellenos de Crema de Avellanas Pirucream 155 g","GALLETAS Y DULCES",GALLETAS,,UNIDAD,Pirucream,"155 g",GRAVADO,0,0,0,,,,PRODUCTO,,0,,METRO,https://www.metro.pe/barquillos-rellenos-de-crema-de-avellanas-pirucream-155g-981606/p
GAL-GAL-000358,8691707162478,"Biscolata Mood Galleta Con Caramelo Biscolata Break Bolsa 20 g","GALLETAS Y DULCES",GALLETAS,,UNIDAD,"Biscolata Mood","20 g",GRAVADO,0,0,0,,,,PRODUCTO,,0,,PLAZAVEA,https://www.plazavea.com.pe/galleta-con-caramelo-biscolata-break-bolsa-20g/p
GAL-GAL-000046,7750885021500,"Bizcocho Mini 20 un Chocman Costa 21 g","GALLETAS Y DULCES",GALLETAS,,UNIDAD,Costa,"20 un",GRAVADO,0,0,0,,,,PRODUCTO,,0,,METRO,https://www.metro.pe/bizcocho-mini-20un-chocman-costa-21g-2/p
GAL-GAL-000049,8000350005795,"Bizcotela Sin Gluten Ni Lactosa Vicenzovo Vicenzi Paquete 125 g","GALLETAS Y DULCES",GALLETAS,,UNIDAD,Vicenzi,"125 g",GRAVADO,0,0,0,,,,PRODUCTO,,0,,METRO,https://www.metro.pe/bizcotela-sin-gluten-ni-lactosa-vicenzovo-vicenzi-paquete-125-g-907986/p
GAL-GAL-000053,8000350000585,"Bizcotelas Vicenzi Vicenzovo 200 g","GALLETAS Y DULCES",GALLETAS,,UNIDAD,Vicenzi,"200 g",GRAVADO,0,0,0,,,,PRODUCTO,,0,,METRO,https://www.metro.pe/bizcotelas-vicenzi-vicenzovo-200g-61614/p
GAL-GAL-002099,7757174017596,"Bon O Bon Wafer de Maní Con Cobertura Sabor Chocolate Mini Bolsa 24 un","GALLETAS Y DULCES",GALLETAS,,UNIDAD,"Bon O Bon","24 un",GRAVADO,0,0,0,,,,PRODUCTO,,0,,METRO,https://www.metro.pe/wafer-de-mani-con-cobertura-sabor-chocolate-mini-bolsa-24-unid/p
GAL-GAL-000092,7702011205926,"Colombina Galletas Con Chips de Chocolate Moments 6 un","GALLETAS Y DULCES",GALLETAS,,UNIDAD,Colombina,"6 un",GRAVADO,0,0,0,,,,PRODUCTO,,0,,METRO,https://www.metro.pe/galletas-con-chips-de-chocolate-moments-6un-1031070/p
GAL-GAL-000130,7702011014344,"Colombina Galletas de Mantequilla Moments 280 g","GALLETAS Y DULCES",GALLETAS,,UNIDAD,Colombina,"280 g",GRAVADO,0,0,0,,,,PRODUCTO,,0,,METRO,https://www.metro.pe/galletas-de-mantequilla-moments-280g-2/p
GAL-GAL-000338,7891962071152,"Cookies Bauducco Original Bolsa 60 g","GALLETAS Y DULCES",GALLETAS,,UNIDAD,Bauducco,"60 g",GRAVADO,0,0,0,,,,PRODUCTO,,0,,PLAZAVEA,https://www.plazavea.com.pe/cookies-bauducco-original-bolsa-60g/p
GAL-GAL-000066,7750885027137,"Costa Bizcocho Con Crema de Coco Cancún 33 g","GALLETAS Y DULCES",GALLETAS,,UNIDAD,Costa,"33 g",GRAVADO,0,0,0,,,,PRODUCTO,,0,,METRO,https://www.metro.pe/bizcocho-con-crema-de-coco-canc-n-33g-1072320/p
GAL-GAL-000419,7750885028387,"Costa Bizcocho Con Crema de Coco Mini Cancún 20 un","GALLETAS Y DULCES",GALLETAS,,UNIDAD,Costa,"20 un",GRAVADO,0,0,0,,,,PRODUCTO,,0,,METRO,https://www.metro.pe/bizcocho-con-crema-de-coco-mini-canc-n-20un-1072314/p
GAL-GAL-000669,7750885025683,"Costa Galleta Choco Donuts Chocolate Blanco 6 un","GALLETAS Y DULCES",GALLETAS,,UNIDAD,Costa,"6 un",GRAVADO,0,0,0,,,,PRODUCTO,,0,,METRO,https://www.metro.pe/galleta-choco-donuts-chocolate-blanco-6un-1050087/p
GAL-GAL-000664,7750885019613,"Costa Galletas Agua Line 200 g","GALLETAS Y DULCES",GALLETAS,,UNIDAD,Costa,"200 g",GRAVADO,0,0,0,,,,PRODUCTO,,0,,METRO,https://www.metro.pe/galletas-agua-line-200g-5518/p
GAL-GAL-001227,7750885002721,"Costa Galletas Integrales Con Salvado de Trigo Bolsa 250 g","GALLETAS Y DULCES",GALLETAS,,UNIDAD,Costa,"250 g",GRAVADO,0,0,0,,,,PRODUCTO,,0,,METRO,https://www.metro.pe/galletas-integrales-con-salvado-de-trigo-bolsa-250-g-2/p
GAL-GAL-001410,7758386620215,"Costa Nik Wafer NIK Relleno Con Crema Sabor A Vainilla Bolsa 72 g Paquete 6 un","GALLETAS Y DULCES",GALLETAS,,UNIDAD,"Costa Nik","72 g",GRAVADO,0,0,0,,,,PRODUCTO,,0,,PLAZAVEA,https://www.plazavea.com.pe/wafer-nik-relleno-con-crema-sabor-a-vainilla-bolsa-72g-paquete-6un-1166935001/p
GAL-GAL-001206,7750079000014,"Fibra Light Galletas Salvado Con Ajonjolí Bolsa 70 g","GALLETAS Y DULCES",GALLETAS,,UNIDAD,"Fibra Light","70 g",GRAVADO,0,0,0,,,,PRODUCTO,,0,,METRO,https://www.metro.pe/galletas-salvado-con-ajonjoli-bolsa-70-g-2/p
GAL-GAL-001221,7622202818912,"Field Galletas Doña Pepa 23 g","GALLETAS Y DULCES",GALLETAS,,UNIDAD,Field,"23 g",GRAVADO,0,0,0,,,,PRODUCTO,,0,,METRO,https://www.metro.pe/galletas-dona-pepa-23g-817/p
GAL-GAL-001185,7622201733889,"Field Galletas Saladas Cream Crackers 258 g","GALLETAS Y DULCES",GALLETAS,,UNIDAD,Field,"258 g",GRAVADO,0,0,0,,,,PRODUCTO,,0,,METRO,https://www.metro.pe/galletas-saladas-cream-crackers-258g-990150/p
GAL-GAL-001208,7622202818967,"Field Galletas Travesuras 50 g","GALLETAS Y DULCES",GALLETAS,,UNIDAD,Field,"50 g",GRAVADO,0,0,0,,,,PRODUCTO,,0,,METRO,https://www.metro.pe/galletas-travesuras-50g-49219001/p
GAL-GAL-001280,7750168001106,"Field Wafer Con Cobertura Cua Cua 18 g","GALLETAS Y DULCES",GALLETAS,,UNIDAD,Field,"18 g",GRAVADO,0,0,0,,,,PRODUCTO,,0,,METRO,https://www.metro.pe/wafer-con-cobertura-cua-cua-18g-821/p
GAL-GAL-001209,7750168001533,"Field Wafer Con Cobertura Cua Cua Mini 42 g","GALLETAS Y DULCES",GALLETAS,,UNIDAD,Field,"42 g",GRAVADO,0,0,0,,,,PRODUCTO,,0,,METRO,https://www.metro.pe/wafer-con-cobertura-cua-cua-mini-42g-113924/p
GAL-GAL-001467,7750106003759,"GN Galletas Rellenitas de Coco Paquete 90 g","GALLETAS Y DULCES",GALLETAS,,UNIDAD,GN,"90 g",GRAVADO,0,0,0,,,,PRODUCTO,,0,,PLAZAVEA,https://www.plazavea.com.pe/galletas-rellenitas-de-coco-paquete-90g/p
GAL-GAL-001248,8699141058319,"Galleta Biscolata Mood Caramel Macchiato 115 g","GALLETAS Y DULCES",GALLETAS,,UNIDAD,Biscolata,"115 g",GRAVADO,0,0,0,,,,PRODUCTO,,0,,METRO,https://www.metro.pe/galleta-biscolata-mood-caramel-macchiato-115g-1062882/p
GAL-GAL-001249,8699141056261,"Galleta Biscolata Mood Night Bitter 115 g","GALLETAS Y DULCES",GALLETAS,,UNIDAD,Biscolata,"115 g",GRAVADO,0,0,0,,,,PRODUCTO,,0,,METRO,https://www.metro.pe/galleta-biscolata-mood-night-bitter-115g-1062880/p
GAL-GAL-001353,7750243052771,"Galleta Casino Sabor Alfajor Empaque 43 g Paquete 6 un","GALLETAS Y DULCES",GALLETAS,,UNIDAD,Casino,"43 g",GRAVADO,0,0,0,,,,PRODUCTO,,0,,PLAZAVEA,https://www.plazavea.com.pe/galleta-casino-sabor-alfajor-empaque-43g-paquete-6un/p
GAL-GAL-001387,7750243052757,"Galleta Casino Sabor Lúcuma Empaque 43 g Paquete 6 un","GALLETAS Y DULCES",GALLETAS,,UNIDAD,Casino,"43 g",GRAVADO,0,0,0,,,,PRODUCTO,,0,,PLAZAVEA,https://www.plazavea.com.pe/galleta-casino-sabor-lucuma-empaque-43g-paquete-6un/p
GAL-GAL-001312,7750243082747,"Galleta Casino Sabor Menta Empaque 43 g Paquete 12 un","GALLETAS Y DULCES",GALLETAS,,UNIDAD,Casino,"43 g",GRAVADO,0,0,0,,,,PRODUCTO,,0,,PLAZAVEA,https://www.plazavea.com.pe/galleta-casino-sabor-menta-empaque-43g-paquete-12un/p
GAL-GAL-001507,7750243080552,"Galleta Casino Sabor Pie de Limón Empaque 43 g Paquete 6 un","GALLETAS Y DULCES",GALLETAS,,UNIDAD,Casino,"43 g",GRAVADO,0,0,0,,,,PRODUCTO,,0,,PLAZAVEA,https://www.plazavea.com.pe/galleta-casino-sabor-pie-de-limon-empaque-43g-paquete-6un/p
GAL-GAL-001398,7750243077446,"Galleta Casino Sabor Tres Leches Empaque 43 g Paquete 6 un","GALLETAS Y DULCES",GALLETAS,,UNIDAD,Casino,"43 g",GRAVADO,0,0,0,,,,PRODUCTO,,0,,PLAZAVEA,https://www.plazavea.com.pe/galleta-casino-sabor-tres-leches-empaque-43g-paquete-6un/p
GAL-GAL-001444,7750243084024,"Galleta Casino Sabor Turrón empaque 43 g Paquete 6 un","GALLETAS Y DULCES",GALLETAS,,UNIDAD,Casino,"43 g",GRAVADO,0,0,0,,,,PRODUCTO,,0,,PLAZAVEA,https://www.plazavea.com.pe/galleta-casino-sabor-turron empaque-43g-paquete-6un/p
GAL-GAL-001252,7750243079334,"Galleta Casino Torre Fresa 129 g","GALLETAS Y DULCES",GALLETAS,,UNIDAD,Casino,"129 g",GRAVADO,0,0,0,,,,PRODUCTO,,0,,METRO,https://www.metro.pe/galleta-casino-torre-fresa-129g/p
GAL-GAL-001211,7750106000253,"Galleta Coconut San Jorge 450 g","GALLETAS Y DULCES",GALLETAS,,UNIDAD,"San Jorge","450 g",GRAVADO,0,0,0,,,,PRODUCTO,,0,,METRO,https://www.metro.pe/galleta-coconut-san-jorge-450g-1064087/p
GAL-GAL-001195,7750106001632,"Galleta Coconut San Jorge 55 g","GALLETAS Y DULCES",GALLETAS,,UNIDAD,"San Jorge","55 g",GRAVADO,0,0,0,,,,PRODUCTO,,0,,METRO,https://www.metro.pe/galleta-coconut-san-jorge-55g-1064088/p
GAL-GOL-000017,7750885026048,"Ambrosoli Caramelo Blando Fruna 72 g","GALLETAS Y DULCES",GOLOSINAS,,UNIDAD,Ambrosoli,"72 g",GRAVADO,0,0,0,,,,PRODUCTO,,0,,METRO,https://www.metro.pe/caramelo-blando-fruna-72g-1050092/p
GAL-GOL-000197,7750885005623,"Ambrosoli Caramelo Bon Ami","GALLETAS Y DULCES",GOLOSINAS,,UNIDAD,Ambrosoli,,GRAVADO,0,0,0,,,,PRODUCTO,,0,,METRO,https://www.metro.pe/caramelo-bon-ami/p
GAL-GOL-000041,7758751171557,"Ambrosoli Caramelos Banderitas 80 un","GALLETAS Y DULCES",GOLOSINAS,,UNIDAD,Ambrosoli,"80 un",GRAVADO,0,0,0,,,,PRODUCTO,,0,,METRO,https://www.metro.pe/caramelos-banderitas-80un-5338/p
GAL-GOL-000196,7750885005678,"Ambrosoli Caramelos Con Relleno Líquido Bon Ami Frutas 430 g","GALLETAS Y DULCES",GOLOSINAS,,UNIDAD,Ambrosoli,"430 g",GRAVADO,0,0,0,,,,PRODUCTO,,0,,METRO,https://www.metro.pe/caramelos-con-relleno-liquido-bon-ami-frutas-430g/p
GAL-GOL-000198,7750885276160,"Ambrosoli Caramelos Gajos Surtidos 390 g","GALLETAS Y DULCES",GOLOSINAS,,UNIDAD,Ambrosoli,"390 g",GRAVADO,0,0,0,,,,PRODUCTO,,0,,METRO,https://www.metro.pe/caramelos-gajos-surtidos-390g-245324/p
GAL-GOL-000020,7750885006163,"Ambrosoli Chupete Picolines 500 g","GALLETAS Y DULCES",GOLOSINAS,,UNIDAD,Ambrosoli,"500 g",GRAVADO,0,0,0,,,,PRODUCTO,,0,,METRO,https://www.metro.pe/chupete-picolines-500g-1045140/p
GAL-GOL-000047,7750885028370,"Ambrosoli Chupete Picolines Fiesta 240 g","GALLETAS Y DULCES",GOLOSINAS,,UNIDAD,Ambrosoli,"240 g",GRAVADO,0,0,0,,,,PRODUCTO,,0,,METRO,https://www.metro.pe/chupete-picolines-fiesta-240g-1072321/p
GAL-GOL-000010,7750885023146,"Ambrosoli Chupetín Colorado 24 un","GALLETAS Y DULCES",GOLOSINAS,,UNIDAD,Ambrosoli,"24 un",GRAVADO,0,0,0,,,,PRODUCTO,,0,,METRO,https://www.metro.pe/chupetin-colorado-24un-65194001/p
GAL-GOL-000037,7750885023122,"Ambrosoli Chupetín Pin Pop Sabores Surtidos 24 un","GALLETAS Y DULCES",GOLOSINAS,,UNIDAD,Ambrosoli,"24 un",GRAVADO,0,0,0,,,,PRODUCTO,,0,,METRO,https://www.metro.pe/chupetin-pin-pop-sabores-surtidos-24un/p
GAL-GOL-000062,7750885025591,"Ambrosoli Gomitas Ambroreino 90 g","GALLETAS Y DULCES",GOLOSINAS,,UNIDAD,Ambrosoli,"90 g",GRAVADO,0,0,0,,,,PRODUCTO,,0,,METRO,https://www.metro.pe/gomitas-ambroreino-90g-1050090/p
GAL-GOL-000063,7750885026017,"Ambrosoli Gomitas Ambrosaurios 90 g","GALLETAS Y DULCES",GOLOSINAS,,UNIDAD,Ambrosoli,"90 g",GRAVADO,0,0,0,,,,PRODUCTO,,0,,METRO,https://www.metro.pe/gomitas-ambrosaurios-90g-1050091/p
GAL-GOL-000036,7750885009157,"Ambrosoli Gomitas Ambrosito 90 g","GALLETAS Y DULCES",GOLOSINAS,,UNIDAD,Ambrosoli,"90 g",GRAVADO,0,0,0,,,,PRODUCTO,,0,,METRO,https://www.metro.pe/gomitas-ambrosito-90g/p
GAL-GOL-000018,7750885019255,"Ambrosoli Gomitas Ambrosía 90 g","GALLETAS Y DULCES",GOLOSINAS,,UNIDAD,Ambrosoli,"90 g",GRAVADO,0,0,0,,,,PRODUCTO,,0,,METRO,https://www.metro.pe/gomitas-ambros-a-90g-1048529/p
GAL-GOL-000016,7750885026628,"Ambrosoli Gomitas Frugelé Mix Tropical 430 g Gomitas Frugelé Mix Tropical 100 un","GALLETAS Y DULCES",GOLOSINAS,,UNIDAD,Ambrosoli,"430 g",GRAVADO,0,0,0,,,,PRODUCTO,,0,,METRO,https://www.metro.pe/gomitas-frugele-mix-tropical-430g-gomitas-frugele-mix-tropical-430g/p
GAL-GOL-000151,7750885017572,"Ambrosoli Toffee Sabor Chocolate Old England Toffee 100 un.","GALLETAS Y DULCES",GOLOSINAS,,UNIDAD,Ambrosoli,"100 un",GRAVADO,0,0,0,,,,PRODUCTO,,0,,METRO,https://www.metro.pe/toffee-sabor-chocolate-old-england-toffee-100un-2/p
GAL-GOL-000150,7750885017596,"Ambrosoli Toffee Sabor Menta Old England Toffee 100 un.","GALLETAS Y DULCES",GOLOSINAS,,UNIDAD,Ambrosoli,"100 un",GRAVADO,0,0,0,,,,PRODUCTO,,0,,METRO,https://www.metro.pe/toffee-sabor-menta-old-england-toffee-100un-2/p
GAL-GOL-000006,7750885017589,"Ambrosoli Toffee Sabores Surtidos Old England Toffee 100 un.","GALLETAS Y DULCES",GOLOSINAS,,UNIDAD,Ambrosoli,"100 un",GRAVADO,0,0,0,,,,PRODUCTO,,0,,METRO,https://www.metro.pe/toffee-sabores-surtidos-old-england-toffee-100un-2/p
GAL-GOL-000490,7758102004640,"America Org Goma de Mascar American Huevitos Bolsa 55 un","GALLETAS Y DULCES",GOLOSINAS,,UNIDAD,"America Org","55 un",GRAVADO,0,0,0,,,,PRODUCTO,,0,,PLAZAVEA,https://www.plazavea.com.pe/goma-de-mascar-american-huevitos-bolsa-55un-20214805/p
GAL-GOL-000156,7757174013833,"Arcor Balde Caramelos Masticables My Little Pony Halloween 92 g Surtido","GALLETAS Y DULCES",GOLOSINAS,,UNIDAD,Arcor,"92 g",GRAVADO,0,0,0,,,,PRODUCTO,,0,,METRO,https://www.metro.pe/balde-caramelos-masticables-my-little-pony-halloween-92g-surtido-2/p
GAL-GOL-000194,7757174006651,"Arcor Calabaza Caramelos Surtidos Calavera 100 g","GALLETAS Y DULCES",GOLOSINAS,,UNIDAD,Arcor,"100 g",GRAVADO,0,0,0,,,,PRODUCTO,,0,,METRO,https://www.metro.pe/calabaza-caramelos-surtidos-calavera-100g-2/p
GAL-GOL-000867,7757174009768,"Arcor Caramelos Con Leche Butter Toffees Bolsa 390 g","GALLETAS Y DULCES",GOLOSINAS,,UNIDAD,Arcor,"390 g",GRAVADO,0,0,0,,,,PRODUCTO,,0,,PLAZAVEA,https://www.plazavea.com.pe/caramelos-con-leche-butter-toffees-bolsa-390g/p
GAL-GOL-000672,7790580307301,"Arcor Caramelos Menta Chocolate 365 g","GALLETAS Y DULCES",GOLOSINAS,,UNIDAD,Arcor,"365 g",GRAVADO,0,0,0,,,,PRODUCTO,,0,,METRO,https://www.metro.pe/caramelos-menta-chocolate-365-g-50149001/p
GAL-GOL-000558,7750243076098,"Arcor Caramelos Sayón Yogurt Suak 400 g","GALLETAS Y DULCES",GOLOSINAS,,UNIDAD,Arcor,"400 g",GRAVADO,0,0,0,,,,PRODUCTO,,0,,METRO,https://www.metro.pe/caramelos-say-n-yogurt-suak-400g-1038288/p
GAL-GOL-000555,7757174016339,"Arcor Caramelos Surtidos Ojo Loco Sayon 330 g","GALLETAS Y DULCES",GOLOSINAS,,UNIDAD,Arcor,"330 g",GRAVADO,0,0,0,,,,PRODUCTO,,0,,METRO,https://www.metro.pe/caramelos-surtidos-ojo-loco-sayon-330g-1038287/p
GAL-GOL-001417,7757174009546,"Arcor Caramelos de Menta Alka Cristal Bolsa 360 g","GALLETAS Y DULCES",GOLOSINAS,,UNIDAD,Arcor,"360 g",GRAVADO,0,0,0,,,,PRODUCTO,,0,,METRO,https://www.metro.pe/caramelos-de-menta-alka-cristal-bolsa-360-gr/p
GAL-GOL-000556,7790580120573,"Arcor Chicle Top Line Ultra Clean Mint 12 un","GALLETAS Y DULCES",GOLOSINAS,,UNIDAD,Arcor,"12 un",GRAVADO,0,0,0,,,,PRODUCTO,,0,,METRO,https://www.metro.pe/chicle-top-line-ultra-clean-mint-12un-1041607/p
GAL-GOL-000608,7757174013710,"Arcor Chupete Mini Mr Pops pintalengua 200 g","GALLETAS Y DULCES",GOLOSINAS,,UNIDAD,Arcor,"200 g",GRAVADO,0,0,0,,,,PRODUCTO,,0,,METRO,https://www.metro.pe/chupete-mini-mr-pops-hw-pint-arcor-200g/p
GAL-GOL-000607,7757174013765,"Arcor Chupete Mr Pops halloween cíclope 432 g","GALLETAS Y DULCES",GOLOSINAS,,UNIDAD,Arcor,"432 g",GRAVADO,0,0,0,,,,PRODUCTO,,0,,METRO,https://www.metro.pe/chupete-mr-pops-hw-ciclop-arcor-432g/p
GAL-GOL-000646,7790580602000,"Arcor Gomitas Frutales Mogul 35 g","GALLETAS Y DULCES",GOLOSINAS,,UNIDAD,Arcor,"35 g",GRAVADO,0,0,0,,,,PRODUCTO,,0,,METRO,https://www.metro.pe/gomitas-frutales-mogul-35g-2/p
GAL-GOL-000970,7750060003253,"Barquillo Con Crema de Castaña LA Iberica Pote 350 g","GALLETAS Y DULCES",GOLOSINAS,,UNIDAD,"La Iberica","350 g",GRAVADO,0,0,0,,,,PRODUCTO,,0,,PLAZAVEA,https://www.plazavea.com.pe/barquillo-con-crema-de-castana-la-iberica-pote-350g-20357686/p
GAL-GOL-000856,8691707196107,"Biscolata Mood Wafer Biscolata Duomax Bolsa 44 g","GALLETAS Y DULCES",GOLOSINAS,,UNIDAD,"Biscolata Mood","44 g",GRAVADO,0,0,0,,,,PRODUCTO,,0,,PLAZAVEA,https://www.plazavea.com.pe/wafer-biscolata-duomax-bolsa-44g/p
GAL-GOL-000734,7750885025973,"Bizcocho Costa Cancún Paquete 6 un","GALLETAS Y DULCES",GOLOSINAS,,UNIDAD,Costa,"6 un",GRAVADO,0,0,0,,,,PRODUCTO,,0,,PLAZAVEA,https://www.plazavea.com.pe/bizcocho-costa-cancun-paquete-6un/p
GAL-GOL-000860,7750885019156,"Bizcocho Costa Chocman Black Bolsa 6 un","GALLETAS Y DULCES",GOLOSINAS,,UNIDAD,Costa,"6 un",GRAVADO,0,0,0,,,,PRODUCTO,,0,,PLAZAVEA,https://www.plazavea.com.pe/bizcocho-chocman-black-bolsa-6un/p
GAL-GOL-000743,7750885025935,"Bizcocho Costa Pokeke Paquete 6 un","GALLETAS Y DULCES",GOLOSINAS,,UNIDAD,Costa,"6 un",GRAVADO,0,0,0,,,,PRODUCTO,,0,,PLAZAVEA,https://www.plazavea.com.pe/bizcocho-costa-pokeke-paquete-6un/p
GAL-GOL-000742,7750885025959,"Bizcocho Relleno de Manjar Costa Chocman Doble Manjar Paquete 6 un","GALLETAS Y DULCES",GOLOSINAS,,UNIDAD,Costa,"6 un",GRAVADO,0,0,0,,,,PRODUCTO,,0,,PLAZAVEA,https://www.plazavea.com.pe/bizcococho-relleno-de-manjar-costa-chocman-doble-manjar-paquete-6un/p
GAL-GOL-000913,7702011122346,"Bon Bon Bum Chupetes BOM BOM BUM Con Chicle Sabor Fresa Bolsa 456 g","GALLETAS Y DULCES",GOLOSINAS,,UNIDAD,"Bon Bon Bum","456 g",GRAVADO,0,0,0,,,,PRODUCTO,,0,,PLAZAVEA,https://www.plazavea.com.pe/chupetes-bom-bom-bum-con-chicle-sabor-fresa-bolsa-24un/p
GAL-GOL-000891,7702011122292,"Bon Bon Bum Chupetes BOM BOM BUM Con Chicle Sabor Maracuyá Bolsa 456 g","GALLETAS Y DULCES",GOLOSINAS,,UNIDAD,"Bon Bon Bum","456 g",GRAVADO,0,0,0,,,,PRODUCTO,,0,,PLAZAVEA,https://www.plazavea.com.pe/chupetes-bom-bom-bum-con-chicle-sabor-maracuya-bolsa-24un/p
GAL-GOL-000764,7702011122339,"Bon Bon Bum Chupetes BOM BOM BUM Con Chicle Sabores Surtidos Bolsa 456 g","GALLETAS Y DULCES",GOLOSINAS,,UNIDAD,"Bon Bon Bum","456 g",GRAVADO,0,0,0,,,,PRODUCTO,,0,,PLAZAVEA,https://www.plazavea.com.pe/chupetes-bom-bom-bum-con-chicle-sabores-surtidos-bolsa-24un/p
GAL-GOL-000629,8435477906821,"Brickell Huevo Explosivo LOL Surprise Surtido","GALLETAS Y DULCES",GOLOSINAS,,UNIDAD,Brickell,,GRAVADO,0,0,0,,,,PRODUCTO,,0,,METRO,https://www.metro.pe/huevo-explosivo-lol-surprise-surtido-961878/p
GAL-GOL-000630,8435477906845,"Brickell Huevo Explosivo Paw Patrol Surtido","GALLETAS Y DULCES",GOLOSINAS,,UNIDAD,Brickell,,GRAVADO,0,0,0,,,,PRODUCTO,,0,,METRO,https://www.metro.pe/huevo-explosivo-paw-patrol-surtido-2/p
HIG-AFE-000710,8023277150041,"Afeitador Gama Sport GSH987 Inalambrico Seco y Humedo","HIGIENE PERSONAL",AFEITADO,,UNIDAD,Gama,,GRAVADO,0,0,0,,,,PRODUCTO,,0,,PLAZAVEA,https://www.plazavea.com.pe/afeitador-gama-sport-gsh987-inalambrico-seco-y-humedo-102138328/p
HIG-AFE-000284,8710103855415,"Afeitador Philips Mg3731 Recortador Grooming 8 En 1","HIGIENE PERSONAL",AFEITADO,,UNIDAD,Philips,,GRAVADO,0,0,0,,,,PRODUCTO,,0,,PLAZAVEA,https://www.plazavea.com.pe/afeitador-philips-mg3731-recortador-grooming-8-en-1-102078815/p
HIG-AFE-000750,6955549363304,"Afeitadora Cortadora y Nasal 3en1 Kemei KM-6330 Inalambrica","HIGIENE PERSONAL",AFEITADO,,UNIDAD,Kemei,,GRAVADO,0,0,0,,,,PRODUCTO,,0,,PLAZAVEA,https://www.plazavea.com.pe/afeitadora-cortadora-y-nasal-3en1-kemei-km-6330-inalambrica-102005285/p
HIG-AFE-000747,6974728530160,"Afeitadora Electrica Enchen X8S-C 5 En 1 Multifunción IPX7 Usb-C Negro","HIGIENE PERSONAL",AFEITADO,,UNIDAD,Enchen,,GRAVADO,0,0,0,,,,PRODUCTO,,0,,PLAZAVEA,https://www.plazavea.com.pe/afeitadora-electrica-enchen-x8s-c-5-en-1-multifuncion-ipx7-usb-c-negro-102075405/p
HIG-AFE-000205,6973224085228,"Afeitadora Eléctrica Kemei KM-TX10 Shaver Profesional Recargable Dorada","HIGIENE PERSONAL",AFEITADO,,UNIDAD,Kemei,,GRAVADO,0,0,0,,,,PRODUCTO,,0,,PLAZAVEA,https://www.plazavea.com.pe/afeitadora-electrica-kemei-km-tx10-shaver-profesional-recargable-dorada-102206657/p
HIG-AFE-000770,89465116515515,"Afeitadora Eléctrica Philips QP2824-10 de Cara y Cuerpo Oneblade","HIGIENE PERSONAL",AFEITADO,,UNIDAD,Philips,,GRAVADO,0,0,0,,,,PRODUCTO,,0,,PLAZAVEA,https://www.plazavea.com.pe/afeitadora-electrica-philips-qp2824-10-de-cara-y-cuerpo-oneblade-102027953/p
HIG-AFE-000242,89566556219626,"Afeitadora Eléctrica Shaver Philips S1881-00 Uso En Seco y Húmedo","HIGIENE PERSONAL",AFEITADO,,UNIDAD,Philips,,GRAVADO,0,0,0,,,,PRODUCTO,,0,,PLAZAVEA,https://www.plazavea.com.pe/afeitadora-electrica-shaver-philips-s1881-00-uso-en-seco-y-humedo-102134882/p
HIG-AFE-000576,6974728530245,"Afeitadora Multifuncional - Enchen - X8S-C - 5 En 1 MAX008STD","HIGIENE PERSONAL",AFEITADO,,UNIDAD,Enchen,,GRAVADO,0,0,0,,,,PRODUCTO,,0,,PLAZAVEA,https://www.plazavea.com.pe/afeitadora-multifuncional-enchen-x8s-c-5-en-1-101257311/p
HIG-AFE-000468,8720689013949,"Afeitadora Oneblade Face And Body QP2824 Philips Amarillo","HIGIENE PERSONAL",AFEITADO,,UNIDAD,Philips,,GRAVADO,0,0,0,,,,PRODUCTO,,0,,PLAZAVEA,https://www.plazavea.com.pe/recortador-philips-one-blade-qp2824-10-101736417/p
HIG-AFE-000473,8720689047531,"Afeitadora Philips 6d Inalámbrica Anticorrosiva - Carga 1 Hr","HIGIENE PERSONAL",AFEITADO,,UNIDAD,Philips,,GRAVADO,0,0,0,,,,PRODUCTO,,0,,PLAZAVEA,https://www.plazavea.com.pe/recortador-philips-s2885-6d-inalambrica-anticorrosiva-101736331/p
HIG-AFE-000474,8720689012850,"Afeitadora Philips One Blade QP142410 Dimm Negro","HIGIENE PERSONAL",AFEITADO,,UNIDAD,Philips,,GRAVADO,0,0,0,,,,PRODUCTO,,0,,PLAZAVEA,https://www.plazavea.com.pe/recortador-philips-one-blade-qp1424-10-101736267/p
HIG-AFE-000713,8720689024686,"Afeitadora Philips S1151 Recargable Uso Seco Y Húmedo","HIGIENE PERSONAL",AFEITADO,,UNIDAD,Philips,,GRAVADO,0,0,0,,,,PRODUCTO,,0,,PLAZAVEA,https://www.plazavea.com.pe/recortador-philips-s1151-recargable-uso-seco-y-humedo-101736251/p
HIG-AFE-000171,8720689047494,"Afeitadora Shaver Series 1000 Philips S1881-00 Uso En Seco y Húmedo","HIGIENE PERSONAL",AFEITADO,,UNIDAD,Philips,,GRAVADO,0,0,0,,,,PRODUCTO,,0,,PLAZAVEA,https://www.plazavea.com.pe/afeitadora-shaver-series-1000-philips-s1881-00-uso-en-seco-y-humedo-102254820/p
HIG-AFE-000172,8720689047555,"Afeitadora Shaver Series 3000 Philips S3882-00 Uso En Seco y Húmedo","HIGIENE PERSONAL",AFEITADO,,UNIDAD,Philips,,GRAVADO,0,0,0,,,,PRODUCTO,,0,,PLAZAVEA,https://www.plazavea.com.pe/afeitadora-shaver-series-3000-philips-s3882-00-uso-en-seco-y-humedo-102254645/p
HIG-AFE-001317,17743746246669,"Afeitadora de Barba Rotativa MN8X Beurer","HIGIENE PERSONAL",AFEITADO,,UNIDAD,Beurer,,GRAVADO,0,0,0,,,,PRODUCTO,,0,,PLAZAVEA,https://www.plazavea.com.pe/afeitadora-de-barba-rotativa-mn8x-beurer-101994518/p
HIG-AFE-001703,8809640735608,"Anua Rice 70 Moisturizing Milk 150 ml Loción Hidratante","HIGIENE PERSONAL",AFEITADO,,UNIDAD,Anua,"150 ml",GRAVADO,0,0,0,,,,PRODUCTO,,0,,PLAZAVEA,https://www.plazavea.com.pe/anua-rice-70-moisturizing-milk-150-ml-locion-hidratante-102051878/p
HIG-AFE-001754,7506460101088,"Banda Depilatoria Axilas y Bikini Veet Pure Fresh 16 un","HIGIENE PERSONAL",AFEITADO,,UNIDAD,Veet,"16 un",GRAVADO,0,0,0,,,,PRODUCTO,,0,,METRO,https://www.metro.pe/banda-depilatoria-axilas-y-bikini-veet-pure-fresh-16un-1020075/p
HIG-AFE-001755,7506460101064,"Banda Depilatoria Facial Veet Pure Fresh 16 un","HIGIENE PERSONAL",AFEITADO,,UNIDAD,Veet,"16 un",GRAVADO,0,0,0,,,,PRODUCTO,,0,,METRO,https://www.metro.pe/banda-depilatoria-facial-veet-pure-fresh-16un-1020073/p
HIG-AFE-001756,7506460101279,"Banda Depilatoria Piernas y Cuerpo Veet Pure Fresh 12 un","HIGIENE PERSONAL",AFEITADO,,UNIDAD,Veet,"12 un",GRAVADO,0,0,0,,,,PRODUCTO,,0,,METRO,https://www.metro.pe/banda-depilatoria-piernas-y-cuerpo-veet-pure-fresh-12un-1020074/p
HIG-AFE-001806,7750465005289,"Bandas Corporales Depiladoras Depilé Aloe Vera 12 un","HIGIENE PERSONAL",AFEITADO,,UNIDAD,Depile,"12 un",GRAVADO,0,0,0,,,,PRODUCTO,,0,,METRO,https://www.metro.pe/bandas-corporales-depiladoras-depil-aloe-vera-12un-552393001/p
HIG-AFE-001905,7750465005302,"Bandas Corporales Depiladoras Depilé Rosa Mosqueta 12 un","HIGIENE PERSONAL",AFEITADO,,UNIDAD,Depile,"12 un",GRAVADO,0,0,0,,,,PRODUCTO,,0,,METRO,https://www.metro.pe/bandas-corporales-depiladoras-depil-rosa-mosqueta-12un-552393003/p
HIG-AFE-001928,8413600511609,"Bandas Depilatorias Facial Veet Easy Gel Piel Normal 20 un","HIGIENE PERSONAL",AFEITADO,,UNIDAD,Veet,"20 un",GRAVADO,0,0,0,,,,PRODUCTO,,0,,METRO,https://www.metro.pe/bandas-depilatorias-facial-veet-easy-gel-piel-normal-20un/p
HIG-AFE-001843,7750465010191,"Bandas Depilatorias Faciales Depile Glow 12 un","HIGIENE PERSONAL",AFEITADO,,UNIDAD,Depile,"12 un",GRAVADO,0,0,0,,,,PRODUCTO,,0,,METRO,https://www.metro.pe/bandas-depilatorias-faciales-depile-glow-12un-1054174/p
HIG-AFE-001904,7750465005319,"Bandas Depilatorias Faciales Depilé Manzanilla 6 un","HIGIENE PERSONAL",AFEITADO,,UNIDAD,Depile,"6 un",GRAVADO,0,0,0,,,,PRODUCTO,,0,,METRO,https://www.metro.pe/bandas-depilatorias-faciales-depil-manzanilla-6un-552394/p
HIG-AFE-001913,8412300813006,"Bálsamo After Shave Nivea Men Protect & Care 100 ml","HIGIENE PERSONAL",AFEITADO,,UNIDAD,Nivea,"100 ml",GRAVADO,0,0,0,,,,PRODUCTO,,0,,METRO,https://www.metro.pe/balsamo-after-shave-nivea-men-protect-care-100ml/p
HIG-AFE-001912,8715200813061,"Bálsamo After Shave Nivea Men Sensitive Protect 100 ml","HIGIENE PERSONAL",AFEITADO,,UNIDAD,Nivea,"100 ml",GRAVADO,0,0,0,,,,PRODUCTO,,0,,METRO,https://www.metro.pe/balsamo-after-shave-nivea-men-sensitive-protect-100ml/p
HIG-AFE-002187,6921469410091,"Bálsamo Labial Flower Secret","HIGIENE PERSONAL",AFEITADO,,UNIDAD,"Flower Secret",,GRAVADO,0,0,0,,,,PRODUCTO,,0,,PLAZAVEA,https://www.plazavea.com.pe/balsamo-labial-flower-secret-101960400/p
HIG-AFE-002471,8410737000198,"Bálsamo Para Después del Afeitado LEA 3 En 1 Frasco 125 ml","HIGIENE PERSONAL",AFEITADO,,UNIDAD,Lea,"125 ml",GRAVADO,0,0,0,,,,PRODUCTO,,0,,PLAZAVEA,https://www.plazavea.com.pe/locion-lea-after-shave-balsamo-3-en-1-frasco-125ml/p
HIG-AFE-002473,8410737001133,"Bálsamo Para Después del Afeitado LEA Frasco 75 ml","HIGIENE PERSONAL",AFEITADO,,UNIDAD,Lea,"75 ml",GRAVADO,0,0,0,,,,PRODUCTO,,0,,PLAZAVEA,https://www.plazavea.com.pe/locion-lea-after-shave-balsamo-3-en-1-frasco-75ml/p
HIG-AFE-001883,7750465008631,"Cera Depilatoria En Olla Depilé Vainilla 200 g","HIGIENE PERSONAL",AFEITADO,,UNIDAD,Depile,"200 g",GRAVADO,0,0,0,,,,PRODUCTO,,0,,METRO,https://www.metro.pe/cera-depilatoria-en-olla-depil-vainilla-200g-957888/p
HIG-AFE-001880,7750465008594,"Cera Depilatoria En Perlas Depilé Vainilla 200 g","HIGIENE PERSONAL",AFEITADO,,UNIDAD,Depile,"200 g",GRAVADO,0,0,0,,,,PRODUCTO,,0,,METRO,https://www.metro.pe/cera-depilatoria-en-perlas-depil-vainilla-200g-946647/p
HIG-AFE-002263,8710103842705,"Cortadora Philips de Cabello Y Barba 8 En 1 mg3731","HIGIENE PERSONAL",AFEITADO,,UNIDAD,Philips,,GRAVADO,0,0,0,,,,PRODUCTO,,0,,PLAZAVEA,https://www.plazavea.com.pe/recortador-philips-mg3731-8-en-1-101736474/p
HIG-AFE-002266,8710103842798,"Cortadora de Cabello Philips de 13 Posiciones HC3505","HIGIENE PERSONAL",AFEITADO,,UNIDAD,Philips,,GRAVADO,0,0,0,,,,PRODUCTO,,0,,PLAZAVEA,https://www.plazavea.com.pe/recortador-philips-hc3505-15-13-posiciones-101736359/p
HIG-AFE-002267,8710103897842,"Cortadora de Cabello Philips de 28 Posiciones HC5630","HIGIENE PERSONAL",AFEITADO,,UNIDAD,Philips,,GRAVADO,0,0,0,,,,PRODUCTO,,0,,PLAZAVEA,https://www.plazavea.com.pe/recortador-philips-hc5630-serie-5000-101736350/p
HIG-AFE-002373,0043917031569,"Cortadora de Cabello Wahl 10 Piezas Easy CUT 09314-3218 09314-3218","HIGIENE PERSONAL",AFEITADO,,UNIDAD,Wahl,,GRAVADO,0,0,0,,,,PRODUCTO,,0,,PLAZAVEA,https://www.plazavea.com.pe/cortadora-de-cabello-wahl-10-piezas-easy-cut-09314-3218-101221162/p
HIG-AFE-002375,0043917963808,"Cortadora de Cabello Wahl 20 Piezas 09314-1718 09314-1718","HIGIENE PERSONAL",AFEITADO,,UNIDAD,Wahl,,GRAVADO,0,0,0,,,,PRODUCTO,,0,,PLAZAVEA,https://www.plazavea.com.pe/cortadora-de-cabello-wahl-20-piezas-09314-1718-101221108/p
HIG-AFE-002374,043917024073,"Cortadora de Cabello Wahl Para Bebes y Niños 70002-008 70002-008","HIGIENE PERSONAL",AFEITADO,,UNIDAD,Wahl,,GRAVADO,0,0,0,,,,PRODUCTO,,0,,PLAZAVEA,https://www.plazavea.com.pe/cortadora-de-cabello-wahl-para-bebes-y-ninos-70002-008-101221110/p
HIG-AFE-002378,043917013220,"Cortadora de Cabello y Barba Groom PRO Wahl 3024663 3024663","HIGIENE PERSONAL",AFEITADO,,UNIDAD,Wahl,,GRAVADO,0,0,0,,,,PRODUCTO,,0,,PLAZAVEA,https://www.plazavea.com.pe/cortadora-de-cabello-y-barba-groom-pro-wahl-3024663-101218615/p
HIG-AFE-002379,043917012971,"Cortadora de Cabello y Barba Wahl Inalambrica 3024610 3024610","HIGIENE PERSONAL",AFEITADO,,UNIDAD,Wahl,,GRAVADO,0,0,0,,,,PRODUCTO,,0,,PLAZAVEA,https://www.plazavea.com.pe/cortadora-de-cabello-y-barba-wahl-inalambrica-3024610-101218570/p
HIG-AFE-001893,7750465005937,"Crema Depiladora Bajo la Ducha Depilé Frutos del Bosque 200 ml","HIGIENE PERSONAL",AFEITADO,,UNIDAD,Depile,"200 ml",GRAVADO,0,0,0,,,,PRODUCTO,,0,,METRO,https://www.metro.pe/crema-depiladora-bajo-la-ducha-depil-frutos-del-bosque-200ml-569659/p
HIG-DEN-000406,4210201338475,"Cabezal Redondo de Repuesto Para Cepillo Eléctrico Oral-B Disney Cars Caja 2 un","HIGIENE PERSONAL","CUIDADO DENTAL",,UNIDAD,Oral-B,"2 un",GRAVADO,0,0,0,,,,PRODUCTO,,0,,PLAZAVEA,https://www.plazavea.com.pe/cabezal-redondo-de-repuesto-para-cepillo-electrico-oralb-disney-cars-caja-2un-20319245/p
HIG-DEN-000369,7500435241236,"Cabezales de Repuesto Oral-B Para Cepillo Dental Eléctrico Disney Frozen Blíster 2 un","HIGIENE PERSONAL","CUIDADO DENTAL",,UNIDAD,Oral-B,"2 un",GRAVADO,0,0,0,,,,PRODUCTO,,0,,PLAZAVEA,https://www.plazavea.com.pe/cabezales-de-repuesto-oralb-para-cepillo-dental-electrico-disney-frozen-blister-2un/p
HIG-DEN-000311,4210201431282,"Cabezales de Repuesto Para Cepillo Dental Eléctrico Oral-B Io Ultimate Clean Caja 2 un","HIGIENE PERSONAL","CUIDADO DENTAL",,UNIDAD,Oral-B,"2 un",GRAVADO,0,0,0,,,,PRODUCTO,,0,,PLAZAVEA,https://www.plazavea.com.pe/cabezales-de-repuesto-para-cepillo-dental-electrico-oral-b-io-ultimate-clean-caja-2un-20565212/p
HIG-DEN-000473,7794640171345,"Cepillo Dental Aquafresh Big Teeth Desde 6 Años - Paquete 1 un","HIGIENE PERSONAL","CUIDADO DENTAL",,UNIDAD,Aquafresh,"1 un",GRAVADO,0,0,0,,,,PRODUCTO,,0,,PLAZAVEA,https://www.plazavea.com.pe/cepillo-dental-aquafresh-my-big-teeth-paquete-1un/p
HIG-DEN-000216,7509546031828,"Cepillo Dental Colgate Extra Clean Firme Doble Acción 2 un","HIGIENE PERSONAL","CUIDADO DENTAL",,UNIDAD,Colgate,"2 un",GRAVADO,0,0,0,,,,PRODUCTO,,0,,PLAZAVEA,https://www.plazavea.com.pe/cepillo-dental-colgate-extra-clean-firme-paquete-2un/p
HIG-DEN-000204,7509546061689,"Cepillo Dental Colgate Slim Soft Carbón X 2 un","HIGIENE PERSONAL","CUIDADO DENTAL",,UNIDAD,Colgate,"2 un",GRAVADO,0,0,0,,,,PRODUCTO,,0,,PLAZAVEA,https://www.plazavea.com.pe/cepillo-dental-colgate-slim-soft-carbon-x-2un/p
HIG-DEN-000947,4210201334712,"Cepillo Dental Eléctrico Oral-B Disney Princesas Caja 1 un","HIGIENE PERSONAL","CUIDADO DENTAL",,UNIDAD,Oral-B,"1 un",GRAVADO,0,0,0,,,,PRODUCTO,,0,,PLAZAVEA,https://www.plazavea.com.pe/cepillo-dental-electrico-oralb-disney-princesas-caja-1un/p
HIG-DEN-000927,4210201408994,"Cepillo Dental Eléctrico Oral-B Marvel Spiderman Para Niños +3 Gancho Paquete 1 un + 1 Repuesto","HIGIENE PERSONAL","CUIDADO DENTAL",,UNIDAD,Oral-B,"1 un",GRAVADO,0,0,0,,,,PRODUCTO,,0,,PLAZAVEA,https://www.plazavea.com.pe/cepillo-dental-electrico-oralb-marvel-spiderman-para-ninos-3-gancho-paquete-1un1-repuesto-20389726/p
HIG-DEN-000689,7794640171697,"Cepillo Dental Medio Sensodyne Multi Protección","HIGIENE PERSONAL","CUIDADO DENTAL",,UNIDAD,Sensodyne,,GRAVADO,0,0,0,,,,PRODUCTO,,0,,METRO,https://www.metro.pe/cepillo-dental-medio-sensodyne-multi-proteccion/p
HIG-DEN-001158,3014260846800,"Cepillo Dental Oral-B Complete Suave Paquete 3 un","HIGIENE PERSONAL","CUIDADO DENTAL",,UNIDAD,Oral-B,"3 un",GRAVADO,0,0,0,,,,PRODUCTO,,0,,PLAZAVEA,https://www.plazavea.com.pe/cepillo-dental-oral-b-complete-suave-paquete-3un/p
HIG-DEN-000760,7794640172502,"Cepillo Dental Sensodyne Limpieza Profunda - Paquete 1 un","HIGIENE PERSONAL","CUIDADO DENTAL",,UNIDAD,Sensodyne,"1 un",GRAVADO,0,0,0,,,,PRODUCTO,,0,,PLAZAVEA,https://www.plazavea.com.pe/cepillo-dental-sensodyne-limpieza-profunda/p
HIG-DEN-001495,6972417695091,"Cepillo Electrico - Enchen - Aurora T+ - Rojo CEAT01SRE","HIGIENE PERSONAL","CUIDADO DENTAL",,UNIDAD,Enchen,,GRAVADO,0,0,0,,,,PRODUCTO,,0,,PLAZAVEA,https://www.plazavea.com.pe/cepillo-electrico-enchen-aurora-t-rojo-101274517/p
HIG-DEN-001498,6972417695084,"Cepillo Electrico - Enchen - Aurora T+ - Rosado CEAT01SPI","HIGIENE PERSONAL","CUIDADO DENTAL",,UNIDAD,Enchen,,GRAVADO,0,0,0,,,,PRODUCTO,,0,,PLAZAVEA,https://www.plazavea.com.pe/cepillo-electrico-enchen-aurora-t-rosado-101274488/p
HIG-DEN-001588,6973106050108,"Cepillo Eléctrico Infly P60 Azul","HIGIENE PERSONAL","CUIDADO DENTAL",,UNIDAD,Infly,,GRAVADO,0,0,0,,,,PRODUCTO,,0,,PLAZAVEA,https://www.plazavea.com.pe/cepillo-electrico-infly-p60-azul-100070719/p
HIG-DEN-001589,6973106050115,"Cepillo Eléctrico Infly P60 Gris","HIGIENE PERSONAL","CUIDADO DENTAL",,UNIDAD,Infly,,GRAVADO,0,0,0,,,,PRODUCTO,,0,,PLAZAVEA,https://www.plazavea.com.pe/cepillo-electrico-infly-p60-gris-100070715/p
HIG-DEN-001590,6973106050092,"Cepillo Eléctrico Infly P60 Rosa","HIGIENE PERSONAL","CUIDADO DENTAL",,UNIDAD,Infly,,GRAVADO,0,0,0,,,,PRODUCTO,,0,,PLAZAVEA,https://www.plazavea.com.pe/cepillo-electrico-infly-p60-rosa-100069882/p
HIG-DEN-001263,7500435228152,"Cepillo Oral B Enjuague Detox 500 ml","HIGIENE PERSONAL","CUIDADO DENTAL",,UNIDAD,Oral-B,"500 ml",GRAVADO,0,0,0,,,,PRODUCTO,,0,,METRO,https://www.metro.pe/cepillo-oral-b-enjuague-detox-500ml-1004945/p
HIG-DEN-001267,7509546680859,"Cepillo de Dientes Colgate 2-5 Años Agnes y Fluffy 2 un Surtido","HIGIENE PERSONAL","CUIDADO DENTAL",,UNIDAD,Colgate,"2 un",GRAVADO,0,0,0,,,,PRODUCTO,,0,,METRO,https://www.metro.pe/cepillo-de-dientes-colgate-2-5-anos-agnes-y-fluffy-2un-surtido-989715/p
HIG-DEN-001229,7509546055152,"Cepillo de Dientes Colgate 360 Luminous White Medio 2 un","HIGIENE PERSONAL","CUIDADO DENTAL",,UNIDAD,Colgate,"2 un",GRAVADO,0,0,0,,,,PRODUCTO,,0,,METRO,https://www.metro.pe/cepillo-de-dientes-colgate-360-luminous-white-medio-2un-496603/p
HIG-DEN-001279,7509546664781,"Cepillo de Dientes Colgate 360° Antibacterial 2 un","HIGIENE PERSONAL","CUIDADO DENTAL",,UNIDAD,Colgate,"2 un",GRAVADO,0,0,0,,,,PRODUCTO,,0,,METRO,https://www.metro.pe/cepillo-de-dientes-colgate-360-antibacterial-2un-890780/p
HIG-DEN-001724,7891024316207,"Cepillo de Dientes Colgate 360° Limpieza Completa 2 un","HIGIENE PERSONAL","CUIDADO DENTAL",,UNIDAD,Colgate,"2 un",GRAVADO,0,0,0,,,,PRODUCTO,,0,,METRO,https://www.metro.pe/cepillo-de-dientes-colgate-360-limpieza-completa-2un-524338/p
HIG-DEN-001646,7702010631795,"Cepillo de Dientes Colgate 360° Limpieza Completa 5 un","HIGIENE PERSONAL","CUIDADO DENTAL",,UNIDAD,Colgate,"5 un",GRAVADO,0,0,0,,,,PRODUCTO,,0,,METRO,https://www.metro.pe/cepillo-de-dientes-colgate-360-limpieza-completa-5un-727947/p
HIG-DEN-001732,7509546055169,"Cepillo de Dientes Colgate 360° Luminous White Lovers 2 un","HIGIENE PERSONAL","CUIDADO DENTAL",,UNIDAD,Colgate,"2 un",GRAVADO,0,0,0,,,,PRODUCTO,,0,,METRO,https://www.metro.pe/cepillo-de-dientes-colgate-360-luminous-white-lovers-2un-517940/p
HIG-DEN-001666,7702010631771,"Cepillo de Dientes Colgate 360° Luminous White Medio 5 un","HIGIENE PERSONAL","CUIDADO DENTAL",,UNIDAD,Colgate,"5 un",GRAVADO,0,0,0,,,,PRODUCTO,,0,,METRO,https://www.metro.pe/cepillo-de-dientes-colgate-360-luminous-white-medio-5un-557112/p
HIG-DEN-001612,7509546653143,"Cepillo de Dientes Colgate Colors 5 un","HIGIENE PERSONAL","CUIDADO DENTAL",,UNIDAD,Colgate,"5 un",GRAVADO,0,0,0,,,,PRODUCTO,,0,,METRO,https://www.metro.pe/cepillo-de-dientes-colgate-colors-5un-2/p
HIG-DEN-001793,7509546667744,"Cepillo de Dientes Colgate Encías Therapy X2 un","HIGIENE PERSONAL","CUIDADO DENTAL",,UNIDAD,Colgate,"2 un",GRAVADO,0,0,0,,,,PRODUCTO,,0,,PLAZAVEA,https://www.plazavea.com.pe/cepillo-de-dientes-colgate-encias-therapy-x2un/p
HIG-DEN-001602,7891024116128,"Cepillo de Dientes Colgate Extra Clean 3 un","HIGIENE PERSONAL","CUIDADO DENTAL",,UNIDAD,Colgate,"3 un",GRAVADO,0,0,0,,,,PRODUCTO,,0,,METRO,https://www.metro.pe/cepillo-de-dientes-colgate-extra-clean-3un-716869/p
HIG-DEN-001672,7509546702476,"Cepillo de Dientes Colgate Harry Potter Adultos 2 un","HIGIENE PERSONAL","CUIDADO DENTAL",,UNIDAD,Colgate,"2 un",GRAVADO,0,0,0,,,,PRODUCTO,,0,,METRO,https://www.metro.pe/cepillo-de-dientes-colgate-harry-potter-adultos-2un-1073172/p
HIG-DEN-001680,7509546695082,"Cepillo de Dientes Colgate Luminous White Charcoal 2 un","HIGIENE PERSONAL","CUIDADO DENTAL",,UNIDAD,Colgate,"2 un",GRAVADO,0,0,0,,,,PRODUCTO,,0,,METRO,https://www.metro.pe/cepillo-de-dientes-colgate-luminous-white-charcoal-2un-1059728/p
HIG-DEN-002027,7509546073453,"Cepillo de Dientes Colgate Niños 5+ Años Blíster 2 un","HIGIENE PERSONAL","CUIDADO DENTAL",,UNIDAD,Colgate,"2 un",GRAVADO,0,0,0,,,,PRODUCTO,,0,,PLAZAVEA,https://www.plazavea.com.pe/cepillo-dental-colgate-5-anos-extra-suave-paquete-2un/p
HIG-DEN-001719,7509546074306,"Cepillo de Dientes Colgate Pro Cuidado 3 un","HIGIENE PERSONAL","CUIDADO DENTAL",,UNIDAD,Colgate,"3 un",GRAVADO,0,0,0,,,,PRODUCTO,,0,,METRO,https://www.metro.pe/cepillo-de-dientes-colgate-pro-cuidado-3un-574673/p
HIG-DEN-001616,7509546074313,"Cepillo de Dientes Colgate Pro Cuidado 4 un","HIGIENE PERSONAL","CUIDADO DENTAL",,UNIDAD,Colgate,"4 un",GRAVADO,0,0,0,,,,PRODUCTO,,0,,METRO,https://www.metro.pe/cepillo-de-dientes-colgate-pro-cuidado-4un-724135/p
HIG-DEN-001693,7509546686929,"Cepillo de Dientes Colgate Sensitive Ultra Suave 2 un","HIGIENE PERSONAL","CUIDADO DENTAL",,UNIDAD,Colgate,"2 un",GRAVADO,0,0,0,,,,PRODUCTO,,0,,METRO,https://www.metro.pe/cepillo-de-dientes-colgate-sensitive-ultra-suave-2un-1006852/p
HIG-DEN-001665,7891024064313,"Cepillo de Dientes Colgate Slim Soft Advanced 2 un","HIGIENE PERSONAL","CUIDADO DENTAL",,UNIDAD,Colgate,"2 un",GRAVADO,0,0,0,,,,PRODUCTO,,0,,METRO,https://www.metro.pe/cepillo-de-dientes-colgate-slim-soft-advanced-2un-769745/p
HIG-DEN-001677,7509546702469,"Cepillo de Dientes Colgate Smiles Harry Potter Ultra Suave 2 un","HIGIENE PERSONAL","CUIDADO DENTAL",,UNIDAD,Colgate,"2 un",GRAVADO,0,0,0,,,,PRODUCTO,,0,,METRO,https://www.metro.pe/cepillo-de-dientes-colgate-smiles-harry-potter-ultra-suave-2un-1067987/p
HIG-DEN-001684,7509546693729,"Cepillo de Dientes Colgate Total Limpieza Suave","HIGIENE PERSONAL","CUIDADO DENTAL",,UNIDAD,Colgate,,GRAVADO,0,0,0,,,,PRODUCTO,,0,,METRO,https://www.metro.pe/cepillo-de-dientes-colgate-total-limpieza-suave-1023827/p
HIG-DEN-002045,7702010631405,"Cepillo de Dientes Colgate Twister Medio Blíster 3 un","HIGIENE PERSONAL","CUIDADO DENTAL",,UNIDAD,Colgate,"3 un",GRAVADO,0,0,0,,,,PRODUCTO,,0,,PLAZAVEA,https://www.plazavea.com.pe/cepillo-dental-colgate-twister-paquete-3un/p
HIG-DEN-001592,7509546080864,"Cepillo de Dientes Colgate Zig Zag Carbón Suave 4 un","HIGIENE PERSONAL","CUIDADO DENTAL",,UNIDAD,Colgate,"4 un",GRAVADO,0,0,0,,,,PRODUCTO,,0,,METRO,https://www.metro.pe/cepillo-de-dientes-colgate-zig-zag-carb-n-suave-4un-912514/p
HIG-DEN-001981,4210201334774,"Cepillo de Dientes Eléctrico Infantil Oral-B Cars Con Cabezal Redondo Gancho Caja 1 un","HIGIENE PERSONAL","CUIDADO DENTAL",,UNIDAD,Oral-B,"1 un",GRAVADO,0,0,0,,,,PRODUCTO,,0,,PLAZAVEA,https://www.plazavea.com.pe/cepillo-de-dientes-electrico-infantil-oralb-cars-con-cabezal-redondo-gancho-caja-1un-20319242/p
HIG-DEN-001692,4210201408970,"Cepillo de Dientes Eléctrico Oral B Vitality Princess","HIGIENE PERSONAL","CUIDADO DENTAL",,UNIDAD,Oral-B,,GRAVADO,0,0,0,,,,PRODUCTO,,0,,METRO,https://www.metro.pe/cepillo-de-dientes-electrico-oral-b-vitality-princess-1006105/p
HIG-DEO-000204,4005808980239,"Antitranspirante Aerosol Nivea Black & White Invisible 150 ml","HIGIENE PERSONAL",DESODORANTES,,UNIDAD,Nivea,"150 ml",GRAVADO,0,0,0,,,,PRODUCTO,,0,,METRO,https://www.metro.pe/antitranspirante-aerosol-nivea-black-white-invisible-150ml/p
HIG-DEO-000169,4005900547316,"Antitranspirante Aerosol Nivea Black & White Invisible Toque de Seda 150 ml","HIGIENE PERSONAL",DESODORANTES,,UNIDAD,Nivea,"150 ml",GRAVADO,0,0,0,,,,PRODUCTO,,0,,METRO,https://www.metro.pe/antitranspirante-aerosol-nivea-black-white-invisible-toque-de-seda-150ml-2/p
HIG-DEO-000011,4005900376459,"Antitranspirante Aerosol Nivea Men Black & White Invisible Fresh 150 ml","HIGIENE PERSONAL",DESODORANTES,,UNIDAD,Nivea,"150 ml",GRAVADO,0,0,0,,,,PRODUCTO,,0,,METRO,https://www.metro.pe/antitranspirante-aerosol-nivea-men-black-white-invisible-fresh-150ml/p
HIG-DEO-000054,4005900515865,"Antitranspirante Aerosol Nivea Men Fresh Ice 150 ml","HIGIENE PERSONAL",DESODORANTES,,UNIDAD,Nivea,"150 ml",GRAVADO,0,0,0,,,,PRODUCTO,,0,,METRO,https://www.metro.pe/antitranspirante-aerosol-nivea-men-fresh-ice-150ml-2/p
HIG-DEO-000049,4005808663798,"Antitranspirante Aerosol Nivea Men Sensitive Protect 150 ml","HIGIENE PERSONAL",DESODORANTES,,UNIDAD,Nivea,"150 ml",GRAVADO,0,0,0,,,,PRODUCTO,,0,,METRO,https://www.metro.pe/antitranspirante-aerosol-nivea-men-sensitive-protect-150ml/p
HIG-DEO-000152,7506306245822,"Antitranspirante Antibacterial Axe Epic Fresh 152 ml","HIGIENE PERSONAL",DESODORANTES,,UNIDAD,Axe,"152 ml",GRAVADO,0,0,0,,,,PRODUCTO,,0,,METRO,https://www.metro.pe/antitranspirante-antibacterial-axe-epic-fresh-152ml-2/p
HIG-DEO-000050,7791293043722,"Antitranspirante Antibacterial En Aerosol Axe Dark Temptation 152 ml","HIGIENE PERSONAL",DESODORANTES,,UNIDAD,Axe,"152 ml",GRAVADO,0,0,0,,,,PRODUCTO,,0,,METRO,https://www.metro.pe/antitranspirante-antibacterial-en-aerosol-axe-dark-temptation-152ml/p
HIG-DEO-000176,7506306241152,"Antitranspirante Dove Tono Uniforme 150 ml","HIGIENE PERSONAL",DESODORANTES,,UNIDAD,Dove,"150 ml",GRAVADO,0,0,0,,,,PRODUCTO,,0,,METRO,https://www.metro.pe/antitranspirante-dove-tono-uniforme-150ml-565730006/p
HIG-DEO-000036,7506306241190,"Antitranspirante Dove Tono Uniforme Coco 150 ml","HIGIENE PERSONAL",DESODORANTES,,UNIDAD,Dove,"150 ml",GRAVADO,0,0,0,,,,PRODUCTO,,0,,METRO,https://www.metro.pe/antitranspirante-dove-tono-uniforme-coco-150ml/p
HIG-DEO-000104,7506306254374,"Antitranspirante En Aerosol Dove Clinical Tono Uniforme 150 ml","HIGIENE PERSONAL",DESODORANTES,,UNIDAD,Dove,"150 ml",GRAVADO,0,0,0,,,,PRODUCTO,,0,,METRO,https://www.metro.pe/antitranspirante-en-aerosol-dove-clinical-tono-uniforme-150ml-1049322/p
HIG-DEO-000041,7791293043265,"Antitranspirante En Aerosol Dove Men + Care Invisible Dry 150 ml","HIGIENE PERSONAL",DESODORANTES,,UNIDAD,Dove,"150 ml",GRAVADO,0,0,0,,,,PRODUCTO,,0,,METRO,https://www.metro.pe/antitranspirante-en-aerosol-dove-men-care-invisible-dry-150ml/p
HIG-DEO-000187,7791293048000,"Antitranspirante En Aerosol Dove Men + Care Protección Total 150 ml","HIGIENE PERSONAL",DESODORANTES,,UNIDAD,Dove,"150 ml",GRAVADO,0,0,0,,,,PRODUCTO,,0,,METRO,https://www.metro.pe/antitranspirante-en-aerosol-dove-men-care-proteccion-total-150ml/p
HIG-DEO-000070,7506306254459,"Antitranspirante En Aerosol Dove Men +care Energy Boost 150 ml","HIGIENE PERSONAL",DESODORANTES,,UNIDAD,Dove,"150 ml",GRAVADO,0,0,0,,,,PRODUCTO,,0,,METRO,https://www.metro.pe/antitranspirante-en-aerosol-dove-men-care-energy-boost-150ml-1067300/p
HIG-DEO-000087,7506306255449,"Antitranspirante En Aerosol Dove Tono Uniforme Jasmine & Raspberry 150 ml","HIGIENE PERSONAL",DESODORANTES,,UNIDAD,Dove,"150 ml",GRAVADO,0,0,0,,,,PRODUCTO,,0,,METRO,https://www.metro.pe/antitranspirante-en-aerosol-dove-tono-uniforme-jasmine-raspberry-150ml-1052613/p
HIG-DEO-000033,7506306241206,"Antitranspirante En Aerosol Dove Tono Uniforme Rosas 150 ml","HIGIENE PERSONAL",DESODORANTES,,UNIDAD,Dove,"150 ml",GRAVADO,0,0,0,,,,PRODUCTO,,0,,METRO,https://www.metro.pe/antitranspirante-en-aerosol-dove-tono-uniforme-rosas-150ml-971389-2/p
HIG-DEO-000206,7506195184615,"Antitranspirante En Aerosol Gillette Specialized Cool Wave 150 ml","HIGIENE PERSONAL",DESODORANTES,,UNIDAD,Gillette,"150 ml",GRAVADO,0,0,0,,,,PRODUCTO,,0,,METRO,https://www.metro.pe/antitranspirante-en-aerosol-gillette-specialized-cool-wave-150ml-405733/p
HIG-DEO-000177,7506339323078,"Antitranspirante En Aerosol Gillette Specialized Sport Peak 150 ml","HIGIENE PERSONAL",DESODORANTES,,UNIDAD,Gillette,"150 ml",GRAVADO,0,0,0,,,,PRODUCTO,,0,,METRO,https://www.metro.pe/antitranspirante-en-aerosol-gillette-specialized-sport-peak-150ml-497477/p
HIG-DEO-000067,5025970122434,"Antitranspirante En Aerosol Nivea Black & White Clear 250 ml","HIGIENE PERSONAL",DESODORANTES,,UNIDAD,Nivea,"250 ml",GRAVADO,0,0,0,,,,PRODUCTO,,0,,METRO,https://www.metro.pe/antitranspirante-en-aerosol-nivea-black-white-clear-250ml-1069009/p
HIG-DEO-000154,4005900036643,"Antitranspirante En Aerosol Nivea Black & White Invisible 150 ml","HIGIENE PERSONAL",DESODORANTES,,UNIDAD,Nivea,"150 ml",GRAVADO,0,0,0,,,,PRODUCTO,,0,,METRO,https://www.metro.pe/antitranspirante-en-aerosol-nivea-black-white-invisible-150ml-973842-2/p
HIG-DEO-000063,4006000250571,"Antitranspirante En Aerosol Nivea Black & White Invisible Authentic 150 ml","HIGIENE PERSONAL",DESODORANTES,,UNIDAD,Nivea,"150 ml",GRAVADO,0,0,0,,,,PRODUCTO,,0,,METRO,https://www.metro.pe/antitranspirante-en-aerosol-nivea-black-white-invisible-authentic-150ml-1069839/p
HIG-DEO-000293,4006000172286,"Antitranspirante En Aerosol Nivea Derma Control Defend 150 ml","HIGIENE PERSONAL",DESODORANTES,,UNIDAD,Nivea,"150 ml",GRAVADO,0,0,0,,,,PRODUCTO,,0,,METRO,https://www.metro.pe/antitranspirante-en-aerosol-nivea-derma-control-defend-150ml-1049431/p
HIG-DEO-000298,4006000172293,"Antitranspirante En Aerosol Nivea Derma Control Tono Natural 150 ml","HIGIENE PERSONAL",DESODORANTES,,UNIDAD,Nivea,"150 ml",GRAVADO,0,0,0,,,,PRODUCTO,,0,,METRO,https://www.metro.pe/antitranspirante-en-aerosol-nivea-derma-control-tono-natural-150ml-1049434/p
HIG-DEO-000264,4005805551043,"Antitranspirante En Aerosol Nivea Men Black & White 250 ml","HIGIENE PERSONAL",DESODORANTES,,UNIDAD,Nivea,"250 ml",GRAVADO,0,0,0,,,,PRODUCTO,,0,,METRO,https://www.metro.pe/antitranspirante-en-aerosol-nivea-men-black-white-250ml-1069005/p
HIG-DEO-000223,4005805545745,"Antitranspirante En Aerosol Nivea Men Black & White Epic Night 150 ml","HIGIENE PERSONAL",DESODORANTES,,UNIDAD,Nivea,"150 ml",GRAVADO,0,0,0,,,,PRODUCTO,,0,,METRO,https://www.metro.pe/antitranspirante-en-aerosol-nivea-men-black-white-epic-night-150ml-1069007/p
HIG-DEO-000215,4005900495709,"Antitranspirante En Aerosol Nivea Men Deep Dark Wood 150 ml","HIGIENE PERSONAL",DESODORANTES,,UNIDAD,Nivea,"150 ml",GRAVADO,0,0,0,,,,PRODUCTO,,0,,METRO,https://www.metro.pe/antitranspirante-en-aerosol-nivea-men-deep-dark-wood-150ml-888434/p
HIG-DEO-000300,4006000090849,"Antitranspirante En Aerosol Nivea Men Deo Deep Extreme 150 ml","HIGIENE PERSONAL",DESODORANTES,,UNIDAD,Nivea,"150 ml",GRAVADO,0,0,0,,,,PRODUCTO,,0,,METRO,https://www.metro.pe/antitranspirante-en-aerosol-nivea-men-deo-deep-extreme-150ml-1048339/p
HIG-DEO-000229,4006000169538,"Antitranspirante En Aerosol Nivea Tono Natural 200 ml","HIGIENE PERSONAL",DESODORANTES,,UNIDAD,Nivea,"200 ml",GRAVADO,0,0,0,,,,PRODUCTO,,0,,METRO,https://www.metro.pe/antitranspirante-en-aerosol-nivea-tono-natural-200ml-1039814/p
HIG-DEO-000368,4005808630660,"Antitranspirante En Aerosol Nivea Tono Natural Beauty Touch 150 ml","HIGIENE PERSONAL",DESODORANTES,,UNIDAD,Nivea,"150 ml",GRAVADO,0,0,0,,,,PRODUCTO,,0,,METRO,https://www.metro.pe/antitranspirante-en-aerosol-nivea-tono-natural-beauty-touch-150ml-2/p
HIG-DEO-000392,4005808829675,"Antitranspirante En Aerosol Nivea Tono Natural Classic Touch 150 ml","HIGIENE PERSONAL",DESODORANTES,,UNIDAD,Nivea,"150 ml",GRAVADO,0,0,0,,,,PRODUCTO,,0,,METRO,https://www.metro.pe/antitranspirante-en-aerosol-nivea-tono-natural-classic-touch-150ml-2/p
HIG-DEO-000228,4006000169545,"Antitranspirante En Aerosol Nivea Tono Natural Miracle Sweet 150 ml","HIGIENE PERSONAL",DESODORANTES,,UNIDAD,Nivea,"150 ml",GRAVADO,0,0,0,,,,PRODUCTO,,0,,METRO,https://www.metro.pe/antitranspirante-en-aerosol-nivea-tono-natural-miracle-sweet-150ml-1039813/p
HIG-DEO-000376,7791293032375,"Antitranspirante En Aerosol Rexona 10x Protección Antibacterial 150 ml","HIGIENE PERSONAL",DESODORANTES,,UNIDAD,Rexona,"150 ml",GRAVADO,0,0,0,,,,PRODUCTO,,0,,METRO,https://www.metro.pe/antitranspirante-en-aerosol-rexona-10x-proteccion-antibacterial-150ml/p
HIG-DEO-000351,7791293045573,"Antitranspirante En Aerosol Rexona Active Emotion 148 g","HIGIENE PERSONAL",DESODORANTES,,UNIDAD,Rexona,"148 g",GRAVADO,0,0,0,,,,PRODUCTO,,0,,METRO,https://www.metro.pe/antitranspirante-en-aerosol-rexona-active-emotion-148g/p
HIG-DEO-000244,7791293045153,"Antitranspirante En Aerosol Rexona Active Emotion 150 ml","HIGIENE PERSONAL",DESODORANTES,,UNIDAD,Rexona,"150 ml",GRAVADO,0,0,0,,,,PRODUCTO,,0,,METRO,https://www.metro.pe/antitranspirante-en-aerosol-rexona-active-emotion-150ml-544640005/p
HIG-DEO-000366,7791293041575,"Antitranspirante En Aerosol Rexona Antibacterial + Invisible 150 ml","HIGIENE PERSONAL",DESODORANTES,,UNIDAD,Rexona,"150 ml",GRAVADO,0,0,0,,,,PRODUCTO,,0,,METRO,https://www.metro.pe/antitranspirante-en-aerosol-rexona-antibacterial-invisible-150ml/p
HIG-DEO-000278,7891150089952,"Antitranspirante En Aerosol Rexona Clinical Refresh 150 ml","HIGIENE PERSONAL",DESODORANTES,,UNIDAD,Rexona,"150 ml",GRAVADO,0,0,0,,,,PRODUCTO,,0,,METRO,https://www.metro.pe/antitranspirante-en-aerosol-rexona-clinical-refresh-150ml-1062450/p
HIG-DEO-000365,7791293041599,"Antitranspirante En Aerosol Rexona Men Antibacterial + Invisible 150 ml","HIGIENE PERSONAL",DESODORANTES,,UNIDAD,Rexona,"150 ml",GRAVADO,0,0,0,,,,PRODUCTO,,0,,METRO,https://www.metro.pe/antitranspirante-en-aerosol-rexona-men-antibacterial-invisible-150ml/p
HIG-DEO-000276,7891150068735,"Antitranspirante En Aerosol Rexona Men Clinical Sport 150 ml","HIGIENE PERSONAL",DESODORANTES,,UNIDAD,Rexona,"150 ml",GRAVADO,0,0,0,,,,PRODUCTO,,0,,METRO,https://www.metro.pe/antitranspirante-en-aerosol-rexona-men-clinical-sport-150ml-1062449/p
HIG-DEO-000350,7791293049595,"Antitranspirante En Aerosol Rexona Men V8 150 ml","HIGIENE PERSONAL",DESODORANTES,,UNIDAD,Rexona,"150 ml",GRAVADO,0,0,0,,,,PRODUCTO,,0,,METRO,https://www.metro.pe/antitranspirante-en-aerosol-rexona-men-v8-150ml/p
HIG-DEO-000389,7791293045108,"Antitranspirante En Aerosol Rexona Men Xtracool 150 ml","HIGIENE PERSONAL",DESODORANTES,,UNIDAD,Rexona,"150 ml",GRAVADO,0,0,0,,,,PRODUCTO,,0,,METRO,https://www.metro.pe/antitranspirante-en-aerosol-rexona-men-xtracool-150ml/p
HIG-DEO-000380,7791293045566,"Antitranspirante En Aerosol Rexona Nutritive 150 ml","HIGIENE PERSONAL",DESODORANTES,,UNIDAD,Rexona,"150 ml",GRAVADO,0,0,0,,,,PRODUCTO,,0,,METRO,https://www.metro.pe/antitranspirante-en-aerosol-rexona-nutritive-150ml/p
HIG-JAB-002858,7755236000944,"Alcohol En Gel Frutal Galón 4 L Ebriel","HIGIENE PERSONAL",JABONES,,UNIDAD,Ebriel,"4 L",GRAVADO,0,0,0,,,,PRODUCTO,,0,,PLAZAVEA,https://www.plazavea.com.pe/alcohol-en-gel-frutal-galon-4-litros-100967385/p
HIG-JAB-003033,7755236000883,"Alcohol En Gel Naranja Mandarina Frasco 1 L Ebriel","HIGIENE PERSONAL",JABONES,,UNIDAD,Ebriel,"1 L",GRAVADO,0,0,0,,,,PRODUCTO,,0,,PLAZAVEA,https://www.plazavea.com.pe/alcohol-en-gel-naranja-mandarina-frasco-1-litro-ebriel-100967369/p
HIG-JAB-000240,7755236000968,"Alcohol En Gel Sachet 800 ml Ebriel","HIGIENE PERSONAL",JABONES,,UNIDAD,Ebriel,"800 ml",GRAVADO,0,0,0,,,,PRODUCTO,,0,,PLAZAVEA,https://www.plazavea.com.pe/alcohol-en-gel-sachet-800ml-100966176/p
HIG-JAB-000055,8410412021470,"Babaria Gel de Baño Avena Frasco 600 ml","HIGIENE PERSONAL",JABONES,,UNIDAD,Babaria,"600 ml",GRAVADO,0,0,0,,,,PRODUCTO,,0,,METRO,https://www.metro.pe/gel-de-bano-avena-frasco-600-ml-2/p
HIG-JAB-000044,8410412021494,"Babaria Gel de Baño Cream Sensations Almendras Dulces Frasco 600 ml","HIGIENE PERSONAL",JABONES,,UNIDAD,Babaria,"600 ml",GRAVADO,0,0,0,,,,PRODUCTO,,0,,METRO,https://www.metro.pe/gel-de-bano-cream-sensations-almendras-dulces-frasco-600-ml-2/p
HIG-JAB-000076,8410412029865,"Babaria Gel de Baño Fresh Sensations Aloe Frasco 600 ml","HIGIENE PERSONAL",JABONES,,UNIDAD,Babaria,"600 ml",GRAVADO,0,0,0,,,,PRODUCTO,,0,,METRO,https://www.metro.pe/gel-de-bano-fresh-sensations-aloe-frasco-600-ml-2/p
HIG-JAB-000071,7702113037999,"Bacterion JB Bacte FRU 500 ml","HIGIENE PERSONAL",JABONES,,UNIDAD,Bacterion,"500 ml",GRAVADO,0,0,0,,,,PRODUCTO,,0,,METRO,https://www.metro.pe/jb-bacte-fru-500ml/p
HIG-JAB-000062,3760100173024,"Gel de Baño Evoluderm Délice Karité 500 ml","HIGIENE PERSONAL",JABONES,,UNIDAD,Evoluderm,"500 ml",GRAVADO,0,0,0,,,,PRODUCTO,,0,,METRO,https://www.metro.pe/gel-de-bano-evoluderm-delice-karite-500ml-1035875/p
HIG-JAB-000019,7509546078885,"Gel de Baño Palmolive Naturals Cereza y Coco 390 ml","HIGIENE PERSONAL",JABONES,,UNIDAD,Palmolive,"390 ml",GRAVADO,0,0,0,,,,PRODUCTO,,0,,METRO,https://www.metro.pe/gel-de-bano-palmolive-naturals-cereza-y-coco-390ml-982368/p
HIG-JAB-000045,7509546079080,"Gel de Baño Palmolive Pitahaya 390 ml","HIGIENE PERSONAL",JABONES,,UNIDAD,Palmolive,"390 ml",GRAVADO,0,0,0,,,,PRODUCTO,,0,,METRO,https://www.metro.pe/gel-de-bano-palmolive-pitahaya-390ml-757738001/p
HIG-JAB-000034,7509546689593,"Gel de Baño Palmolive Smoothie Berries, Plátano y Yogurt 390 ml","HIGIENE PERSONAL",JABONES,,UNIDAD,Palmolive,"390 ml",GRAVADO,0,0,0,,,,PRODUCTO,,0,,METRO,https://www.metro.pe/gel-de-bano-palmolive-smoothie-berries-platano-y-yogurt-390ml-1008189/p
HIG-JAB-000056,7509546704463,"Gel de Baño Palmolive Smoothie Berries, Plátano y Yogurt 760 ml","HIGIENE PERSONAL",JABONES,,UNIDAD,Palmolive,"760 ml",GRAVADO,0,0,0,,,,PRODUCTO,,0,,METRO,https://www.metro.pe/gel-de-ba-o-palmolive-smoothie-berries-pl-tano-y-yogurt-760ml-1072794/p
HIG-JAB-000078,7891024115862,"Gel de Baño Protex Men 3x1 Active Sport 250 ml","HIGIENE PERSONAL",JABONES,,UNIDAD,Protex,"250 ml",GRAVADO,0,0,0,,,,PRODUCTO,,0,,METRO,https://www.metro.pe/gel-de-bano-protex-men-3x1-active-sport-250ml-490933001/p
HIG-JAB-000070,7509546677941,"Gel de Baño Protex Nutri Protect 650 ml","HIGIENE PERSONAL",JABONES,,UNIDAD,Protex,"650 ml",GRAVADO,0,0,0,,,,PRODUCTO,,0,,METRO,https://www.metro.pe/gel-de-bano-protex-nutri-protect-650ml-973957/p
HIG-JAB-000018,8410412160032,"Gel de Ducha Babaria Leche de Coco y Vainilla 1 L","HIGIENE PERSONAL",JABONES,,UNIDAD,Babaria,"1 L",GRAVADO,0,0,0,,,,PRODUCTO,,0,,METRO,https://www.metro.pe/gel-de-ducha-barbaria-coco-y-vainilla-1l/p
HIG-JAB-000048,8411047143063,"Gel de Ducha Instituto Español Hidratante Avena Frasco 750 ml","HIGIENE PERSONAL",JABONES,,UNIDAD,"Instituto Espanol","750 ml",GRAVADO,0,0,0,,,,PRODUCTO,,0,,METRO,https://www.metro.pe/gel-de-ducha-instituto-espanol-hidratante-avena-frasco-750-ml-2/p
HIG-JAB-000827,8411047108673,"Gel de Ducha Instituto Español Hidratante Urea de Baño Frasco 750 ml","HIGIENE PERSONAL",JABONES,,UNIDAD,"Instituto Espanol","750 ml",GRAVADO,0,0,0,,,,PRODUCTO,,0,,METRO,https://www.metro.pe/gel-de-ducha-instituto-espanol-hidratante-urea-de-bano-frasco-750-ml-2/p
HIG-JAB-000848,4005808313167,"Gel de Ducha Nivea Waterlily & Oil 250 ml","HIGIENE PERSONAL",JABONES,,UNIDAD,Nivea,"250 ml",GRAVADO,0,0,0,,,,PRODUCTO,,0,,METRO,https://www.metro.pe/gel-de-ducha-nivea-waterlily-oil-250ml-2/p
HIG-JAB-000819,7509546668185,"Gel de Ducha Palmolive Jazmin & Manteca de Cacao 760 ml","HIGIENE PERSONAL",JABONES,,UNIDAD,Palmolive,"760 ml",GRAVADO,0,0,0,,,,PRODUCTO,,0,,METRO,https://www.metro.pe/gel-de-ducha-palmolive-jazmin-manteca-de-cacao-760ml-966950/p
HIG-JAB-000840,7509546687780,"Gel de Ducha Palmolive Luminous Oils Macadamia 760 ml","HIGIENE PERSONAL",JABONES,,UNIDAD,Palmolive,"760 ml",GRAVADO,0,0,0,,,,PRODUCTO,,0,,METRO,https://www.metro.pe/gel-de-ducha-palmolive-luminous-oils-macadamia-760ml-998984/p
HIG-JAB-001588,7509546668178,"Gel de Ducha Palmolive Pitahaya 760 ml","HIGIENE PERSONAL",JABONES,,UNIDAD,Palmolive,"760 ml",GRAVADO,0,0,0,,,,PRODUCTO,,0,,METRO,https://www.metro.pe/gel-de-ducha-palmolive-pitahaya-760ml-942490/p
HIG-JAB-001572,7509546676111,"Gel de Ducha Palmolive Sandía y Lychee 390 ml","HIGIENE PERSONAL",JABONES,,UNIDAD,Palmolive,"390 ml",GRAVADO,0,0,0,,,,PRODUCTO,,0,,METRO,https://www.metro.pe/gel-de-ducha-palmolive-sand-a-y-lychee-390ml-959713/p
HIG-JAB-001607,7509546689586,"Gel de Ducha Palmolive Smoothie Almendra, Palta y Leche 390 ml","HIGIENE PERSONAL",JABONES,,UNIDAD,Palmolive,"390 ml",GRAVADO,0,0,0,,,,PRODUCTO,,0,,METRO,https://www.metro.pe/gel-de-ducha-palmolive-smoothie-almendra-palta-y-leche-390ml-1008188/p
HIG-JAB-001566,7509546700892,"Gel de Ducha Palmolive Smoothie Café y Aceite de Almendra 390 ml","HIGIENE PERSONAL",JABONES,,UNIDAD,Palmolive,"390 ml",GRAVADO,0,0,0,,,,PRODUCTO,,0,,METRO,https://www.metro.pe/gel-de-ducha-palmolive-smoothie-caf-y-aceite-de-almendra-390ml-1050974/p
HIG-JAB-001564,7509546665405,"Gel de Ducha Protex Antibacterial Avena 800 ml","HIGIENE PERSONAL",JABONES,,UNIDAD,Protex,"800 ml",GRAVADO,0,0,0,,,,PRODUCTO,,0,,METRO,https://www.metro.pe/gel-de-ducha-protex-antibacterial-avena-800ml-900584/p
HIG-JAB-001611,7509546668543,"Gel de Ducha Protex Pro Antibacterial Hidratación 230 ml","HIGIENE PERSONAL",JABONES,,UNIDAD,Protex,"230 ml",GRAVADO,0,0,0,,,,PRODUCTO,,0,,METRO,https://www.metro.pe/gel-de-ducha-protex-pro-antibacterial-hidrataci-n-230ml-962704/p
HIG-JAB-001719,607519410384,"Generico Jabón Líquido Antibacterial Manzana FCO 3800 ml","HIGIENE PERSONAL",JABONES,,UNIDAD,Generico,"3800 ml",GRAVADO,0,0,0,,,,PRODUCTO,,0,,PLAZAVEA,https://www.plazavea.com.pe/jabon-liquido-antibacterial-manzana-fco-3800-ml-101525868/p
HIG-JAB-001700,607519410889,"Generico Jabón Líquido Antibacterial de 1000 ml Marino","HIGIENE PERSONAL",JABONES,,UNIDAD,Generico,"1000 ml",GRAVADO,0,0,0,,,,PRODUCTO,,0,,PLAZAVEA,https://www.plazavea.com.pe/jabon-liquido-antibacterial-de-1000-ml-marino-101826800/p
HIG-JAB-001702,607519410896,"Generico Jabón Líquido Antibacterial de 4000 ml Cítrico","HIGIENE PERSONAL",JABONES,,UNIDAD,Generico,"4000 ml",GRAVADO,0,0,0,,,,PRODUCTO,,0,,PLAZAVEA,https://www.plazavea.com.pe/jabon-liquido-antibacterial-de-4000-ml-citrico-101826768/p
HIG-JAB-001804,8858831007697,"Generico Jabón Wink White Soap","HIGIENE PERSONAL",JABONES,,UNIDAD,Generico,,GRAVADO,0,0,0,,,,PRODUCTO,,0,,PLAZAVEA,https://www.plazavea.com.pe/jabon-wink-white-soap-100618606/p
HIG-JAB-002846,6971930476071,"Jabon Hotelero 10 g 8 Disp X 125 un Orion ORION002","HIGIENE PERSONAL",JABONES,,UNIDAD,Orion,,GRAVADO,0,0,0,,,,PRODUCTO,,0,,PLAZAVEA,https://www.plazavea.com.pe/jabon-hotelero-10-gr-8-disp-x-125-unidades-orion-101257149/p
HIG-JAB-001675,7891172433702,"Jabon Spray Scott 800 ml","HIGIENE PERSONAL",JABONES,,UNIDAD,Scott,,GRAVADO,0,0,0,,,,PRODUCTO,,0,,PLAZAVEA,https://www.plazavea.com.pe/jabon-spray-scott-800-ml-102110597/p
HIG-JAB-001830,7759307010597,"Jabón Acnomel Piel Sensible Barra 100 g","HIGIENE PERSONAL",JABONES,,UNIDAD,Acnomel,"100 g",GRAVADO,0,0,0,,,,PRODUCTO,,0,,PLAZAVEA,https://www.plazavea.com.pe/jabon-acnomel-piel-sensible-barra-100g/p
HIG-JAB-001642,7891150076068,"Jabón Antibacterial Dove Barra 90 g Paquete 3 un","HIGIENE PERSONAL",JABONES,,UNIDAD,Dove,"90 g",GRAVADO,0,0,0,,,,PRODUCTO,,0,,PLAZAVEA,https://www.plazavea.com.pe/jabon-antibacterial-dove-barra-90g-paquete-3un/p
HIG-JAB-001641,7891150076051,"Jabón Antibacterial Dove Barra 90 g Paquete 6 un","HIGIENE PERSONAL",JABONES,,UNIDAD,Dove,"90 g",GRAVADO,0,0,0,,,,PRODUCTO,,0,,PLAZAVEA,https://www.plazavea.com.pe/jabon-antibacterial-dove-barra-90g-paquete-6un/p
HIG-JAB-001631,7509546667201,"Jabón Antibacterial En Barra Protex Men Sport Caja 3x110 g","HIGIENE PERSONAL",JABONES,,UNIDAD,Protex,"110 g",GRAVADO,0,0,0,,,,PRODUCTO,,0,,PLAZAVEA,https://www.plazavea.com.pe/jabon-antibacterial-en-barra-protex-men-sport-caja-3x110g-20271081/p
HIG-JAB-001908,7708669890965,"Jabón Antibacterial Moncler Aloe 145 g Caja 3 un","HIGIENE PERSONAL",JABONES,,UNIDAD,Moncler,"145 g",GRAVADO,0,0,0,,,,PRODUCTO,,0,,PLAZAVEA,https://www.plazavea.com.pe/jabon-antibacterial-moncler-aloe-145g-caja-3un/p
HIG-JAB-001909,7708669890682,"Jabón Antibacterial Moncler Frutal 145 g Caja 3 un","HIGIENE PERSONAL",JABONES,,UNIDAD,Moncler,"145 g",GRAVADO,0,0,0,,,,PRODUCTO,,0,,PLAZAVEA,https://www.plazavea.com.pe/jabon-antibacterial-moncler-frutal-145g-caja-3un/p
HIG-JAB-001753,650240070037,"Jabón Asepxia Esponja 80 g","HIGIENE PERSONAL",JABONES,,UNIDAD,Asepxia,"80 g",GRAVADO,0,0,0,,,,PRODUCTO,,0,,PLAZAVEA,https://www.plazavea.com.pe/jabon-asepxia-esponja-80g/p
HIG-JAB-001602,7804920008886,"Jabón Crema Ballerina Aceite de Karité 800 ml","HIGIENE PERSONAL",JABONES,,UNIDAD,Ballerina,"800 ml",GRAVADO,0,0,0,,,,PRODUCTO,,0,,METRO,https://www.metro.pe/jab-n-crema-ballerina-aceite-de-karit-800ml-1065659/p
HIG-PAN-000030,7702026185091,"Calzón Desechable Nosotras Buenas Noches Talla L-Xl 3 un","HIGIENE PERSONAL","PANALES Y TOALLAS",,UNIDAD,Nosotras,"3 un",GRAVADO,0,0,0,,,,PRODUCTO,,0,,METRO,https://www.metro.pe/calzon-desechable-nosotras-buenas-noches-talla-l-xl-3un-946379003/p
HIG-PAN-000016,7702026184087,"Calzón Desechable Nosotras Buenas Noches Talla M 3 un","HIGIENE PERSONAL","PANALES Y TOALLAS",,UNIDAD,Nosotras,"3 un",GRAVADO,0,0,0,,,,PRODUCTO,,0,,METRO,https://www.metro.pe/calzon-desechable-nosotras-buenas-noches-talla-m-3un-946379002/p
HIG-PAN-000033,7702026184070,"Calzón Desechable Nosotras Buenas Noches Talla S 3 un","HIGIENE PERSONAL","PANALES Y TOALLAS",,UNIDAD,Nosotras,"3 un",GRAVADO,0,0,0,,,,PRODUCTO,,0,,METRO,https://www.metro.pe/calzon-desechable-nosotras-buenas-noches-talla-s-3un-946379001/p
HIG-PAN-000125,8410737004349,"Gel Íntimo LEA Frasco 250 ml","HIGIENE PERSONAL","PANALES Y TOALLAS",,UNIDAD,Lea,"250 ml",GRAVADO,0,0,0,,,,PRODUCTO,,0,,PLAZAVEA,https://www.plazavea.com.pe/gel-intimo-lea-frasco-250ml/p
HIG-PAN-000034,7702026184445,"Jabón Intimo Nosotras Agua de Rosas 200 ml","HIGIENE PERSONAL","PANALES Y TOALLAS",,UNIDAD,Nosotras,"200 ml",GRAVADO,0,0,0,,,,PRODUCTO,,0,,METRO,https://www.metro.pe/jabon-intimo-nosotras-agua-de-rosas-200ml-925625/p
HIG-PAN-000064,8410412028516,"Jabón Íntimo Babaria Aloe Vera 300 ml","HIGIENE PERSONAL","PANALES Y TOALLAS",,UNIDAD,Babaria,"300 ml",GRAVADO,0,0,0,,,,PRODUCTO,,0,,METRO,https://www.metro.pe/jab-n-ntimo-babaria-aloe-vera-300ml-1045944/p
HIG-PAN-000065,8410412028523,"Jabón Íntimo Babaria Rosa Mosqueta 300 ml","HIGIENE PERSONAL","PANALES Y TOALLAS",,UNIDAD,Babaria,"300 ml",GRAVADO,0,0,0,,,,PRODUCTO,,0,,METRO,https://www.metro.pe/jab-n-ntimo-babaria-rosa-mosqueta-300ml-1045943/p
HIG-PAN-000070,7702113044614,"Jabón Íntimo Bacterion Manzanilla y Caléndula 220 ml","HIGIENE PERSONAL","PANALES Y TOALLAS",,UNIDAD,Bacterion,"220 ml",GRAVADO,0,0,0,,,,PRODUCTO,,0,,METRO,https://www.metro.pe/jab-n-ntimo-bacterion-manzanilla-y-cal-ndula-220ml-1024835/p
HIG-PAN-000152,7702113048025,"Jabón Íntimo Bacterion Manzanilla y Caléndula Frasco 85 ml","HIGIENE PERSONAL","PANALES Y TOALLAS",,UNIDAD,Bacterion,"85 ml",GRAVADO,0,0,0,,,,PRODUCTO,,0,,PLAZAVEA,https://www.plazavea.com.pe/jabon-intimo-bacterion-manzanilla-y-calendula-frasco-85ml/p
HIG-PAN-000069,7702113044621,"Jabón Íntimo Bacterion Ph Defense 220 ml","HIGIENE PERSONAL","PANALES Y TOALLAS",,UNIDAD,Bacterion,"220 ml",GRAVADO,0,0,0,,,,PRODUCTO,,0,,METRO,https://www.metro.pe/jab-n-ntimo-bacterion-ph-defense-220ml-1024836/p
HIG-PAN-000061,7702113048032,"Jabón Íntimo Bacterion Ph Defense 85 ml","HIGIENE PERSONAL","PANALES Y TOALLAS",,UNIDAD,Bacterion,"85 ml",GRAVADO,0,0,0,,,,PRODUCTO,,0,,METRO,https://www.metro.pe/jab-n-ntimo-bacterion-ph-defense-85ml-1069841/p
HIG-PAN-000082,4005808538560,"Jabón Íntimo Nivea Mild Comfort 250 ml","HIGIENE PERSONAL","PANALES Y TOALLAS",,UNIDAD,Nivea,"250 ml",GRAVADO,0,0,0,,,,PRODUCTO,,0,,METRO,https://www.metro.pe/jabon-intimo-nivea-mild-comfort-250ml-2/p
HIG-PAN-000085,4005808538553,"Jabón Íntimo Nivea Sensitive 250 ml","HIGIENE PERSONAL","PANALES Y TOALLAS",,UNIDAD,Nivea,"250 ml",GRAVADO,0,0,0,,,,PRODUCTO,,0,,METRO,https://www.metro.pe/jabon-intimo-nivea-sensitive-250ml-2/p
HIG-PAN-000019,7702026178901,"Jabón Íntimo Nosotras Frescura Extrema 200 ml","HIGIENE PERSONAL","PANALES Y TOALLAS",,UNIDAD,Nosotras,"200 ml",GRAVADO,0,0,0,,,,PRODUCTO,,0,,METRO,https://www.metro.pe/jabon-intimo-nosotras-frescura-extrema-200ml-765195/p
HIG-PAN-000078,7702026177119,"Jabón Íntimo Nosotras Herbal 200 ml","HIGIENE PERSONAL","PANALES Y TOALLAS",,UNIDAD,Nosotras,"200 ml",GRAVADO,0,0,0,,,,PRODUCTO,,0,,METRO,https://www.metro.pe/jabon-intimo-nosotras-herbal-200ml-765193/p
HIG-PAN-000209,7702026154004,"Jabón Íntimo Nosotras Nutritivo-V 200 ml","HIGIENE PERSONAL","PANALES Y TOALLAS",,UNIDAD,Nosotras,"200 ml",GRAVADO,0,0,0,,,,PRODUCTO,,0,,METRO,https://www.metro.pe/jab-n-ntimo-nosotras-nutritivo-v-200ml-1057146/p
HIG-PAN-000203,7702026177546,"Jabón Íntimo Nosotras Sensiti-V 200 ml","HIGIENE PERSONAL","PANALES Y TOALLAS",,UNIDAD,Nosotras,"200 ml",GRAVADO,0,0,0,,,,PRODUCTO,,0,,METRO,https://www.metro.pe/jabon-intimo-nosotras-sensiti-v-200ml-765197/p
HIG-PAN-000295,7702026151454,"Parches Térmicos Nosotras Calma-V 3 un","HIGIENE PERSONAL","PANALES Y TOALLAS",,UNIDAD,Nosotras,"3 un",GRAVADO,0,0,0,,,,PRODUCTO,,0,,METRO,https://www.metro.pe/parches-t-rmicos-nosotras-calma-v-3un-1023821/p
HIG-PAN-000222,7702027436505,"Pañitos Húmedos Intimos Nosotras Frescura Extrema Hierbabuena 16 un","HIGIENE PERSONAL","PANALES Y TOALLAS",,UNIDAD,Nosotras,"16 un",GRAVADO,0,0,0,,,,PRODUCTO,,0,,METRO,https://www.metro.pe/panitos-humedos-intimos-nosotras-frescura-extrema-hierbabuena-16un-2/p
HIG-PAN-000253,7702027426629,"Pañitos Húmedos Íntimos Nosotras Herbal-V 80 un","HIGIENE PERSONAL","PANALES Y TOALLAS",,UNIDAD,Nosotras,"80 un",GRAVADO,0,0,0,,,,PRODUCTO,,0,,METRO,https://www.metro.pe/panitos-humedos-intimos-nosotras-herbal-v-80un-2/p
HIG-PAN-000341,7702026177669,"Pañitos Húmedos Íntimos Nosotras Sensiti-V Extracto de Algodón 16 un","HIGIENE PERSONAL","PANALES Y TOALLAS",,UNIDAD,Nosotras,"16 un",GRAVADO,0,0,0,,,,PRODUCTO,,0,,METRO,https://www.metro.pe/panitos-humedos-intimos-nosotras-sensiti-v-extracto-de-algodon-16un-2/p
HIG-PAN-000460,7702026184681,"Pañitos Nosotras Agua de Rosas Paquete 16 un","HIGIENE PERSONAL","PANALES Y TOALLAS",,UNIDAD,Nosotras,"16 un",GRAVADO,0,0,0,,,,PRODUCTO,,0,,PLAZAVEA,https://www.plazavea.com.pe/panitos-nosotras-agua-de-rosas-paquete-16un/p
HIG-PAN-000507,7806500962847,"Protector Cotidian Lady Largo Paquete 26 un","HIGIENE PERSONAL","PANALES Y TOALLAS",,UNIDAD,Cotidian,"26 un",GRAVADO,0,0,0,,,,PRODUCTO,,0,,PLAZAVEA,https://www.plazavea.com.pe/toalla-protector-cotidian-lady-incontinencia-urinaria-leve-paquete-26un/p
HIG-PAN-000425,7702425530935,"Protector Diario Kotex Normal Caja 180 un","HIGIENE PERSONAL","PANALES Y TOALLAS",,UNIDAD,Kotex,"180 un",GRAVADO,0,0,0,,,,PRODUCTO,,0,,PLAZAVEA,https://www.plazavea.com.pe/protector-diario-kotex-normal-caja-180un/p
HIG-PAN-000312,7702425546868,"Protectores Diarios Kotex Cuidado Diario 150 un","HIGIENE PERSONAL","PANALES Y TOALLAS",,UNIDAD,Kotex,"150 un",GRAVADO,0,0,0,,,,PRODUCTO,,0,,METRO,https://www.metro.pe/protectores-diarios-kotex-cuidado-diario-150un-499656/p
HIG-PAN-000359,7702425804746,"Protectores Diarios Kotex Discretos 150 un","HIGIENE PERSONAL","PANALES Y TOALLAS",,UNIDAD,Kotex,"150 un",GRAVADO,0,0,0,,,,PRODUCTO,,0,,METRO,https://www.metro.pe/protectores-diarios-kotex-discretos-150un-568236/p
HIG-PAN-000320,7702425765610,"Protectores Diarios Kotex Indicador de Cambio 150 un Protectores Diarios Kotex Cuidado Avanzado 150 un","HIGIENE PERSONAL","PANALES Y TOALLAS",,UNIDAD,Kotex,"150 un",GRAVADO,0,0,0,,,,PRODUCTO,,0,,METRO,https://www.metro.pe/protectores-diarios-kotex-indicador-de-cambio-150un-991936/p
HIG-PAN-000354,7759185011822,"Protectores Diarios Ladysoft Clásicos 15 un","HIGIENE PERSONAL","PANALES Y TOALLAS",,UNIDAD,Ladysoft,"15 un",GRAVADO,0,0,0,,,,PRODUCTO,,0,,METRO,https://www.metro.pe/protectores-diarios-ladysoft-clasicos-15un-1003292/p
HIG-PAN-000450,7759185008709,"Protectores Diarios Ladysoft Clásicos Paquete 15 un","HIGIENE PERSONAL","PANALES Y TOALLAS",,UNIDAD,Ladysoft,"15 un",GRAVADO,0,0,0,,,,PRODUCTO,,0,,PLAZAVEA,https://www.plazavea.com.pe/protectores-diarios-ladysoft-clasicos-paquete-15un/p
HIG-PAN-000609,7806500962830,"Protectores Diarios Ladysoft Protección Plus 30 un PD Ladysoft Proteccion Plus 30 un","HIGIENE PERSONAL","PANALES Y TOALLAS",,UNIDAD,Ladysoft,"30 un",GRAVADO,0,0,0,,,,PRODUCTO,,0,,METRO,https://www.metro.pe/protectores-diarios-ladysoft-protecci-n-plus-30un-1045255/p
HIG-PAN-000349,7759185011709,"Protectores Diarios Ladysoft Tela Suave 150 un","HIGIENE PERSONAL","PANALES Y TOALLAS",,UNIDAD,Ladysoft,"150 un",GRAVADO,0,0,0,,,,PRODUCTO,,0,,METRO,https://www.metro.pe/protectores-diarios-ladysoft-tela-suave-150un-1040738/p
HIG-PAN-000306,7759185012881,"Protectores Diarios Ladysoft Tela Suave 172 un","HIGIENE PERSONAL","PANALES Y TOALLAS",,UNIDAD,Ladysoft,"172 un",GRAVADO,0,0,0,,,,PRODUCTO,,0,,METRO,https://www.metro.pe/protectores-diarios-ladysoft-tela-suave-172un-1062154/p
HIG-PAN-000314,7750005001696,"Protectores Diarios Nosotras Desodorante Normal 120 un","HIGIENE PERSONAL","PANALES Y TOALLAS",,UNIDAD,Nosotras,"120 un",GRAVADO,0,0,0,,,,PRODUCTO,,0,,METRO,https://www.metro.pe/protectores-diarios-nosotras-desodorante-normal-120un-439113/p
HIG-PAN-000367,7702027048548,"Protectores Diarios Nosotras Desodorante Normal 15 un","HIGIENE PERSONAL","PANALES Y TOALLAS",,UNIDAD,Nosotras,"15 un",GRAVADO,0,0,0,,,,PRODUCTO,,0,,METRO,https://www.metro.pe/protectores-diarios-nosotras-desodorante-normal-15un-2/p
HIG-PAN-000406,7702027466298,"Protectores Diarios Nosotras Desodorante Paquete 120 un","HIGIENE PERSONAL","PANALES Y TOALLAS",,UNIDAD,Nosotras,"120 un",GRAVADO,0,0,0,,,,PRODUCTO,,0,,PLAZAVEA,https://www.plazavea.com.pe/protectores-diarios-nosotras-desodorante-paquete-120un-20084994/p
HIG-PAN-000339,7702027444463,"Protectores Diarios Nosotras Flexibles 150 un","HIGIENE PERSONAL","PANALES Y TOALLAS",,UNIDAD,Nosotras,"150 un",GRAVADO,0,0,0,,,,PRODUCTO,,0,,METRO,https://www.metro.pe/protectores-diarios-nosotras-flexibles-150un-935139/p
HIG-PAN-000315,7750005000422,"Protectores Diarios Nosotras Largos 80 un","HIGIENE PERSONAL","PANALES Y TOALLAS",,UNIDAD,Nosotras,"80 un",GRAVADO,0,0,0,,,,PRODUCTO,,0,,METRO,https://www.metro.pe/protectores-diarios-nosotras-largos-80un-29818/p
HIG-PAN-000357,7702026176969,"Protectores Diarios Nosotras Largos Con Alas 72 un","HIGIENE PERSONAL","PANALES Y TOALLAS",,UNIDAD,Nosotras,"72 un",GRAVADO,0,0,0,,,,PRODUCTO,,0,,METRO,https://www.metro.pe/protectores-diarios-nosotras-largos-con-alas-72un-770755/p
HIG-PAN-000477,7702027440946,"Protectores Diarios Nosotras Largos Paquete 50 un","HIGIENE PERSONAL","PANALES Y TOALLAS",,UNIDAD,Nosotras,"50 un",GRAVADO,0,0,0,,,,PRODUCTO,,0,,PLAZAVEA,https://www.plazavea.com.pe/protectores-diarios-nosotras-largos-paquete-50un/p
HIG-PAN-000326,7702027444685,"Protectores Diarios Nosotras Multiestilo 15 un","HIGIENE PERSONAL","PANALES Y TOALLAS",,UNIDAD,Nosotras,"15 un",GRAVADO,0,0,0,,,,PRODUCTO,,0,,METRO,https://www.metro.pe/protectores-diarios-nosotras-multiestilo-15un-2/p
HIG-SHA-000008,7509552904819,"Aceite Capilar Elvive Óleo Extraordinario 100 ml","HIGIENE PERSONAL","SHAMPOO Y ACONDICIONADOR",,UNIDAD,Elvive,"100 ml",GRAVADO,0,0,0,,,,PRODUCTO,,0,,METRO,https://www.metro.pe/aceite-capilar-elvive-leo-extraordinario-100ml-451944/p
HIG-SHA-000382,7500435227797,"Aceite Reparador Herbal Essences Nutre e Hidrata 95 ml","HIGIENE PERSONAL","SHAMPOO Y ACONDICIONADOR",,UNIDAD,"Herbal Essences","95 ml",GRAVADO,0,0,0,,,,PRODUCTO,,0,,METRO,https://www.metro.pe/aceite-reparador-herbal-essences-nutre-e-hidrata-95ml-1013037/p
HIG-SHA-000257,7509552963380,"Acondicinador Elvive Glycolic Crystal 370 ml","HIGIENE PERSONAL","SHAMPOO Y ACONDICIONADOR",,UNIDAD,Elvive,"370 ml",GRAVADO,0,0,0,,,,PRODUCTO,,0,,METRO,https://www.metro.pe/acondicinador-elvive-glycolic-crystal-370ml-1051802/p
HIG-SHA-000258,7509552963373,"Acondicinador Elvive Glycolic Crystal 680 ml","HIGIENE PERSONAL","SHAMPOO Y ACONDICIONADOR",,UNIDAD,Elvive,"680 ml",GRAVADO,0,0,0,,,,PRODUCTO,,0,,METRO,https://www.metro.pe/acondicinador-elvive-glycolic-crystal-680ml-1051800/p
HIG-SHA-001647,850018802789,"Acondicionador 5 Tratamiento de Cabello Olaplex","HIGIENE PERSONAL","SHAMPOO Y ACONDICIONADOR",,UNIDAD,Olaplex,,GRAVADO,0,0,0,,,,PRODUCTO,,0,,PLAZAVEA,https://www.plazavea.com.pe/acondicionador-5-tratamiento-de-cabello-olaplex-101990541/p
HIG-SHA-000456,7750243073011,"Acondicionador Amarás Bendito Clima 260 ml","HIGIENE PERSONAL","SHAMPOO Y ACONDICIONADOR",,UNIDAD,Amaras,"260 ml",GRAVADO,0,0,0,,,,PRODUCTO,,0,,METRO,https://www.metro.pe/acondicionador-amar-s-bendito-clima-260ml-974261-2/p
HIG-SHA-000102,7750243074056,"Acondicionador Amarás Bendito Clima 475 ml","HIGIENE PERSONAL","SHAMPOO Y ACONDICIONADOR",,UNIDAD,Amaras,"475 ml",GRAVADO,0,0,0,,,,PRODUCTO,,0,,METRO,https://www.metro.pe/acondicionador-amar-s-bendito-clima-475ml-974258-2/p
HIG-SHA-000457,7750243073912,"Acondicionador Amarás Diosa Rulosa 260 ml","HIGIENE PERSONAL","SHAMPOO Y ACONDICIONADOR",,UNIDAD,Amaras,"260 ml",GRAVADO,0,0,0,,,,PRODUCTO,,0,,METRO,https://www.metro.pe/acondicionador-amar-s-diosa-rulosa-260ml-974260-2/p
HIG-SHA-000030,7750243073905,"Acondicionador Amarás Diosa Rulosa 475 ml","HIGIENE PERSONAL","SHAMPOO Y ACONDICIONADOR",,UNIDAD,Amaras,"475 ml",GRAVADO,0,0,0,,,,PRODUCTO,,0,,METRO,https://www.metro.pe/acondicionador-amar-s-diosa-rulosa-475ml-974257-2/p
HIG-SHA-000280,7750243083133,"Acondicionador Amarás Largo Amazónico 260 ml","HIGIENE PERSONAL","SHAMPOO Y ACONDICIONADOR",,UNIDAD,Amaras,"260 ml",GRAVADO,0,0,0,,,,PRODUCTO,,0,,METRO,https://www.metro.pe/acondicionador-amar-s-largo-amaz-nico-260ml-1048676/p
HIG-SHA-000279,7750243083140,"Acondicionador Amarás Largo Amazónico 475 ml","HIGIENE PERSONAL","SHAMPOO Y ACONDICIONADOR",,UNIDAD,Amaras,"475 ml",GRAVADO,0,0,0,,,,PRODUCTO,,0,,METRO,https://www.metro.pe/acondicionador-amar-s-largo-amaz-nico-475ml-1048672/p
HIG-SHA-000164,7750243076494,"Acondicionador Amarás Magia Andina 260 ml","HIGIENE PERSONAL","SHAMPOO Y ACONDICIONADOR",,UNIDAD,Amaras,"260 ml",GRAVADO,0,0,0,,,,PRODUCTO,,0,,METRO,https://www.metro.pe/acondicionador-amar-s-magia-andina-260ml-989744/p
HIG-SHA-000415,7750243076500,"Acondicionador Amarás Magia Andina 475 ml","HIGIENE PERSONAL","SHAMPOO Y ACONDICIONADOR",,UNIDAD,Amaras,"475 ml",GRAVADO,0,0,0,,,,PRODUCTO,,0,,METRO,https://www.metro.pe/acondicionador-amar-s-magia-andina-475ml-989745/p
HIG-SHA-000378,7750243078757,"Acondicionador Amarás Raíces y Puntas 475 ml","HIGIENE PERSONAL","SHAMPOO Y ACONDICIONADOR",,UNIDAD,Amaras,"475 ml",GRAVADO,0,0,0,,,,PRODUCTO,,0,,METRO,https://www.metro.pe/acondicionador-amar-s-ra-ces-y-puntas-475ml-1014993/p
HIG-SHA-000377,7750243078610,"Acondicionador Amarás Raíces y Puntas Felices 260 ml","HIGIENE PERSONAL","SHAMPOO Y ACONDICIONADOR",,UNIDAD,Amaras,"260 ml",GRAVADO,0,0,0,,,,PRODUCTO,,0,,METRO,https://www.metro.pe/acondicionador-amar-s-ra-ces-y-puntas-felices-260ml-1014990/p
HIG-SHA-000458,7750243073004,"Acondicionador Amarás Reparación Divina 260 ml","HIGIENE PERSONAL","SHAMPOO Y ACONDICIONADOR",,UNIDAD,Amaras,"260 ml",GRAVADO,0,0,0,,,,PRODUCTO,,0,,METRO,https://www.metro.pe/acondicionador-amar-s-reparaci-n-divina-260ml-974259-2/p
HIG-SHA-001747,7750243073851,"Acondicionador Amarás Reparación Divina 475 ml","HIGIENE PERSONAL","SHAMPOO Y ACONDICIONADOR",,UNIDAD,Amaras,"475 ml",GRAVADO,0,0,0,,,,PRODUCTO,,0,,METRO,https://www.metro.pe/acondicionador-amar-s-reparaci-n-divina-475ml-974256-2/p
HIG-SHA-001899,650240077517,"Acondicionador Anti-Caída Tío Nacho Reparación Profunda 415 ml","HIGIENE PERSONAL","SHAMPOO Y ACONDICIONADOR",,UNIDAD,"Tio Nacho","415 ml",GRAVADO,0,0,0,,,,PRODUCTO,,0,,METRO,https://www.metro.pe/acondicionador-anti-ca-da-t-o-nacho-reparaci-n-profunda-415ml-1052624/p
HIG-SHA-002607,7451110880151,"Acondicionador Bioland Argan Frasco 400 ml","HIGIENE PERSONAL","SHAMPOO Y ACONDICIONADOR",,UNIDAD,Bioland,"400 ml",GRAVADO,0,0,0,,,,PRODUCTO,,0,,PLAZAVEA,https://www.plazavea.com.pe/acondicionador-bioland-argan-frasco-400ml-20633819/p
HIG-SHA-002605,759316872251,"Acondicionador Bioland Keratina Liso Frasco 400 ml","HIGIENE PERSONAL","SHAMPOO Y ACONDICIONADOR",,UNIDAD,Bioland,"400 ml",GRAVADO,0,0,0,,,,PRODUCTO,,0,,PLAZAVEA,https://www.plazavea.com.pe/acondicionador-bioland-keratina-liso-frasco-400ml-20633815/p
HIG-SHA-003566,7451110880212,"Acondicionador Bioland Romero Anticaída Frasco 400 ml","HIGIENE PERSONAL","SHAMPOO Y ACONDICIONADOR",,UNIDAD,Bioland,"400 ml",GRAVADO,0,0,0,,,,PRODUCTO,,0,,PLAZAVEA,https://www.plazavea.com.pe/acondicionador-bioland-romero-anticaida-frasco-400ml-20633821/p
HIG-SHA-002677,7891150097148,"Acondicionador Dove Bond Intense Repair 250 ml","HIGIENE PERSONAL","SHAMPOO Y ACONDICIONADOR",,UNIDAD,Dove,"250 ml",GRAVADO,0,0,0,,,,PRODUCTO,,0,,METRO,https://www.metro.pe/acondicionador-dove-bond-intense-repair-250ml-1037937/p
HIG-SHA-002738,7891150102880,"Acondicionador Dove Hidratación Intensa 370 ml","HIGIENE PERSONAL","SHAMPOO Y ACONDICIONADOR",,UNIDAD,Dove,"370 ml",GRAVADO,0,0,0,,,,PRODUCTO,,0,,METRO,https://www.metro.pe/acondicionador-dove-hidrataci-n-intensa-370ml-719195002/p
HIG-SHA-003299,7891150050501,"Acondicionador Dove Hidratación Intensa Frasco 400 ml","HIGIENE PERSONAL","SHAMPOO Y ACONDICIONADOR",,UNIDAD,Dove,"400 ml",GRAVADO,0,0,0,,,,PRODUCTO,,0,,PLAZAVEA,https://www.plazavea.com.pe/acondicionador-dove-hidratacion-intensa-frasco-400ml-20141309/p
HIG-SHA-002751,7891150103832,"Acondicionador Dove Reconstrucción + Aminoácido 650 ml","HIGIENE PERSONAL","SHAMPOO Y ACONDICIONADOR",,UNIDAD,Dove,"650 ml",GRAVADO,0,0,0,,,,PRODUCTO,,0,,METRO,https://www.metro.pe/acondicionador-dove-reconstrucci-n-amino-cido-650ml-1067550/p
HIG-SHA-002993,7891150103016,"Acondicionador Dove Reconstrucción Completa 370 ml","HIGIENE PERSONAL","SHAMPOO Y ACONDICIONADOR",,UNIDAD,Dove,"370 ml",GRAVADO,0,0,0,,,,PRODUCTO,,0,,METRO,https://www.metro.pe/acondicionador-dove-reconstrucci-n-completa-370ml-1005843/p
HIG-SHA-003335,7702006208611,"Acondicionador Dove Reconstrucción Completa Frasco 370 ml","HIGIENE PERSONAL","SHAMPOO Y ACONDICIONADOR",,UNIDAD,Dove,"370 ml",GRAVADO,0,0,0,,,,PRODUCTO,,0,,PLAZAVEA,https://www.plazavea.com.pe/acondicionador-dove-reconstruccion-completa-frasco-370ml-20390067/p
HIG-SHA-003149,7791293041414,"Acondicionador Dove Ritual Detox 400 ml","HIGIENE PERSONAL","SHAMPOO Y ACONDICIONADOR",,UNIDAD,Dove,"400 ml",GRAVADO,0,0,0,,,,PRODUCTO,,0,,METRO,https://www.metro.pe/acondicionador-dove-ritual-detox-frasco-400-ml-771453-2/p
HIG-SHA-002758,7891150103474,"Acondicionador Dove UV Repair & Glow 250 ml","HIGIENE PERSONAL","SHAMPOO Y ACONDICIONADOR",,UNIDAD,Dove,"250 ml",GRAVADO,0,0,0,,,,PRODUCTO,,0,,METRO,https://www.metro.pe/acondicionador-dove-uv-repair-glow-250ml-1056218/p
HIG-SHA-002695,7891150103115,"Acondicionador Dove Óleo Nutrición 370 ml","HIGIENE PERSONAL","SHAMPOO Y ACONDICIONADOR",,UNIDAD,Dove,"370 ml",GRAVADO,0,0,0,,,,PRODUCTO,,0,,METRO,https://www.metro.pe/acondicionador-dove-leo-nutrici-n-370ml-1005844/p
HIG-SHA-003337,7702006208659,"Acondicionador Dove Óleo Nutrición Frasco 370 ml","HIGIENE PERSONAL","SHAMPOO Y ACONDICIONADOR",,UNIDAD,Dove,"370 ml",GRAVADO,0,0,0,,,,PRODUCTO,,0,,PLAZAVEA,https://www.plazavea.com.pe/acondicionador-dove-oleo-nutricion-frasco-370ml-20390061/p
HIG-SHA-002987,7509552889574,"Acondicionador Elvive Caída Resist 370 ml","HIGIENE PERSONAL","SHAMPOO Y ACONDICIONADOR",,UNIDAD,Elvive,"370 ml",GRAVADO,0,0,0,,,,PRODUCTO,,0,,METRO,https://www.metro.pe/acondicionador-elvive-ca-da-resist-370ml-1009785/p
HIG-SHA-002986,7509552889581,"Acondicionador Elvive Caída Resist 680 ml","HIGIENE PERSONAL","SHAMPOO Y ACONDICIONADOR",,UNIDAD,Elvive,"680 ml",GRAVADO,0,0,0,,,,PRODUCTO,,0,,METRO,https://www.metro.pe/acondicionador-elvive-ca-da-resist-680ml-1009786/p
HIG-SHA-002652,7509552992304,"Acondicionador Elvive Colágeno Lifter 370 ml","HIGIENE PERSONAL","SHAMPOO Y ACONDICIONADOR",,UNIDAD,Elvive,"370 ml",GRAVADO,0,0,0,,,,PRODUCTO,,0,,METRO,https://www.metro.pe/acondicionador-elvive-col-geno-lifter-370ml-1066459/p
HIG-SHA-002826,7509552992069,"Acondicionador Elvive Colágeno Lifter 680 ml","HIGIENE PERSONAL","SHAMPOO Y ACONDICIONADOR",,UNIDAD,Elvive,"680 ml",GRAVADO,0,0,0,,,,PRODUCTO,,0,,METRO,https://www.metro.pe/acondicionador-elvive-col-geno-lifter-680ml-1066453/p
HIG-SHA-002688,7509552928617,"Acondicionador Elvive Glycolic Gloss 370 ml","HIGIENE PERSONAL","SHAMPOO Y ACONDICIONADOR",,UNIDAD,Elvive,"370 ml",GRAVADO,0,0,0,,,,PRODUCTO,,0,,METRO,https://www.metro.pe/acondicionador-elvive-glycolic-gloss-370ml-1016894/p
HIG-SHA-002966,7509552928600,"Acondicionador Elvive Glycolic Gloss 680 ml","HIGIENE PERSONAL","SHAMPOO Y ACONDICIONADOR",,UNIDAD,Elvive,"680 ml",GRAVADO,0,0,0,,,,PRODUCTO,,0,,METRO,https://www.metro.pe/acondicionador-elvive-glycolic-gloss-680ml-1016895/p
HIG-SHA-002701,7509552875010,"Acondicionador Elvive Hialurónico Pure 370 ml","HIGIENE PERSONAL","SHAMPOO Y ACONDICIONADOR",,UNIDAD,Elvive,"370 ml",GRAVADO,0,0,0,,,,PRODUCTO,,0,,METRO,https://www.metro.pe/acondicionador-elvive-hialur-nico-pure-370ml-987079/p
HIG-SHA-002768,7509552875034,"Acondicionador Elvive Hialurónico Pure 680 ml","HIGIENE PERSONAL","SHAMPOO Y ACONDICIONADOR",,UNIDAD,Elvive,"680 ml",GRAVADO,0,0,0,,,,PRODUCTO,,0,,METRO,https://www.metro.pe/acondicionador-elvive-hialur-nico-pure-680ml-987081/p
HIG-SHA-002771,7509552845921,"Acondicionador Elvive Hidra Hialurónico 680 ml","HIGIENE PERSONAL","SHAMPOO Y ACONDICIONADOR",,UNIDAD,Elvive,"680 ml",GRAVADO,0,0,0,,,,PRODUCTO,,0,,METRO,https://www.metro.pe/acondicionador-elvive-hidra-hialur-nico-680ml-962039/p
LAC-LEC-000103,7501059232884,"Alimento Complementario En Polvo NAN Optipro 3 Lata 800 g",LACTEOS,LECHE,,UNIDAD,Nan,"800 g",PENDIENTE,0,0,1,,,,PRODUCTO,,0,,METRO,https://www.metro.pe/alimento-complementario-en-polvo-nan-optipro-3-lata-800g-545246-2/p
LAC-LEC-000099,7756050001490,"Alimento Lácteo Enfagrow Premium Promental Natural 2.2 kg",LACTEOS,LECHE,,UNIDAD,Enfagrow,"2.2 kg",PENDIENTE,0,0,1,,,,PRODUCTO,,0,,METRO,https://www.metro.pe/enfagrow-premium-pro-mental-caja-2-2-kg-754898-2/p
LAC-LEC-000097,7756050001735,"Alimento Lácteo Enfagrow Premium Promental Preescolar Vainilla 1.1 kg",LACTEOS,LECHE,,UNIDAD,Enfagrow,"1.1 kg",PENDIENTE,0,0,1,,,,PRODUCTO,,0,,METRO,https://www.metro.pe/enfagrow-premium-pro-mental-preescolar-sabor-vainilla-caja-1-1-kg-758092-2/p
LAC-LEC-000098,7756050001506,"Alimento Lácteo Enfagrow Premium Promental Vainilla 2.2 kg",LACTEOS,LECHE,,UNIDAD,Enfagrow,"2.2 kg",PENDIENTE,0,0,1,,,,PRODUCTO,,0,,METRO,https://www.metro.pe/enfagrow-premium-pro-mental-sabor-a-vainilla-caja-2-2-kg-754899-2/p
LAC-LEC-000093,7756050001872,"Alimento Lácteo Enfagrow Premium Promental Vainilla 850 g",LACTEOS,LECHE,,UNIDAD,Enfagrow,"850 g",PENDIENTE,0,0,1,,,,PRODUCTO,,0,,METRO,https://www.metro.pe/formula-en-polvo-enfragrow-premium-pro-mental-vainilla-lata-850-g-900464/p
LAC-LEC-000017,7750151506694,"Bebida Chocolatada la Preferida 800 ml",LACTEOS,LECHE,,UNIDAD,"La Preferida","800 ml",PENDIENTE,0,0,1,,,,PRODUCTO,,0,,METRO,https://www.metro.pe/bebida-chocolatada-la-preferida-bolsa-800-ml-51288002-2/p
LAC-LEC-000033,7751271016834,"Bebida Con Avena Gloria Acti Avena Caja 946 ml",LACTEOS,LECHE,,UNIDAD,Gloria,"946 ml",PENDIENTE,0,0,1,,,,PRODUCTO,,0,,METRO,https://www.metro.pe/bebida-con-avena-gloria-acti-avena-caja-946ml-459960001/p
LAC-LEC-000037,7750151004299,"Bebida Con Soya Laive Vio Caja 946 ml",LACTEOS,LECHE,,UNIDAD,Laive,"946 ml",PENDIENTE,0,0,1,,,,PRODUCTO,,0,,METRO,https://www.metro.pe/bebida-con-soya-laive-vio-caja-946ml/p
LAC-LEC-000170,7751271034272,"Bebida Láctea Bonlé Protección Lata 390 g Paquete 6 un",LACTEOS,LECHE,,UNIDAD,Bonlé,"390 g",PENDIENTE,0,0,1,,,,PRODUCTO,,0,,PLAZAVEA,https://www.plazavea.com.pe/bebida-lactea-bonle-proteccion-lata-390g-paquete-6un-20402645/p
LAC-LEC-000059,7751271037242,"Bebida Láctea Gloria Pro Day Sabor Chocolate Botella 320 ml",LACTEOS,LECHE,,UNIDAD,Gloria,"320 ml",PENDIENTE,0,0,1,,,,PRODUCTO,,0,,METRO,https://www.metro.pe/bebida-l-ctea-gloria-pro-day-sabor-chocolate-botella-320ml-1039668/p
LAC-LEC-000061,7751271037259,"Bebida Láctea Gloria Pro Day Sabor Vainilla Botella 320 ml",LACTEOS,LECHE,,UNIDAD,Gloria,"320 ml",PENDIENTE,0,0,1,,,,PRODUCTO,,0,,METRO,https://www.metro.pe/bebida-l-ctea-gloria-pro-day-sabor-vainilla-botella-320ml-1039670/p
LAC-LEC-000060,7751271037273,"Bebida Láctea Gloria Pro Power Sabor Caramel Macchiato Botella 320 ml",LACTEOS,LECHE,,UNIDAD,Gloria,"320 ml",PENDIENTE,0,0,1,,,,PRODUCTO,,0,,METRO,https://www.metro.pe/bebida-l-ctea-gloria-pro-power-sabor-caramel-macchiato-botella-320ml-1039669/p
LAC-LEC-000085,7751271037266,"Bebida Láctea Gloria Pro Power Sabor Dark Chocolate Botella 320 ml",LACTEOS,LECHE,,UNIDAD,Gloria,"320 ml",PENDIENTE,0,0,1,,,,PRODUCTO,,0,,METRO,https://www.metro.pe/bebida-l-ctea-gloria-pro-power-sabor-dark-chocolate-botella-320ml-1039667/p
LAC-LEC-000249,7751271029766,"Bebida Láctea Sabor Chocolate Bonlé Bolsa 800 ml",LACTEOS,LECHE,,UNIDAD,Bonlé,"800 ml",PENDIENTE,0,0,1,,,,PRODUCTO,,0,,METRO,https://www.metro.pe/bebida-lactea-sabor-chocolate-bonle-bolsa-800-ml-936726/p
LAC-LEC-000162,7751271037334,"Bebida Láctea gloria Pro Day choco Botella 320 ml Paquete 6 un",LACTEOS,LECHE,,UNIDAD,Gloria,"320 ml",PENDIENTE,0,0,1,,,,PRODUCTO,,0,,PLAZAVEA,https://www.plazavea.com.pe/bebida-lactea-gloria-pro-day-choco-botella-320ml-paquete-6un-20503434/p
LAC-LEC-000200,7751271037365,"Bebida Láctea gloria Pro Power caramel Macchiato Botella 320 ml Paquete 6 un",LACTEOS,LECHE,,UNIDAD,Gloria,"320 ml",PENDIENTE,0,0,1,,,,PRODUCTO,,0,,PLAZAVEA,https://www.plazavea.com.pe/bebida-lactea-gloria-pro-power-caramel-macchiato-botella-320ml-paquete-6un-20503432/p
LAC-LEC-000163,7751271037358,"Bebida Láctea gloria Pro Power dark Choco Botella 320 ml Paquete 6 un",LACTEOS,LECHE,,UNIDAD,Gloria,"320 ml",PENDIENTE,0,0,1,,,,PRODUCTO,,0,,PLAZAVEA,https://www.plazavea.com.pe/bebida-lactea-gloria-pro-power-dark-choco-botella-320ml-paquete-6un-20503431/p
LAC-LEC-000289,7750151010337,"Bebida Sabor Chocolate Laive 800 ml",LACTEOS,LECHE,,UNIDAD,Laive,"800 ml",PENDIENTE,0,0,1,,,,PRODUCTO,,0,,METRO,https://www.metro.pe/bebida-sabor-chocolate-laive-800ml-25594/p
LAC-LEC-000318,7502252486647,"Bebida Vegetal Nature's Heart Origen Caja 946 ml",LACTEOS,LECHE,,UNIDAD,"Natures Heart","946 ml",PENDIENTE,0,0,1,,,,PRODUCTO,,0,,METRO,https://www.metro.pe/bebida-vegetal-nature-s-heart-origen-caja-946ml/p
LAC-LEC-000485,7804659650172,"Bebida Vegetal Sin Lactosa Con Cacao NOT Milk Caja 1 L",LACTEOS,LECHE,,UNIDAD,"Not Milk","1 L",PENDIENTE,0,0,1,,,,PRODUCTO,,0,,PLAZAVEA,https://www.plazavea.com.pe/bebida-vegetal-sin-lactosa-con-cacao-not-milk-caja-1l-20237508/p
LAC-LEC-000733,7804659650066,"Bebida Vegetal Sin Lactosa NOT Milk Low Fat Caja 1 L",LACTEOS,LECHE,,UNIDAD,"Not Milk","1 L",PENDIENTE,0,0,1,,,,PRODUCTO,,0,,PLAZAVEA,https://www.plazavea.com.pe/bebida-vegetal-sin-lactosa-not-milk-low-fat-caja-1l-20237507/p
LAC-LEC-000717,8003180044224,"Bebida Vegetal de Avena y Fibra Orasi Caja 1 L",LACTEOS,LECHE,,UNIDAD,Orasi,"1 L",PENDIENTE,0,0,1,,,,PRODUCTO,,0,,PLAZAVEA,https://www.plazavea.com.pe/bebida-vegetal-de-avena-y-fibra-orasi-caja-1l-20505030/p
LAC-LEC-000686,8003180044200,"Bebida Vegetal de Avena y Proteína Orasi Caja 1 L",LACTEOS,LECHE,,UNIDAD,Orasi,"1 L",PENDIENTE,0,0,1,,,,PRODUCTO,,0,,PLAZAVEA,https://www.plazavea.com.pe/bebida-vegetal-de-avena-y-proteina-orasi-caja-1l-20505034/p
LAC-LEC-000716,8003180048697,"Bebida Vegetal de Chocolate Orasi Caja 500 ml",LACTEOS,LECHE,,UNIDAD,Orasi,"500 ml",PENDIENTE,0,0,1,,,,PRODUCTO,,0,,PLAZAVEA,https://www.plazavea.com.pe/bebida-vegetal-de-chocolate-orasi-caja-500ml-20505031/p
LAC-LEC-000718,8003180048710,"Bebida Vegetal de Pistacho Orasi Caja 500 ml",LACTEOS,LECHE,,UNIDAD,Orasi,"500 ml",PENDIENTE,0,0,1,,,,PRODUCTO,,0,,PLAZAVEA,https://www.plazavea.com.pe/bebida-vegetal-de-pistacho-orasi-caja-500ml-20505032/p
LAC-LEC-000902,7807910031932,"Bebida de Almendra Chocolate Cuisine & Co Caja 1 L",LACTEOS,LECHE,,UNIDAD,"Cuisine Co","1 L",PENDIENTE,0,0,1,,,,PRODUCTO,,0,,METRO,https://www.metro.pe/bebida-de-almendra-chocolate-cuisine-co-caja-1-lt/p
LAC-LEC-000548,7750151008082,"Bebida de Almendra Laive Vio Sabor Vainilla Caja 946 ml",LACTEOS,LECHE,,UNIDAD,Laive,"946 ml",PENDIENTE,0,0,1,,,,PRODUCTO,,0,,METRO,https://www.metro.pe/bebida-de-almendra-laive-vio-sabor-vainilla-caja-946ml-733554/p
LAC-LEC-000526,7750151007795,"Bebida de Almendra Laive Vio Sin Endulzar Caja 946 ml",LACTEOS,LECHE,,UNIDAD,Laive,"946 ml",PENDIENTE,0,0,1,,,,PRODUCTO,,0,,METRO,https://www.metro.pe/bebida-de-almendra-laive-vio-sin-endulzar-caja-946ml/p
LAC-LEC-000503,7750151009546,"Bebida de Almendra Laive Vìo Almendra Sabor Vainilla 800 ml",LACTEOS,LECHE,,UNIDAD,Laive,"800 ml",PENDIENTE,0,0,1,,,,PRODUCTO,,0,,METRO,https://www.metro.pe/bebida-de-almendra-laive-v-o-almendra-sabor-vainilla-800ml-1039659/p
LAC-LEC-000583,7502252480669,"Bebida de Almendra Nature's Heart Caja 946 ml",LACTEOS,LECHE,,UNIDAD,"Natures Heart","946 ml",PENDIENTE,0,0,1,,,,PRODUCTO,,0,,METRO,https://www.metro.pe/bebida-de-almendra-nature-s-heart-caja-946ml-2/p
LAC-LEC-000517,7502252480928,"Bebida de Almendra Nature's Heart Sin Azúcar Caja 946 ml",LACTEOS,LECHE,,UNIDAD,"Natures Heart","946 ml",PENDIENTE,0,0,1,,,,PRODUCTO,,0,,METRO,https://www.metro.pe/bebida-de-almendra-nature-s-heart-sin-azucar-caja-946ml/p
LAC-LEC-000903,7807910031918,"Bebida de Almendra Original Cuisine & Co Caja 1 L",LACTEOS,LECHE,,UNIDAD,"Cuisine Co","1 L",PENDIENTE,0,0,1,,,,PRODUCTO,,0,,METRO,https://www.metro.pe/bebida-de-almendra-original-cuisine-co-caja-1-lt-2/p
LAC-LEC-000884,7807910031901,"Bebida de Almendra Sin Gluten y Sin Azúcar Cuisine & Co Caja 1 L",LACTEOS,LECHE,,UNIDAD,"Cuisine Co",,PENDIENTE,0,0,1,,,,PRODUCTO,,0,,METRO,https://www.metro.pe/bebida-de-almendra-sin-gluten-y-sin-azucar-cuisine-co-caja-1-litro/p
LAC-LEC-000917,7807910031925,"Bebida de Almendra Vainilla Cuisine & Co Caja 1 L",LACTEOS,LECHE,,UNIDAD,"Cuisine Co","1 L",PENDIENTE,0,0,1,,,,PRODUCTO,,0,,METRO,https://www.metro.pe/bebida-de-almendra-vainilla-cuisine-co-caja-1-lt-2/p
LAC-LEC-000536,7502252481796,"Bebida de Almendra Vainilla Nature's Heart Sin Azúcar Caja 946 ml",LACTEOS,LECHE,,UNIDAD,"Natures Heart","946 ml",PENDIENTE,0,0,1,,,,PRODUCTO,,0,,METRO,https://www.metro.pe/bebida-de-almendra-vainilla-nature-s-heart-sin-azucar-caja-946ml/p
LAC-LEC-000749,7750151008914,"Bebida de Almendras Concentrada Laive Botella 390 g",LACTEOS,LECHE,,UNIDAD,Laive,"390 g",PENDIENTE,0,0,1,,,,PRODUCTO,,0,,PLAZAVEA,https://www.plazavea.com.pe/bebida-de-almendras-concentrada-laive-botella-390g-20422351/p
LAC-LEC-000670,7750151008136,"Bebida de Almendras Laive Vio Caja 946 ml Paquete 2 un",LACTEOS,LECHE,,UNIDAD,Laive,"946 ml",PENDIENTE,0,0,1,,,,PRODUCTO,,0,,PLAZAVEA,https://www.plazavea.com.pe/bebida-de-almendras-laive-vio-caja-946ml-paquete-2un-20358399/p
LAC-LEC-000696,7750151008112,"Bebida de Almendras Laive Vio Sin Endulzante Caja 946 ml",LACTEOS,LECHE,,UNIDAD,Laive,"946 ml",PENDIENTE,0,0,1,,,,PRODUCTO,,0,,PLAZAVEA,https://www.plazavea.com.pe/bebida-de-almendras-laive-vio-sin-endulzante-caja-946ml-20358381/p
LAC-LEC-000691,7750151009317,"Bebida de Almendras Laive Vio Sin Endulzar Caja 946 ml Paquete 2 un",LACTEOS,LECHE,,UNIDAD,Laive,"946 ml",PENDIENTE,0,0,1,,,,PRODUCTO,,0,,PLAZAVEA,https://www.plazavea.com.pe/bebida-de-almendras-laive-vio-sin-endulzar-caja-946ml-paquete-2un-20465346/p
LAC-LEC-000610,7750151009430,"Bebida de Almendras Laive Vio Sin Endulzar Caja 946 ml Paquete 4 un",LACTEOS,LECHE,,UNIDAD,Laive,"946 ml",PENDIENTE,0,0,1,,,,PRODUCTO,,0,,PLAZAVEA,https://www.plazavea.com.pe/bebida-de-almendras-laive-vio-sin-endulzar-caja-946ml-paquete-4un-20465339/p
LAC-MAN-000055,7750151007627,"Crema A Base de Mantequilla Light Con Sal Laive Pote 180 g",LACTEOS,"MANTEQUILLA Y MARGARINA",,UNIDAD,Laive,"180 g",GRAVADO,0,0,0,,,,PRODUCTO,,0,,PLAZAVEA,https://www.plazavea.com.pe/crema-a-base-de-mantequilla-light-con-sal-laive-pote-180g/p
LAC-MAN-000018,7750151005272,"Crema de Mantequilla Light Laive 180 g",LACTEOS,"MANTEQUILLA Y MARGARINA",,UNIDAD,Laive,"180 g",GRAVADO,0,0,0,,,,PRODUCTO,,0,,METRO,https://www.metro.pe/crema-de-mantequilla-light-laive-180g-2/p
LAC-MAN-000061,7750672554242,"Manteca Palma Tropical Paquete 200 g",LACTEOS,"MANTEQUILLA Y MARGARINA",,UNIDAD,Tropical,"200 g",GRAVADO,0,0,0,,,,PRODUCTO,,0,,PLAZAVEA,https://www.plazavea.com.pe/manteca-palma-tropical-paquete-200g/p
LAC-MAN-000033,8410297033100,"Mantequilla Asturiana 125 g",LACTEOS,"MANTEQUILLA Y MARGARINA",,UNIDAD,Asturiana,"125 g",GRAVADO,0,0,0,,,,PRODUCTO,,0,,METRO,https://www.metro.pe/mantequilla-asturiana-125g/p
LAC-MAN-000065,8004673220415,"Mantequilla Burro Sin Láctosa Soresina Senza Lattosio Paquete 125 g",LACTEOS,"MANTEQUILLA Y MARGARINA",,UNIDAD,Soresina,"125 g",GRAVADO,0,0,0,,,,PRODUCTO,,0,,PLAZAVEA,https://www.plazavea.com.pe/mantequilla-burro-soresina-senza-lattosio-sin-lactosa-barra-125g/p
LAC-MAN-000066,8004673220279,"Mantequilla Burro Soresina Della Latterina Paquete 125 g",LACTEOS,"MANTEQUILLA Y MARGARINA",,UNIDAD,Soresina,"125 g",GRAVADO,0,0,0,,,,PRODUCTO,,0,,PLAZAVEA,https://www.plazavea.com.pe/mantequilla-burro-soresina-della-latterina-paquete-125g/p
LAC-MAN-000032,8413100612608,"Mantequilla Con Sal Arias 235 g",LACTEOS,"MANTEQUILLA Y MARGARINA",,UNIDAD,Arias,"235 g",GRAVADO,0,0,0,,,,PRODUCTO,,0,,METRO,https://www.metro.pe/mantequilla-con-sal-arias-235g-767264/p
LAC-MAN-000015,7750151010047,"Mantequilla Con Sal Bazo Velarde 180 g",LACTEOS,"MANTEQUILLA Y MARGARINA",,UNIDAD,"Bazo Velarde","180 g",GRAVADO,0,0,0,,,,PRODUCTO,,0,,METRO,https://www.metro.pe/mantequilla-con-sal-bazo-velarde-180g-1067702/p
LAC-MAN-000007,7750632005890,"Mantequilla Con Sal Danlac Frasco 180 g",LACTEOS,"MANTEQUILLA Y MARGARINA",,UNIDAD,Danlac,"180 g",GRAVADO,0,0,0,,,,PRODUCTO,,0,,METRO,https://www.metro.pe/mantequilla-con-sal-danlac-frasco-180g-2/p
LAC-MAN-000003,7772905002368,"Mantequilla Con Sal Gloria 180 g",LACTEOS,"MANTEQUILLA Y MARGARINA",,UNIDAD,Gloria,"180 g",GRAVADO,0,0,0,,,,PRODUCTO,,0,,METRO,https://www.metro.pe/mantequilla-con-sal-gloria-180g-42081/p
LAC-MAN-000001,7751271005555,"Mantequilla Con Sal Gloria 390 g",LACTEOS,"MANTEQUILLA Y MARGARINA",,UNIDAD,Gloria,"390 g",GRAVADO,0,0,0,,,,PRODUCTO,,0,,METRO,https://www.metro.pe/mantequilla-con-sal-gloria-390g-2/p
LAC-MAN-000017,7751271031646,"Mantequilla Con Sal Gloria 50 g",LACTEOS,"MANTEQUILLA Y MARGARINA",,UNIDAD,Gloria,"50 g",GRAVADO,0,0,0,,,,PRODUCTO,,0,,METRO,https://www.metro.pe/mantequilla-con-sal-gloria-50g-1018317/p
LAC-MAN-000013,7772905002351,"Mantequilla Con Sal Gloria 90 g",LACTEOS,"MANTEQUILLA Y MARGARINA",,UNIDAD,Gloria,"90 g",GRAVADO,0,0,0,,,,PRODUCTO,,0,,METRO,https://www.metro.pe/mantequilla-con-sal-gloria-90g/p
LAC-MAN-000038,7751271033770,"Mantequilla Con Sal Gloria Paquete 180 g",LACTEOS,"MANTEQUILLA Y MARGARINA",,UNIDAD,Gloria,"180 g",GRAVADO,0,0,0,,,,PRODUCTO,,0,,PLAZAVEA,https://www.plazavea.com.pe/mantequilla-con-sal-gloria-paquete-180g/p
LAC-MAN-000044,7751271033794,"Mantequilla Con Sal Gloria Pote 180 g",LACTEOS,"MANTEQUILLA Y MARGARINA",,UNIDAD,Gloria,"180 g",GRAVADO,0,0,0,,,,PRODUCTO,,0,,PLAZAVEA,https://www.plazavea.com.pe/mantequilla-con-sal-gloria-pote-180g/p
LAC-MAN-000002,7750151003902,"Mantequilla Con Sal Laive 180 g",LACTEOS,"MANTEQUILLA Y MARGARINA",,UNIDAD,Laive,"180 g",GRAVADO,0,0,0,,,,PRODUCTO,,0,,METRO,https://www.metro.pe/mantequilla-con-sal-laive-180g-2-2/p
LAC-MAN-000004,7750151009751,"Mantequilla Con Sal Laive 350 g",LACTEOS,"MANTEQUILLA Y MARGARINA",,UNIDAD,Laive,"350 g",GRAVADO,0,0,0,,,,PRODUCTO,,0,,METRO,https://www.metro.pe/mantequilla-con-sal-laive-350g-1041637/p
LAC-MAN-000014,7750151222006,"Mantequilla Con Sal Laive 90 g",LACTEOS,"MANTEQUILLA Y MARGARINA",,UNIDAD,Laive,"90 g",GRAVADO,0,0,0,,,,PRODUCTO,,0,,METRO,https://www.metro.pe/mantequilla-con-sal-laive-90g-15025-2/p
LAC-MAN-000039,7750151007597,"Mantequilla Con Sal Laive Barra 180 g",LACTEOS,"MANTEQUILLA Y MARGARINA",,UNIDAD,Laive,"180 g",GRAVADO,0,0,0,,,,PRODUCTO,,0,,PLAZAVEA,https://www.plazavea.com.pe/mantequilla-con-sal-laive-barra-180g/p
LAC-MAN-000093,7750151009607,"Mantequilla Con Sal Laive En Barra Bolsa 90 g",LACTEOS,"MANTEQUILLA Y MARGARINA",,UNIDAD,Laive,"90 g",GRAVADO,0,0,0,,,,PRODUCTO,,0,,PLAZAVEA,https://www.plazavea.com.pe/mantequilla-con-sal-laive-en-barra-bolsa-90g/p
LAC-MAN-000128,7750151007610,"Mantequilla Con Sal Laive Pote 180 g",LACTEOS,"MANTEQUILLA Y MARGARINA",,UNIDAD,Laive,"180 g",GRAVADO,0,0,0,,,,PRODUCTO,,0,,PLAZAVEA,https://www.plazavea.com.pe/mantequilla-con-sal-laive-pote-180g/p
LAC-MAN-000139,7750289000927,"Mantequilla Con Sal Piamonte Pote 250 g",LACTEOS,"MANTEQUILLA Y MARGARINA",,UNIDAD,Piamonte,"250 g",GRAVADO,0,0,0,,,,PRODUCTO,,0,,PLAZAVEA,https://www.plazavea.com.pe/mantequilla-con-sal-piamonte-pote-250g/p
LAC-MAN-000184,3228020355741,"Mantequilla Con Sal Président Barra 200 g",LACTEOS,"MANTEQUILLA Y MARGARINA",,UNIDAD,President,"200 g",GRAVADO,0,0,0,,,,PRODUCTO,,0,,METRO,https://www.metro.pe/mantequilla-con-sal-president-barra-200-gr/p
LAC-MAN-000145,7798060853829,"Mantequilla Con Sal Tonadita Barra 200 g",LACTEOS,"MANTEQUILLA Y MARGARINA",,UNIDAD,Tonadita,"200 g",GRAVADO,0,0,0,,,,PRODUCTO,,0,,PLAZAVEA,https://www.plazavea.com.pe/mantequilla-con-sal-tonadita-barra-200g/p
LAC-MAN-000143,7798060853836,"Mantequilla Con Sal Tonadita Pote 200 g",LACTEOS,"MANTEQUILLA Y MARGARINA",,UNIDAD,Tonadita,"200 g",GRAVADO,0,0,0,,,,PRODUCTO,,0,,PLAZAVEA,https://www.plazavea.com.pe/mantequilla-con-sal-tonadita-pote-200g/p
LAC-MAN-000123,7751271031073,"Mantequilla Gloria Caja 90 g",LACTEOS,"MANTEQUILLA Y MARGARINA",,UNIDAD,Gloria,"90 g",GRAVADO,0,0,0,,,,PRODUCTO,,0,,PLAZAVEA,https://www.plazavea.com.pe/mantequilla-gloria-caja-90g/p
LAC-MAN-000118,7751271031080,"Mantequilla Gloria Pote 390 g",LACTEOS,"MANTEQUILLA Y MARGARINA",,UNIDAD,Gloria,"390 g",GRAVADO,0,0,0,,,,PRODUCTO,,0,,PLAZAVEA,https://www.plazavea.com.pe/mantequilla-gloria-pote-390g/p
LAC-MAN-000100,7751271016735,"Mantequilla Gloria Sin Sal 180 g",LACTEOS,"MANTEQUILLA Y MARGARINA",,UNIDAD,Gloria,"180 g",GRAVADO,0,0,0,,,,PRODUCTO,,0,,METRO,https://www.metro.pe/mantequilla-gloria-sin-sal-180g-455388/p
LAC-MAN-000140,7756017000078,"Mantequilla LA Chuguranita Caja 240 g",LACTEOS,"MANTEQUILLA Y MARGARINA",,UNIDAD,"La Chuguranita","240 g",GRAVADO,0,0,0,,,,PRODUCTO,,0,,PLAZAVEA,https://www.plazavea.com.pe/mantequilla-la-chuguranita-caja-240g/p
LAC-MAN-000097,7755507574242,"Mantequilla Plusa Con Sal Barra 200 g Mantequilla Plusa Con Sal Barra 200 g",LACTEOS,"MANTEQUILLA Y MARGARINA",,UNIDAD,Plusa,"200 g",GRAVADO,0,0,0,,,,PRODUCTO,,0,,METRO,https://www.metro.pe/mantequilla-plusa-con-sal-barra-200-g/p
LAC-MAN-000114,8413100612592,"Mantequilla Sin Sal Arias 235 g",LACTEOS,"MANTEQUILLA Y MARGARINA",,UNIDAD,Arias,"235 g",GRAVADO,0,0,0,,,,PRODUCTO,,0,,METRO,https://www.metro.pe/mantequilla-sin-sal-arias-235g-767265/p
LAC-MAN-000121,7751271033787,"Mantequilla Sin Sal Gloria Paquete 180 g",LACTEOS,"MANTEQUILLA Y MARGARINA",,UNIDAD,Gloria,"180 g",GRAVADO,0,0,0,,,,PRODUCTO,,0,,PLAZAVEA,https://www.plazavea.com.pe/mantequilla-sin-sal-gloria-paquete-180g/p
LAC-MAN-000096,7750151007603,"Mantequilla Sin Sal Laive 180 g",LACTEOS,"MANTEQUILLA Y MARGARINA",,UNIDAD,Laive,"180 g",GRAVADO,0,0,0,,,,PRODUCTO,,0,,METRO,https://www.metro.pe/mantequilla-sin-sal-laive-180g-2/p
LAC-MAN-000101,7750587000124,"Mantequilla Sin Sal Plusa 200 g",LACTEOS,"MANTEQUILLA Y MARGARINA",,UNIDAD,Plusa,"200 g",GRAVADO,0,0,0,,,,PRODUCTO,,0,,METRO,https://www.metro.pe/mantequilla-sin-sal-plusa-200g-1034286/p
LAC-MAN-000117,3228022910023,"Mantequilla Sin Sal Président Barra 200 g",LACTEOS,"MANTEQUILLA Y MARGARINA",,UNIDAD,President,"200 g",GRAVADO,0,0,0,,,,PRODUCTO,,0,,METRO,https://www.metro.pe/mantequilla-sin-sal-president-barra-200g-48275002/p
LAC-MAN-000116,7756017000085,"Mantequilla la Chuguranita Barra 150 g",LACTEOS,"MANTEQUILLA Y MARGARINA",,UNIDAD,"La Chuguranita","150 g",GRAVADO,0,0,0,,,,PRODUCTO,,0,,METRO,https://www.metro.pe/mantequilla-la-chuguranita-barra-150-g/p
LAC-MAN-000132,8719200231252,"Margarina Clásica Dorina Pote 220 g",LACTEOS,"MANTEQUILLA Y MARGARINA",,UNIDAD,Dorina,"220 g",GRAVADO,0,0,0,,,,PRODUCTO,,0,,PLAZAVEA,https://www.plazavea.com.pe/margarina-clasica-dorina-pote-220g/p
LAC-MAN-000126,8719200231429,"Margarina Clásica Dorina Pote 450 g",LACTEOS,"MANTEQUILLA Y MARGARINA",,UNIDAD,Dorina,"450 g",GRAVADO,0,0,0,,,,PRODUCTO,,0,,PLAZAVEA,https://www.plazavea.com.pe/margarina-clasica-dorina-pote-450g/p
LAC-MAN-000131,8719200231368,"Margarina Clásica Dorina Pote 900 g",LACTEOS,"MANTEQUILLA Y MARGARINA",,UNIDAD,Dorina,"900 g",GRAVADO,0,0,0,,,,PRODUCTO,,0,,PLAZAVEA,https://www.plazavea.com.pe/margarina-clasica-dorina-pote-900g/p
LAC-MAN-000104,7752285031868,"Margarina Dorina Clásica 220 g",LACTEOS,"MANTEQUILLA Y MARGARINA",,UNIDAD,Dorina,"220 g",GRAVADO,0,0,0,,,,PRODUCTO,,0,,METRO,https://www.metro.pe/margarina-dorina-clasica-220g-2/p
LAC-YOG-000579,7750151000697,"Alimento Lácteo Laive Biodefensa Sabor A Fresa Botella 100 ml Paquete 4 un",LACTEOS,YOGURT,,UNIDAD,Laive,"100 ml",GRAVADO,0,0,0,,,,PRODUCTO,,0,,PLAZAVEA,https://www.plazavea.com.pe/yogurt-laive-bio-defensa-fresa-paquete-4un-botella-100ml/p
LAC-YOG-000495,7750151007429,"Alimento Lácteo Laive Yopi Sabor A Fresa Botella 180 g",LACTEOS,YOGURT,,UNIDAD,Laive,"180 g",GRAVADO,0,0,0,,,,PRODUCTO,,0,,PLAZAVEA,https://www.plazavea.com.pe/alimento-lacteo-laive-yopi-sabor-a-fresa-botella-180g/p
LAC-YOG-000269,7750151005630,"Bebida Láctea Laive Yopi Shake Sabor Fresa 180 g",LACTEOS,YOGURT,,UNIDAD,Laive,"180 g",GRAVADO,0,0,0,,,,PRODUCTO,,0,,METRO,https://www.metro.pe/bebida-l-ctea-laive-yopi-shake-sabor-fresa-180g-238269002-2/p
LAC-YOG-000239,7756305001121,"Bebida de Avena Vakimu Yoguavena Mango Pasión 160 g",LACTEOS,YOGURT,,UNIDAD,Vakimu,"160 g",GRAVADO,0,0,0,,,,PRODUCTO,,0,,METRO,https://www.metro.pe/bebida-de-avena-vakimu-yoguavena-mango-pasion-160g/p
LAC-YOG-000240,7756305001114,"Bebida de Avena Vakimu Yoguavena Mix Berries 160 g",LACTEOS,YOGURT,,UNIDAD,Vakimu,"160 g",GRAVADO,0,0,0,,,,PRODUCTO,,0,,METRO,https://www.metro.pe/bebida-de-avena-vakimu-yoguavena-mix-berries-160g/p
LAC-YOG-000169,7750632007689,"Danlac Yogurt Bebible Deslactosado Yoleit Sabor Chirimoya Botella 1.6 kg",LACTEOS,YOGURT,,UNIDAD,Danlac,"1.6 kg",GRAVADO,0,0,0,,,,PRODUCTO,,0,,METRO,https://www.metro.pe/yogurt-bebible-deslactosado-yoleit-sabor-chirimoya-botella-1-6kg-1031089/p
LAC-YOG-000220,7750632007634,"Danlac Yogurt Bebible Deslactosado Yoleit Sabor Chirimoya Botella 950 g",LACTEOS,YOGURT,,UNIDAD,Danlac,"950 g",GRAVADO,0,0,0,,,,PRODUCTO,,0,,METRO,https://www.metro.pe/yogurt-bebible-deslactosado-yoleit-sabor-chirimoya-botella-950g-1031090/p
LAC-YOG-000168,7750632007559,"Danlac Yogurt Vigor Griego Sabor Frutos del Bosque 800 g",LACTEOS,YOGURT,,UNIDAD,Danlac,"800 g",GRAVADO,0,0,0,,,,PRODUCTO,,0,,METRO,https://www.metro.pe/yogurt-vigor-griego-sabor-frutos-del-bosque-800g-1031091/p
LAC-YOG-000049,7758759000866,"Kéfir Bebible Deslactosado Duman Fresa 900 ml",LACTEOS,YOGURT,,UNIDAD,Duman,"900 ml",GRAVADO,0,0,0,,,,PRODUCTO,,0,,METRO,https://www.metro.pe/kefir-bebible-deslactosado-duman-fresa-900ml-1053612001/p
LAC-YOG-000047,7758759000842,"Kéfir Bebible Deslactosado Duman Frutos del Bosque 900 ml",LACTEOS,YOGURT,,UNIDAD,Duman,"900 ml",GRAVADO,0,0,0,,,,PRODUCTO,,0,,METRO,https://www.metro.pe/kefir-bebible-deslactosado-duman-frutos-del-bosque-900ml-1053612003/p
LAC-YOG-000024,7758759000835,"Kéfir Bebible Deslactosado Duman Natural 900 ml",LACTEOS,YOGURT,,UNIDAD,Duman,"900 ml",GRAVADO,0,0,0,,,,PRODUCTO,,0,,METRO,https://www.metro.pe/kefir-bebible-deslactosado-duman-natural-900ml-1053612004/p
LAC-YOG-000048,7758759000859,"Kéfir Bebible Deslactosado Duman Vainilla 900 ml",LACTEOS,YOGURT,,UNIDAD,Duman,"900 ml",GRAVADO,0,0,0,,,,PRODUCTO,,0,,METRO,https://www.metro.pe/kefir-bebible-deslactosado-duman-vainilla-900ml-1053612002/p
LAC-YOG-000211,7750632008501,"Kéfir Con Arándanos Danlac Botella 900 g",LACTEOS,YOGURT,,UNIDAD,Danlac,"900 g",GRAVADO,0,0,0,,,,PRODUCTO,,0,,METRO,https://www.metro.pe/k-fir-con-ar-ndanos-danlac-botella-900g-1074158/p
LAC-YOG-000210,7750632008488,"Kéfir Con Fresa Danlac Botella 900 g",LACTEOS,YOGURT,,UNIDAD,Danlac,"900 g",GRAVADO,0,0,0,,,,PRODUCTO,,0,,METRO,https://www.metro.pe/k-fir-con-fresa-danlac-botella-900g-1074159/p
LAC-YOG-000209,7750632008495,"Kéfir Con Mango Danlac Botella 900 g",LACTEOS,YOGURT,,UNIDAD,Danlac,"900 g",GRAVADO,0,0,0,,,,PRODUCTO,,0,,METRO,https://www.metro.pe/k-fir-con-mango-danlac-botella-900g-1074162/p
LAC-YOG-000104,7758759000828,"Kéfir Griego Duman Natural 200 g",LACTEOS,YOGURT,,UNIDAD,Duman,"200 g",GRAVADO,0,0,0,,,,PRODUCTO,,0,,METRO,https://www.metro.pe/kefir-griego-duman-natural-200g-1047072/p
LAC-YOG-000603,7758759000590,"Kéfir Griego Natural Deslacto Duman 500 g",LACTEOS,YOGURT,,UNIDAD,Duman,"500 g",GRAVADO,0,0,0,,,,PRODUCTO,,0,,METRO,https://www.metro.pe/kefir-griego-natural-deslacto-duman-500g/p
LAC-YOG-000672,7750632008471,"Kéfir Natural Danlac Botella 900 g",LACTEOS,YOGURT,,UNIDAD,Danlac,"900 g",GRAVADO,0,0,0,,,,PRODUCTO,,0,,METRO,https://www.metro.pe/k-fir-natural-danlac-botella-900g-1074160/p
LAC-YOG-000687,7750151009102,"Laive Yopi Kboom Bolitas Explosivas 100 g",LACTEOS,YOGURT,,UNIDAD,Laive,"100 g",GRAVADO,0,0,0,,,,PRODUCTO,,0,,METRO,https://www.metro.pe/yopi-kboom-bolitas-explosivas-100g-499835010/p
LAC-YOG-000776,7750151007832,"Laive Yopi Mix Bolitas de Colores 100 g",LACTEOS,YOGURT,,UNIDAD,Laive,"100 g",GRAVADO,0,0,0,,,,PRODUCTO,,0,,METRO,https://www.metro.pe/yopi-mix-bolitas-de-colores-100g-499835009/p
LAC-YOG-001320,7751271032957,"Leche Fermentada Gloria Yofresh Sabor A Durazno Botella 320 g",LACTEOS,YOGURT,,UNIDAD,Gloria,"320 g",GRAVADO,0,0,0,,,,PRODUCTO,,0,,PLAZAVEA,https://www.plazavea.com.pe/leche-fermentada-gloria-yofresh-sabor-a-durazno-botella-320g/p
LAC-YOG-001319,7751271032933,"Leche Fermentada Gloria Yofresh Sabor A Fresa Botella 320 g",LACTEOS,YOGURT,,UNIDAD,Gloria,"320 g",GRAVADO,0,0,0,,,,PRODUCTO,,0,,PLAZAVEA,https://www.plazavea.com.pe/leche-fermentada-gloria-yofresh-sabor-a-fresa-botella-320g/p
LAC-YOG-001321,7751271032964,"Leche Fermentada Gloria Yofresh Sabor A Lúcuma Botella 320 g",LACTEOS,YOGURT,,UNIDAD,Gloria,"320 g",GRAVADO,0,0,0,,,,PRODUCTO,,0,,PLAZAVEA,https://www.plazavea.com.pe/leche-fermentada-gloria-yofresh-sabor-a-lucuma-botella-320g/p
LAC-YOG-000872,7756305001633,"Pudín Vakimu Momentos Chocoavellana 160 g",LACTEOS,YOGURT,,UNIDAD,Vakimu,"160 g",GRAVADO,0,0,0,,,,PRODUCTO,,0,,METRO,https://www.metro.pe/pud-n-vakimu-momentos-chocoavellana-160g-1050323/p
LAC-YOG-000959,7755073000459,"Tigo Yogurt Natural Con Albaricoque, Duraznos y Granol Vaso 155 g",LACTEOS,YOGURT,,UNIDAD,Tigo,"155 g",GRAVADO,0,0,0,,,,PRODUCTO,,0,,METRO,https://www.metro.pe/yogurt-natural-con-albaricoque-duraznos-y-granol-vaso-155-g-2/p
LAC-YOG-000801,7756305001244,"Vakimu Yogurt Descremado Sin Lactosa Quark Sabor Fresa 500 g",LACTEOS,YOGURT,,UNIDAD,Vakimu,"500 g",GRAVADO,0,0,0,,,,PRODUCTO,,0,,METRO,https://www.metro.pe/yogurt-descremado-sin-lactosa-quark-sabor-fresa-500g-1021512/p
LAC-YOG-000784,7756305001251,"Vakimu Yogurt Descremado Sin Lactosa Quark Sabor Vainilla 500 g",LACTEOS,YOGURT,,UNIDAD,Vakimu,"500 g",GRAVADO,0,0,0,,,,PRODUCTO,,0,,METRO,https://www.metro.pe/yogurt-descremado-sin-lactosa-quark-sabor-vainilla-500g-1021511/p
LAC-YOG-000926,7750632008082,"YOG Balance Danlac 900 g , Granadilla",LACTEOS,YOGURT,,UNIDAD,Danlac,"900 g",GRAVADO,0,0,0,,,,PRODUCTO,,0,,METRO,https://www.metro.pe/yog-balance-danlac-900g-granadilla/p
LAC-YOG-000869,7750632008228,"YOG Balance Danlac 900 g , Higo/guind",LACTEOS,YOGURT,,UNIDAD,Danlac,"900 g",GRAVADO,0,0,0,,,,PRODUCTO,,0,,METRO,https://www.metro.pe/yog-balance-danlac-900g-higo-guind/p
LAC-YOG-000927,7750632008235,"YOG Defensas Danlac 900 g , Naran/mang",LACTEOS,YOGURT,,UNIDAD,Danlac,"900 g",GRAVADO,0,0,0,,,,PRODUCTO,,0,,METRO,https://www.metro.pe/yog-defensas-danlac-900g-naran-mang/p
LAC-YOG-000946,7750151008617,"Yog. Griego Original Vaso Laive 115 g",LACTEOS,YOGURT,,UNIDAD,Laive,"115 g",GRAVADO,0,0,0,,,,PRODUCTO,,0,,METRO,https://www.metro.pe/yog-griego-original-vaso-laive-115g/p
LAC-YOG-000886,7750151008624,"Yog. Griego PIE DE Limon Laive Vaso 115 g",LACTEOS,YOGURT,,UNIDAD,Laive,"115 g",GRAVADO,0,0,0,,,,PRODUCTO,,0,,METRO,https://www.metro.pe/yog-griego-pie-de-limon-laive-vaso-115g/p
LAC-YOG-001081,7751271031820,"Yogur Battimix Gloria Vainilla Con Hojuelas Vaso 144 g",LACTEOS,YOGURT,,UNIDAD,Gloria,"144 g",GRAVADO,0,0,0,,,,PRODUCTO,,0,,PLAZAVEA,https://www.plazavea.com.pe/yogur-battimix-gloria-vainilla-con-hojuelas-vaso-144g/p
LAC-YOG-000992,7750151008853,"Yogurt Batido Con Fresa Laive Griego 320 g",LACTEOS,YOGURT,,UNIDAD,Laive,"320 g",GRAVADO,0,0,0,,,,PRODUCTO,,0,,METRO,https://www.metro.pe/yogurt-batido-con-fresa-laive-griego-320g-1011354/p
LAC-YOG-000943,7750151007948,"Yogurt Batido Con Fresa Laive Griego 800 g",LACTEOS,YOGURT,,UNIDAD,Laive,"800 g",GRAVADO,0,0,0,,,,PRODUCTO,,0,,METRO,https://www.metro.pe/yogurt-batido-con-fresa-laive-griego-800g-752183004/p
LAC-YOG-000913,7750151002394,"Yogurt Batido Con Trozos de Arándano Laive Griego 120 g",LACTEOS,YOGURT,,UNIDAD,Laive,"120 g",GRAVADO,0,0,0,,,,PRODUCTO,,0,,METRO,https://www.metro.pe/yogurt-batido-con-trozos-de-arandano-laive-griego-120g-2-2/p
LAC-YOG-000914,7750151002387,"Yogurt Batido Con Trozos de Durazno Laive Griego Frutado 120 g",LACTEOS,YOGURT,,UNIDAD,Laive,"120 g",GRAVADO,0,0,0,,,,PRODUCTO,,0,,METRO,https://www.metro.pe/yogurt-batido-con-trozos-de-durazno-laive-griego-frutado-120g-2-2/p
LAC-YOG-000957,7750151003704,"Yogurt Batido Descremado Con Trozos de Fresa Laive Griego Frutado 120 g",LACTEOS,YOGURT,,UNIDAD,Laive,"120 g",GRAVADO,0,0,0,,,,PRODUCTO,,0,,METRO,https://www.metro.pe/yogurt-batido-descremado-con-trozos-de-fresa-laive-griego-frutado-120g-2-2/p
LAC-YOG-000933,7750151010054,"Yogurt Batido Laive Griego Arándanos Botella 1.5 kg",LACTEOS,YOGURT,,UNIDAD,Laive,"1.5 kg",GRAVADO,0,0,0,,,,PRODUCTO,,0,,METRO,https://www.metro.pe/yogurt-batido-laive-griego-ar-ndanos-botella-1-5kg-1051116002/p
LAC-YOG-000821,7750151010061,"Yogurt Batido Laive Griego Frutos Rojos Botella 1.5 kg",LACTEOS,YOGURT,,UNIDAD,Laive,"1.5 kg",GRAVADO,0,0,0,,,,PRODUCTO,,0,,METRO,https://www.metro.pe/yogurt-batido-laive-griego-frutos-rojos-botella-1-5kg-1051116001/p
LIC-CER-000024,7753749003735,"Bebida de Maíz Golden Lata 473 ml",LICORES,CERVEZA,,UNIDAD,Golden,"473 ml",GRAVADO,1,0,0,,,,PRODUCTO,,0,,METRO,https://www.metro.pe/bebida-de-ma-z-golden-lata-473ml-968494/p
LIC-CER-000046,4002631024222,"Cerveza Ac/dc Rock Or Bust Lata 568 ml",LICORES,CERVEZA,,UNIDAD,"Ac Dc","568 ml",GRAVADO,1,0,0,,,,PRODUCTO,,0,,METRO,https://www.metro.pe/cerveza-ac-dc-rock-or-bust-lata-568ml/p
LIC-CER-000150,7759847000034,"Cerveza Amstel Botella 355 ml",LICORES,CERVEZA,,UNIDAD,Amstel,"355 ml",GRAVADO,1,0,0,,,,PRODUCTO,,0,,PLAZAVEA,https://www.plazavea.com.pe/cerveza-amstel-botella-355ml/p
LIC-CER-000096,7759847000768,"Cerveza Amstel Lata 310 ml Paquete 6 un",LICORES,CERVEZA,,UNIDAD,Amstel,"310 ml",GRAVADO,1,0,0,,,,PRODUCTO,,0,,PLAZAVEA,https://www.plazavea.com.pe/cerveza-amstel-lata-310ml-paquete-6un/p
LIC-CER-000151,7759847000027,"Cerveza Amstel Lata 473 ml",LICORES,CERVEZA,,UNIDAD,Amstel,"473 ml",GRAVADO,1,0,0,,,,PRODUCTO,,0,,PLAZAVEA,https://www.plazavea.com.pe/cerveza-amstel-lata-473ml/p
LIC-CER-000129,7753749002318,"Cerveza Arequipeña Lata 473 ml Paquete 6 un",LICORES,CERVEZA,,UNIDAD,Arequipeña,"473 ml",GRAVADO,1,0,0,,,,PRODUCTO,,0,,PLAZAVEA,https://www.plazavea.com.pe/cerveza-arequipena-lata-473ml-paquete-6un-20506088/p
LIC-CER-000052,707273542816,"Cerveza Artesanal 7 Vidas American Red Botella 340 ml",LICORES,CERVEZA,,UNIDAD,"7 Vidas","340 ml",GRAVADO,1,0,0,,,,PRODUCTO,,0,,METRO,https://www.metro.pe/cerveza-artesanal-7-vidas-american-red-botella-340ml/p
LIC-CER-000043,614143418150,"Cerveza Artesanal 7 Vidas Maíz Morado Pale Ale Botella 340 ml",LICORES,CERVEZA,,UNIDAD,"7 Vidas","340 ml",GRAVADO,1,0,0,,,,PRODUCTO,,0,,METRO,https://www.metro.pe/cerveza-artesanal-7-vidas-maiz-morado-pale-ale-botella-340ml/p
LIC-CER-000040,304825715393,"Cerveza Artesanal 7 Vidas Oxapampa Honey Ale Botella 330 ml",LICORES,CERVEZA,,UNIDAD,"7 Vidas","330 ml",GRAVADO,1,0,0,,,,PRODUCTO,,0,,METRO,https://www.metro.pe/cerveza-artesanal-7-vidas-oxapampa-honey-ale-botella-330ml/p
LIC-CER-000051,707273542823,"Cerveza Artesanal 7 Vidas Pale Ale Botella 340 ml",LICORES,CERVEZA,,UNIDAD,"7 Vidas","340 ml",GRAVADO,1,0,0,,,,PRODUCTO,,0,,METRO,https://www.metro.pe/cerveza-artesanal-7-vidas-pale-ale-botella-340ml-2/p
LIC-CER-000034,7750502410359,"Cerveza Artesanal Candelaria Sunset Maracuyá & Sal de Maras Lata 355 ml",LICORES,CERVEZA,,UNIDAD,Candelaria,"355 ml",GRAVADO,1,0,0,,,,PRODUCTO,,0,,METRO,https://www.metro.pe/cerveza-artesanal-candelaria-sunset-maracuya-sal-de-maras-lata-355ml/p
LIC-CER-000056,7754419000719,"Cerveza Artesanal Candelaria la Peruana Botella 330 ml",LICORES,CERVEZA,,UNIDAD,Candelaria,"330 ml",GRAVADO,1,0,0,,,,PRODUCTO,,0,,METRO,https://www.metro.pe/cerveza-artesanal-candelaria-la-peruana-botella-330ml-535985/p
LIC-CER-000017,7750525870055,"Cerveza Artesanal Patriota Blonde ale Botella 355 ml",LICORES,CERVEZA,,UNIDAD,Patriota,"355 ml",GRAVADO,1,0,0,,,,PRODUCTO,,0,,METRO,https://www.metro.pe/cerveza-artesanal-patriota-blonde-ale-botella-355ml-1041726/p
LIC-CER-000018,7750525870079,"Cerveza Artesanal Patriota Hoppy Pilsener Botella 355 ml",LICORES,CERVEZA,,UNIDAD,Patriota,"355 ml",GRAVADO,1,0,0,,,,PRODUCTO,,0,,METRO,https://www.metro.pe/cerveza-artesanal-patriota-hoppy-pilsener-botella-355ml-1041725/p
LIC-CER-000019,7750525870048,"Cerveza Artesanal Patriota IPA Botella 330 ml",LICORES,CERVEZA,,UNIDAD,Patriota,"330 ml",GRAVADO,1,0,0,,,,PRODUCTO,,0,,METRO,https://www.metro.pe/cerveza-artesanal-patriota-ipa-botella-330ml-cerveza-artesanal-patriota-ipa-botella-330ml/p
LIC-CER-000020,7750525870062,"Cerveza Artesanal Patriota Red Lager Botella 355 ml",LICORES,CERVEZA,,UNIDAD,Patriota,"355 ml",GRAVADO,1,0,0,,,,PRODUCTO,,0,,METRO,https://www.metro.pe/cerveza-artesanal-patriota-red-lager-botella-355ml-1041723/p
LIC-CER-000061,7750535060040,"Cerveza Artesanal Sierra Andina Inti Botella 330 ml",LICORES,CERVEZA,,UNIDAD,"Sierra Andina","330 ml",GRAVADO,1,0,0,,,,PRODUCTO,,0,,METRO,https://www.metro.pe/cerveza-artesanal-sierra-andina-inti-botella-330ml/p
LIC-CER-000060,7750535060064,"Cerveza Artesanal Sierra Andina Pachacutec Botella 330 ml",LICORES,CERVEZA,,UNIDAD,"Sierra Andina","330 ml",GRAVADO,1,0,0,,,,PRODUCTO,,0,,METRO,https://www.metro.pe/cerveza-artesanal-sierra-andina-pachacutec-botella-330ml-534513/p
LIC-CER-000055,7759411000064,"Cerveza Artesanal Sierra Andina Shaman Botella 330 ml",LICORES,CERVEZA,,UNIDAD,"Sierra Andina","330 ml",GRAVADO,1,0,0,,,,PRODUCTO,,0,,METRO,https://www.metro.pe/cerveza-artesanal-sierra-andina-shaman-botella-330ml/p
LIC-CER-000163,7756189000050,"Cerveza Barbarian la Nena Hoppy Wheat Botella 330 ml",LICORES,CERVEZA,,UNIDAD,Barbarian,"330 ml",GRAVADO,1,0,0,,,,PRODUCTO,,0,,PLAZAVEA,https://www.plazavea.com.pe/cerveza-barbarian-la-nena-hoppy-wheat-botella-330ml/p
LIC-CER-000289,7753749003650,"Cerveza Bicolor Cristal Botella 330 ml",LICORES,CERVEZA,,UNIDAD,Cristal,"330 ml",GRAVADO,1,0,0,,,,PRODUCTO,,0,,PLAZAVEA,https://www.plazavea.com.pe/cerveza-bicolor-cristal-botella-330ml/p
LIC-CER-000215,7753749008402,"Cerveza Budweiser Paquete 6 un Lata 355 ml",LICORES,CERVEZA,,UNIDAD,Budweiser,"6 un",GRAVADO,1,0,0,,,,PRODUCTO,,0,,PLAZAVEA,https://www.plazavea.com.pe/cerveza-budweiser-paquete-6un-lata-355ml/p
LIC-CER-000220,7753749009362,"Cerveza Budweiser Sleek Lata 355 ml Paquete 12 un",LICORES,CERVEZA,,UNIDAD,Budweiser,"355 ml",GRAVADO,1,0,0,,,,PRODUCTO,,0,,PLAZAVEA,https://www.plazavea.com.pe/cerveza-budweiser-sleek-lata-355ml-paquete-12un/p
LIC-CER-000287,7754419002119,"Cerveza Chaccu Lata 355 ml Paquete 4 un",LICORES,CERVEZA,,UNIDAD,Chaccu,"355 ml",GRAVADO,1,0,0,,,,PRODUCTO,,0,,PLAZAVEA,https://www.plazavea.com.pe/cerveza-chaccu-lata-355ml-paquete-4un/p
LIC-CER-000216,7503044233173,"Cerveza Corona Cero Sin Alcohol Botella 355 ml Paquete 6 un",LICORES,CERVEZA,,UNIDAD,Corona,"355 ml",GRAVADO,1,0,0,,,,PRODUCTO,,0,,PLAZAVEA,https://www.plazavea.com.pe/cerveza-corona-cero-sin-alcohol-botella-355ml-paquete-6un/p
LIC-CER-000183,7503038290809,"Cerveza Corona Extra Botella 330 ml",LICORES,CERVEZA,,UNIDAD,Corona,"330 ml",GRAVADO,1,0,0,,,,PRODUCTO,,0,,METRO,https://www.metro.pe/cerveza-corona-extra-botella-330ml-996296/p
LIC-CER-000294,7501064196690,"Cerveza Corona Extra Lata 355 ml",LICORES,CERVEZA,,UNIDAD,Corona,"355 ml",GRAVADO,1,0,0,,,,PRODUCTO,,0,,PLAZAVEA,https://www.plazavea.com.pe/cerveza-corona-extra-lata-355ml/p
LIC-CER-000170,7501064193859,"Cerveza Corona Extra Lata 473 ml",LICORES,CERVEZA,,UNIDAD,Corona,"473 ml",GRAVADO,1,0,0,,,,PRODUCTO,,0,,METRO,https://www.metro.pe/cerveza-corona-extra-lata-473ml-1063064/p
LIC-CER-000175,4014086096518,"Cerveza Craft 5,0 Original Lata 500 ml",LICORES,CERVEZA,,UNIDAD,"5 0","500 ml",GRAVADO,1,0,0,,,,PRODUCTO,,0,,METRO,https://www.metro.pe/cerveza-craft-5-0-original-lata-500ml-1030660/p
LIC-CER-000297,7753749003711,"Cerveza Cristal Bicolor Lata 355 ml",LICORES,CERVEZA,,UNIDAD,Cristal,"355 ml",GRAVADO,1,0,0,,,,PRODUCTO,,0,,PLAZAVEA,https://www.plazavea.com.pe/cerveza-cristal-bicolor-lata-355ml/p
LIC-CER-000304,7753749004718,"Cerveza Cristal Lata 269 ml",LICORES,CERVEZA,,UNIDAD,Cristal,"269 ml",GRAVADO,1,0,0,,,,PRODUCTO,,0,,PLAZAVEA,https://www.plazavea.com.pe/cerveza-cristal-lata-269ml/p
LIC-CER-000269,7753749001984,"Cerveza Cristal Lata 355 ml Paquete 6 un",LICORES,CERVEZA,,UNIDAD,Cristal,"355 ml",GRAVADO,1,0,0,,,,PRODUCTO,,0,,PLAZAVEA,https://www.plazavea.com.pe/cerveza-cristal-6-pack-lata-355ml/p
LIC-CER-000223,7753749009140,"Cerveza Cusqueña Cero Trigo Botella 310 ml Paquete 6 un",LICORES,CERVEZA,,UNIDAD,Cusqueña,"310 ml",GRAVADO,1,0,0,,,,PRODUCTO,,0,,PLAZAVEA,https://www.plazavea.com.pe/cerveza-cusquena-cero-trigo-botella-310ml-paquete-6un/p
LIC-CER-000293,7753749005210,"Cerveza Cusqueña Doble Malta Botella 310 ml",LICORES,CERVEZA,,UNIDAD,Cusqueña,"310 ml",GRAVADO,1,0,0,,,,PRODUCTO,,0,,PLAZAVEA,https://www.plazavea.com.pe/cerveza-cusquena-doble-malta-botella-310ml/p
LIC-CER-000300,7753749005128,"Cerveza Cusqueña Doble Malta Botella 330 ml",LICORES,CERVEZA,,UNIDAD,Cusqueña,"330 ml",GRAVADO,1,0,0,,,,PRODUCTO,,0,,PLAZAVEA,https://www.plazavea.com.pe/cerveza-cusquena-doble-malta-botella-330ml/p
LIC-CER-000288,7753749007115,"Cerveza Cusqueña Doble Malta Lata 355 ml",LICORES,CERVEZA,,UNIDAD,Cusqueña,"355 ml",GRAVADO,1,0,0,,,,PRODUCTO,,0,,PLAZAVEA,https://www.plazavea.com.pe/cerveza-cusquena-doble-malta-lata-355ml/p
LIC-CER-000218,7753749005357,"Cerveza Cusqueña Dorada Botella 310 ml Paquete 6 un",LICORES,CERVEZA,,UNIDAD,Cusqueña,"310 ml",GRAVADO,1,0,0,,,,PRODUCTO,,0,,PLAZAVEA,https://www.plazavea.com.pe/cerveza-cusquena-dorada-botella-310ml-paquete-6un/p
LIC-CER-000212,7753749005395,"Cerveza Cusqueña Negra Botella 310 ml Paquete 6 un",LICORES,CERVEZA,,UNIDAD,Cusqueña,"310 ml",GRAVADO,1,0,0,,,,PRODUCTO,,0,,PLAZAVEA,https://www.plazavea.com.pe/cerveza-cusquena-negra-botella-310ml-paquete-6un/p
LIC-CER-000164,7753749003353,"Cerveza Cusqueña Negra Lata 355 ml",LICORES,CERVEZA,,UNIDAD,Cusqueña,"355 ml",GRAVADO,1,0,0,,,,PRODUCTO,,0,,METRO,https://www.metro.pe/cerveza-cusquena-negra-lata-355ml/p
LIC-CER-000180,7753749008327,"Cerveza Cusqueña Negra Lata 473 ml",LICORES,CERVEZA,,UNIDAD,Cusqueña,"473 ml",GRAVADO,1,0,0,,,,PRODUCTO,,0,,METRO,https://www.metro.pe/cerveza-cusque-a-negra-lata-473ml-1039805/p
LIC-ESP-000014,7804414013082,"Alto los Romeros Espumante Brut Altos LOS Romeros Botella 750 ml",LICORES,ESPUMANTES,,UNIDAD,"Alto los Romeros","750 ml",GRAVADO,1,0,0,,,,PRODUCTO,,0,,PLAZAVEA,https://www.plazavea.com.pe/espumante-brut-altos-los-romeros-botella-750ml/p
LIC-ESP-000013,7804414015505,"Alto los Romeros Espumante Rosé Altos LOS Romeros Botella 750 ml",LICORES,ESPUMANTES,,UNIDAD,"Alto los Romeros","750 ml",GRAVADO,1,0,0,,,,PRODUCTO,,0,,PLAZAVEA,https://www.plazavea.com.pe/espumante-rose-altos-los-romeros-botella-750ml/p
LIC-ESP-000072,8410013009761,"Cava Anna DE Codorníu Brut Reserva Blanc de Blancs Botella 750 ml",LICORES,ESPUMANTES,,UNIDAD,"Anna de Codorniu","750 ml",GRAVADO,1,0,0,,,,PRODUCTO,,0,,PLAZAVEA,https://www.plazavea.com.pe/espumante-codorniu-brut-botella-750ml/p
LIC-ESP-000047,8410013999369,"Cava Anna DE Codorníu Brut Rosé Botella 750 ml",LICORES,ESPUMANTES,,UNIDAD,"Anna de Codorniu","750 ml",GRAVADO,1,0,0,,,,PRODUCTO,,0,,PLAZAVEA,https://www.plazavea.com.pe/espumante-codorniu-anna-rose-botella-750-ml/p
LIC-ESP-000083,8410013383014,"Cava Codorníu Clásico Semi Sec Botella 750 ml",LICORES,ESPUMANTES,,UNIDAD,Codorniu,"750 ml",GRAVADO,1,0,0,,,,PRODUCTO,,0,,PLAZAVEA,https://www.plazavea.com.pe/cava-codorniu-clasico-semi-sec-botella-750ml/p
LIC-ESP-000079,8410036002015,"Cava Freixenet Carta Nevada Semiseco Botella 750 ml",LICORES,ESPUMANTES,,UNIDAD,Freixenet,"750 ml",GRAVADO,1,0,0,,,,PRODUCTO,,0,,PLAZAVEA,https://www.plazavea.com.pe/cava-freixenet-carta-nevada-semiseco-botella-750ml/p
LIC-ESP-000069,8410036009090,"Cava Freixenet Cordón Negro Botella 750 ml",LICORES,ESPUMANTES,,UNIDAD,Freixenet,"750 ml",GRAVADO,1,0,0,,,,PRODUCTO,,0,,PLAZAVEA,https://www.plazavea.com.pe/cava-freixenet-cordon-nego-botella-750ml/p
LIC-ESP-000030,8410036805807,"Cava Freixenet Ice Cuvee Botella 750 ml",LICORES,ESPUMANTES,,UNIDAD,Freixenet,"750 ml",GRAVADO,1,0,0,,,,PRODUCTO,,0,,PLAZAVEA,https://www.plazavea.com.pe/cava-freixenet-ice-cuvee-botella-750ml/p
LIC-ESP-000024,3185370365007,"Champagne DOM Perignon Vintage Botella 750 ml Champagne DON Perignon Vintage Botella 750 ml",LICORES,ESPUMANTES,,UNIDAD,"Dom Perignon","750 ml",GRAVADO,1,0,0,,,,PRODUCTO,,0,,PLAZAVEA,https://www.plazavea.com.pe/champagne-dom-perignon-vintage-botella-750ml/p
LIC-ESP-000071,3185370000397,"Champagne Moet & Chandon Néctar Imperial Botella 750 ml",LICORES,ESPUMANTES,,UNIDAD,"Moet Chandon","750 ml",GRAVADO,1,0,0,,,,PRODUCTO,,0,,PLAZAVEA,https://www.plazavea.com.pe/champana-moetchandon-nectar-imperial-botella-750ml/p
LIC-ESP-000077,3049610004104,"Champagne Veuve Clicquot Brut Botella 750 ml",LICORES,ESPUMANTES,,UNIDAD,"Veuve Clicquot","750 ml",GRAVADO,1,0,0,,,,PRODUCTO,,0,,PLAZAVEA,https://www.plazavea.com.pe/champana-veuve-clicquot-brut-botella-750ml/p
LIC-ESP-000067,3185370001233,"Champaña Moet & Chandon Imperial Brut Botella 750 ml Champaña Moët & Chandon Imperial Brut Botella 750 ml",LICORES,ESPUMANTES,,UNIDAD,"Moet Chandon","750 ml",GRAVADO,1,0,0,,,,PRODUCTO,,0,,PLAZAVEA,https://www.plazavea.com.pe/champana-moetchandon-imperial-brut-botella-750ml/p
LIC-ESP-000098,7750921000162,"Don Castello Espumante Demi Sec DON Castelo Botella 750 ml",LICORES,ESPUMANTES,,UNIDAD,"Don Castello","750 ml",GRAVADO,1,0,0,,,,PRODUCTO,,0,,PLAZAVEA,https://www.plazavea.com.pe/espumante-demi-sec-don-castelo-botella-750ml/p
LIC-ESP-000019,8056457510182,"Espumante Acquesi Asti Botella 750 ml",LICORES,ESPUMANTES,,UNIDAD,Acquesi,"750 ml",GRAVADO,1,0,0,,,,PRODUCTO,,0,,PLAZAVEA,https://www.plazavea.com.pe/espumante-acquesi-asti-botella-750ml/p
LIC-ESP-000010,8056457510205,"Espumante Acquesi Brachetto Botella 750 ml",LICORES,ESPUMANTES,,UNIDAD,Acquesi,"750 ml",GRAVADO,1,0,0,,,,PRODUCTO,,0,,PLAZAVEA,https://www.plazavea.com.pe/espumante-acquesi-brachetto-botella-750ml/p
LIC-ESP-000020,8056457511943,"Espumante Acquesi Moscato Botella 750 ml",LICORES,ESPUMANTES,,UNIDAD,Acquesi,"750 ml",GRAVADO,1,0,0,,,,PRODUCTO,,0,,PLAZAVEA,https://www.plazavea.com.pe/espumante-acquesi-moscato-botella-750ml/p
LIC-ESP-000009,8056457510489,"Espumante Acquesi Rosato Botella 750 ml",LICORES,ESPUMANTES,,UNIDAD,Acquesi,"750 ml",GRAVADO,1,0,0,,,,PRODUCTO,,0,,PLAZAVEA,https://www.plazavea.com.pe/espumante-acquesi-rosato-botella-750ml/p
LIC-ESP-000017,8005415061563,"Espumante Canti Asti Liberty Botella 750 ml",LICORES,ESPUMANTES,,UNIDAD,Canti,"750 ml",GRAVADO,1,0,0,,,,PRODUCTO,,0,,PLAZAVEA,https://www.plazavea.com.pe/espumante-canti-asti-liberty-botella-750ml/p
LIC-ESP-000075,7790975000213,"Espumante Chandon Brut Nature Botella 750 ml",LICORES,ESPUMANTES,,UNIDAD,Chandon,"750 ml",GRAVADO,1,0,0,,,,PRODUCTO,,0,,PLAZAVEA,https://www.plazavea.com.pe/espumante-chandon-brut-nature-botella-750ml/p
LIC-ESP-000114,7790975003139,"Espumante Chandon Delice Botella 750 ml",LICORES,ESPUMANTES,,UNIDAD,Chandon,"750 ml",GRAVADO,1,0,0,,,,PRODUCTO,,0,,PLAZAVEA,https://www.plazavea.com.pe/espumante-chandon-delice-botella-750ml/p
LIC-ESP-000199,7790975000183,"Espumante Chandon Extra Brut Botella 750 ml",LICORES,ESPUMANTES,,UNIDAD,Chandon,"750 ml",GRAVADO,1,0,0,,,,PRODUCTO,,0,,PLAZAVEA,https://www.plazavea.com.pe/espumante-chandon-extra-brut-botella-750ml/p
LIC-ESP-000123,7790975201214,"Espumante Chandon Garden Spritz Botella 750 ml",LICORES,ESPUMANTES,,UNIDAD,Chandon,"750 ml",GRAVADO,1,0,0,,,,PRODUCTO,,0,,PLAZAVEA,https://www.plazavea.com.pe/espumante-chandon-garden-spritz-botella-750ml/p
LIC-ESP-000196,8000020000280,"Espumante Cinzano Asti Botella 750 ml",LICORES,ESPUMANTES,,UNIDAD,Cinzano,"750 ml",GRAVADO,1,0,0,,,,PRODUCTO,,0,,PLAZAVEA,https://www.plazavea.com.pe/espumante-cinzano-asti-botella-750ml/p
LIC-ESP-000195,8000020005247,"Espumante Cinzano Gran Dolce Botella 750 ml",LICORES,ESPUMANTES,,UNIDAD,Cinzano,"750 ml",GRAVADO,1,0,0,,,,PRODUCTO,,0,,PLAZAVEA,https://www.plazavea.com.pe/espumante-cinzano-gran-dolce-botella-750ml/p
LIC-ESP-000143,7798116190519,"Espumante Deseado Dulce Botella 750 ml",LICORES,ESPUMANTES,,UNIDAD,Deseado,"750 ml",GRAVADO,1,0,0,,,,PRODUCTO,,0,,PLAZAVEA,https://www.plazavea.com.pe/espumante-deseado-dulce-botella-750ml/p
LIC-ESP-000142,7798116191486,"Espumante Deseado Rosé Botella 750 ml",LICORES,ESPUMANTES,,UNIDAD,Deseado,"750 ml",GRAVADO,1,0,0,,,,PRODUCTO,,0,,PLAZAVEA,https://www.plazavea.com.pe/espumante-deseado-rose-botella-750ml/p
LIC-ESP-000124,8003360290755,"Espumante Dolce Tosti Botella 750 ml",LICORES,ESPUMANTES,,UNIDAD,Tosti,"750 ml",GRAVADO,1,0,0,,,,PRODUCTO,,0,,PLAZAVEA,https://www.plazavea.com.pe/espumante-dolce-tosti-botella-750ml/p
LIC-ESP-000197,7755204001065,"Espumante E. Copello Semi Seco Botella 750 ml",LICORES,ESPUMANTES,,UNIDAD,"E Copello","750 ml",GRAVADO,1,0,0,,,,PRODUCTO,,0,,PLAZAVEA,https://www.plazavea.com.pe/espumante-e-copello-botella-750ml/p
LIC-ESP-000128,8006883000283,"Espumante Filipetti Moscato Dolce Botella 750 ml",LICORES,ESPUMANTES,,UNIDAD,Filipetti,"750 ml",GRAVADO,1,0,0,,,,PRODUCTO,,0,,PLAZAVEA,https://www.plazavea.com.pe/espumante-filipetti-moscato-dolce-botella-750ml/p
LIC-ESP-000127,8410036802080,"Espumante Freixenet Elyssia Gran Cuvee Brut Botella 750 ml",LICORES,ESPUMANTES,,UNIDAD,Freixenet,"750 ml",GRAVADO,1,0,0,,,,PRODUCTO,,0,,PLAZAVEA,https://www.plazavea.com.pe/espumante-freixenet-elyssia-gran-cuvee-brut-botella-750ml-20087625/p
LIC-ESP-000125,8006805181014,"Espumante LA Giogiosa Fragolino Botella 750 ml",LICORES,ESPUMANTES,,UNIDAD,"La Giogiosa","750 ml",GRAVADO,1,0,0,,,,PRODUCTO,,0,,PLAZAVEA,https://www.plazavea.com.pe/espumante-la-giogiosa-fragolino-botella-750ml/p
LIC-ESP-000126,8006805399013,"Espumante LA Giogiosa Prosecco Botella 750 ml",LICORES,ESPUMANTES,,UNIDAD,"La Giogiosa","750 ml",GRAVADO,1,0,0,,,,PRODUCTO,,0,,PLAZAVEA,https://www.plazavea.com.pe/espumante-la-giogiosa-prosecco-botella-750ml/p
LIC-ESP-000191,8432286005332,"Espumante LE Celebración Sin Alcohol Botella 750 ml",LICORES,ESPUMANTES,,UNIDAD,"Le Celebracion","750 ml",GRAVADO,1,0,0,,,,PRODUCTO,,0,,PLAZAVEA,https://www.plazavea.com.pe/espumante-le-celebracion-sin-alcohol-botella-750ml/p
LIC-ESP-000134,8000570005025,"Espumante Martini Asti Botella 200 ml",LICORES,ESPUMANTES,,UNIDAD,Martini,"200 ml",GRAVADO,1,0,0,,,,PRODUCTO,,0,,PLAZAVEA,https://www.plazavea.com.pe/espumante-martini-asti-botella-200ml/p
LIC-ESP-000173,8000570435402,"Espumante Martini Asti Botella 750 ml",LICORES,ESPUMANTES,,UNIDAD,Martini,"750 ml",GRAVADO,1,0,0,,,,PRODUCTO,,0,,PLAZAVEA,https://www.plazavea.com.pe/espumante-asti-martini-botella-750ml/p
LIC-ESP-000131,8000570552505,"Espumante Martini Prosecco Botella 750 ml",LICORES,ESPUMANTES,,UNIDAD,Martini,"750 ml",GRAVADO,1,0,0,,,,PRODUCTO,,0,,PLAZAVEA,https://www.plazavea.com.pe/espumante-martini-prosecco-botella-750ml/p
LIC-ESP-000192,3185370074831,"Espumante Moet & Chandon Rosé Imperial Brut Botella 750 ml",LICORES,ESPUMANTES,,UNIDAD,"Moet Chandon","750 ml",GRAVADO,1,0,0,,,,PRODUCTO,,0,,PLAZAVEA,https://www.plazavea.com.pe/espumante-moetchandon-rose-imperial-brut-botella-750ml/p
LIC-ESP-000137,7758645002325,"Espumante Napoleón Moscato Rosso Botella 750 ml",LICORES,ESPUMANTES,,UNIDAD,Napoleon,"750 ml",GRAVADO,1,0,0,,,,PRODUCTO,,0,,PLAZAVEA,https://www.plazavea.com.pe/espumante-napoleon-moscato-rosso-botella-750ml/p
LIC-ESP-000159,7791250001529,"Espumante Navarro Correas Extra Brut Botella 750 ml",LICORES,ESPUMANTES,,UNIDAD,"Navarro Correas","750 ml",GRAVADO,1,0,0,,,,PRODUCTO,,0,,PLAZAVEA,https://www.plazavea.com.pe/espumante-navarro-correas-extra-brut-botella-750ml/p
LIC-ESP-000198,7791250001543,"Espumante Navarro Correas Rosé Brut Botella 750 ml",LICORES,ESPUMANTES,,UNIDAD,"Navarro Correas","750 ml",GRAVADO,1,0,0,,,,PRODUCTO,,0,,PLAZAVEA,https://www.plazavea.com.pe/espumante-navarro-correas-malbec-brut-botella-750ml/p
LIC-VIN-000344,7792756010022,"Altas Cumbres Vino Tinto Malbec Lagarde 750 ml",LICORES,VINO,,UNIDAD,"Altas Cumbres","750 ml",GRAVADO,1,0,0,,,,PRODUCTO,,0,,METRO,https://www.metro.pe/vino-tinto-malbec-lagarde-750ml-2-2/p
LIC-VIN-001021,7798051950049,"Alto las Hormigas Vino Tinto Altos LAS Hormigas Reserva Malbec Botella 750 ml",LICORES,VINO,,UNIDAD,"Alto las Hormigas","750 ml",GRAVADO,1,0,0,,,,PRODUCTO,,0,,PLAZAVEA,https://www.plazavea.com.pe/vino-alto-las-hormigas-malbec-reserva-botella-750ml/p
LIC-VIN-000869,7804414004844,"Alto los Romeros Vino Blanco Altos LOS Romeros Sauvignon Blanc Botella 750 ml",LICORES,VINO,,UNIDAD,"Alto los Romeros","750 ml",GRAVADO,1,0,0,,,,PRODUCTO,,0,,PLAZAVEA,https://www.plazavea.com.pe/vino-blanco-altos-los-romeros-sauvignon-blanc-botella-750ml/p
LIC-VIN-000868,7804414004882,"Alto los Romeros Vino Tinto Altos LOS Romeros Merlot Botella 750 ml",LICORES,VINO,,UNIDAD,"Alto los Romeros","750 ml",GRAVADO,1,0,0,,,,PRODUCTO,,0,,PLAZAVEA,https://www.plazavea.com.pe/vino-alto-los-romeros-merlot-botella-750ml/p
LIC-VIN-001231,7804414004868,"Alto los Romeros Vino Tinto Altos LOS Romeros Reserva Cabernet Sauvignon Botella 750 ml",LICORES,VINO,,UNIDAD,"Alto los Romeros","750 ml",GRAVADO,1,0,0,,,,PRODUCTO,,0,,PLAZAVEA,https://www.plazavea.com.pe/vino-alto-los-romeros-reserva-cabernet-sauvignon-botella-750ml/p
LIC-VIN-001230,7804414004875,"Alto los Romeros Vino Tinto Altos LOS Romeros Reserva Carmenere Botella 750 ml",LICORES,VINO,,UNIDAD,"Alto los Romeros","750 ml",GRAVADO,1,0,0,,,,PRODUCTO,,0,,PLAZAVEA,https://www.plazavea.com.pe/vino-alto-los-romeros-reserva-carmenere-botella-750ml/p
LIC-VIN-001164,7798116930214,"Bressia Vino Monteagrelo Cabernet Franc Botella 750 ml",LICORES,VINO,,UNIDAD,Bressia,"750 ml",GRAVADO,1,0,0,,,,PRODUCTO,,0,,PLAZAVEA,https://www.plazavea.com.pe/vino-monteagrelo-cabernet-franc-botella-750ml-101956083/p
LIC-VIN-001166,7798116930122,"Bressia Vino Monteagrelo Malbec Botella 750 ml",LICORES,VINO,,UNIDAD,Bressia,"750 ml",GRAVADO,1,0,0,,,,PRODUCTO,,0,,PLAZAVEA,https://www.plazavea.com.pe/vino-monteagrelo-malbec-botella-750ml-101956011/p
LIC-VIN-000104,7804320758640,"Casillero del Diablo Vino Tinto Malbec Diablo Purple Malbec Botella 750 ml",LICORES,VINO,,UNIDAD,"Casillero del Diablo","750 ml",GRAVADO,1,0,0,,,,PRODUCTO,,0,,METRO,https://www.metro.pe/vino-tinto-malbec-diablo-purple-malbec-botella-750ml-1003304/p
LIC-VIN-000283,7794450025029,"Catena Zapata Vino Blanco Chardonnay Catena Botella 750 ml",LICORES,VINO,,UNIDAD,"Catena Zapata","750 ml",GRAVADO,1,0,0,,,,PRODUCTO,,0,,METRO,https://www.metro.pe/vino-blanco-chardonnay-catena-botella-750ml-375537-2/p
LIC-VIN-000035,7794450947345,"Catena Zapata Vino Rosé Blend Catena Botella 750 ml",LICORES,VINO,,UNIDAD,"Catena Zapata","750 ml",GRAVADO,1,0,0,,,,PRODUCTO,,0,,METRO,https://www.metro.pe/vino-ros-blend-catena-botella-750ml-1064845/p
LIC-VIN-000370,7794450002570,"Catena Zapata Vino Tinto Cabernet Sauvignon Catena Botella 750 ml",LICORES,VINO,,UNIDAD,"Catena Zapata","750 ml",GRAVADO,1,0,0,,,,PRODUCTO,,0,,METRO,https://www.metro.pe/vino-tinto-cabernet-sauvignon-catena-botella-750ml-2-2/p
LIC-VIN-000369,7794450008053,"Catena Zapata Vino Tinto Malbec Catena Botella 750 ml",LICORES,VINO,,UNIDAD,"Catena Zapata","750 ml",GRAVADO,1,0,0,,,,PRODUCTO,,0,,METRO,https://www.metro.pe/vino-tinto-malbec-catena-botella-750ml-2-2/p
LIC-VIN-000046,7804320116815,"Concha y Toro Vino Blanco Sauvignon Blanc Reservado Botella 750 ml",LICORES,VINO,,UNIDAD,"Concha y Toro","750 ml",GRAVADO,1,0,0,,,,PRODUCTO,,0,,METRO,https://www.metro.pe/vino-blanco-sauvignon-blanc-reservado-botella-750ml-1047363/p
LIC-VIN-000047,7804320116921,"Concha y Toro Vino Tinto Carmenere Reservado Botella 750 ml",LICORES,VINO,,UNIDAD,"Concha y Toro","750 ml",GRAVADO,1,0,0,,,,PRODUCTO,,0,,METRO,https://www.metro.pe/vino-tinto-carmenere-reservado-botella-750ml-1047361/p
LIC-VIN-000045,7798039590496,"Concha y Toro Vino Tinto Malbec Reservado Botella 750 ml",LICORES,VINO,,UNIDAD,"Concha y Toro","750 ml",GRAVADO,1,0,0,,,,PRODUCTO,,0,,METRO,https://www.metro.pe/vino-tinto-malbec-reservado-botella-750ml-1047362/p
LIC-VIN-000943,7804320253480,"Concha y Toro Vino Tinto Marqués DE Casa Concha Merlot Botella 750 ml",LICORES,VINO,,UNIDAD,"Concha y Toro","750 ml",GRAVADO,1,0,0,,,,PRODUCTO,,0,,PLAZAVEA,https://www.plazavea.com.pe/vino-concha-y-toro-marques-de-casa-concha-merlot-botella-750ml/p
LIC-VIN-001161,7798152264397,"Durigutti Vino Cocoliche Blend Blanco Botella 750 ml",LICORES,VINO,,UNIDAD,Durigutti,"750 ml",GRAVADO,1,0,0,,,,PRODUCTO,,0,,PLAZAVEA,https://www.plazavea.com.pe/vino-cocoliche-blend-blanco-botella-750ml-101972023/p
LIC-VIN-002377,7798152263109,"Durigutti Vino Cocoliche Blend Tinto Botella 750 ml",LICORES,VINO,,UNIDAD,Durigutti,"750 ml",GRAVADO,1,0,0,,,,PRODUCTO,,0,,PLAZAVEA,https://www.plazavea.com.pe/vino-cocoliche-blend-tinto-botella-750ml-101972038/p
LIC-VIN-002386,7798152262317,"Durigutti Vino Proyecto LAS Compuertas Charbono Orgánico Botella 750 ml",LICORES,VINO,,UNIDAD,Durigutti,"750 ml",GRAVADO,1,0,0,,,,PRODUCTO,,0,,PLAZAVEA,https://www.plazavea.com.pe/vino-proyecto-las-compuertas-charbono-botella-750ml-101955464/p
LIC-VIN-002663,8410537059822,"El Coto Vino Tinto Tempranillo Coto de Imaz Reserva Botella 750 ml",LICORES,VINO,,UNIDAD,"El Coto","750 ml",GRAVADO,1,0,0,,,,PRODUCTO,,0,,METRO,https://www.metro.pe/vino-tinto-tempranillo-coto-de-imaz-reserva-botella-750ml-2-2/p
LIC-VIN-003081,8410537461724,"El Coto de Rioja Vino Blanco EL Coto Rioja Verdejo Botella 750 ml",LICORES,VINO,,UNIDAD,"El Coto de Rioja","750 ml",GRAVADO,1,0,0,,,,PRODUCTO,,0,,PLAZAVEA,https://www.plazavea.com.pe/vino-blanco-el-coto-verdejo-botella-750ml/p
LIC-VIN-003087,8410537191621,"El Coto de Rioja Vino Blanco EL Coto Semidulce Botella 750 ml",LICORES,VINO,,UNIDAD,"El Coto de Rioja","750 ml",GRAVADO,1,0,0,,,,PRODUCTO,,0,,PLAZAVEA,https://www.plazavea.com.pe/vino-blanco-el-coto-semidulce-botella-750ml/p
LIC-VIN-003054,8410537039626,"El Coto de Rioja Vino Tinto Coto de Imaz Gran Reserva Botella 750 ml",LICORES,VINO,,UNIDAD,"El Coto de Rioja","750 ml",GRAVADO,1,0,0,,,,PRODUCTO,,0,,PLAZAVEA,https://www.plazavea.com.pe/vino-coto-de-imaz-gran-reserva-botella-750ml/p
LIC-VIN-003086,8410537050119,"El Coto de Rioja Vino Tinto EL Coto Reserva Botella 1.5 L",LICORES,VINO,,UNIDAD,"El Coto de Rioja","1.5 L",GRAVADO,1,0,0,,,,PRODUCTO,,0,,PLAZAVEA,https://www.plazavea.com.pe/vino-tinto-el-coto-reserva-botella-1-5l/p
LIC-VIN-003242,7790415127814,"Escorihuela Gascon Vino Familia Gascón Cabernet Sauvignon Botella 750 ml",LICORES,VINO,,UNIDAD,"Escorihuela Gascon","750 ml",GRAVADO,1,0,0,,,,PRODUCTO,,0,,PLAZAVEA,https://www.plazavea.com.pe/vino-familia-gascon-cabernet-sauvignon-botella-750ml/p
LIC-VIN-003241,7790415128217,"Escorihuela Gascon Vino Tinto Familia Gascón Syrah Botella 750 ml",LICORES,VINO,,UNIDAD,"Escorihuela Gascon","750 ml",GRAVADO,1,0,0,,,,PRODUCTO,,0,,PLAZAVEA,https://www.plazavea.com.pe/vino-escorihuela-gascon-familia-gascon-syrah-botella-750ml/p
LIC-VIN-002938,7790470085999,"Finca Flichman Vino Tinto Finca Fleichman Estate Cabernet Sauvignon Botella 750 ml",LICORES,VINO,,UNIDAD,"Finca Flichman","750 ml",GRAVADO,1,0,0,,,,PRODUCTO,,0,,PLAZAVEA,https://www.plazavea.com.pe/vino-tinto-finca-fleichman-estate-cabernet-sauvignon-botella-750ml/p
LIC-VIN-002939,7790470085982,"Finca Flichman Vino Tinto Finca Fleichman Estate Malbec Botella 750 ml",LICORES,VINO,,UNIDAD,"Finca Flichman","750 ml",GRAVADO,1,0,0,,,,PRODUCTO,,0,,PLAZAVEA,https://www.plazavea.com.pe/vino-tinto-finca-fleichman-estate-malbec-botella-750ml/p
LIC-VIN-002775,7791203000548,"Finca la Linda Vino Rosé Malbec la Linda Botella 750 ml",LICORES,VINO,,UNIDAD,"Finca la Linda","750 ml",GRAVADO,1,0,0,,,,PRODUCTO,,0,,METRO,https://www.metro.pe/vino-rose-malbec-la-linda-botella-750ml-2-2/p
LIC-VIN-002411,7791540055218,"Finca las Moras Vino Blanco Sauvignon Blanc Dadá Botella 750 ml",LICORES,VINO,,UNIDAD,"Finca las Moras","750 ml",GRAVADO,1,0,0,,,,PRODUCTO,,0,,METRO,https://www.metro.pe/vino-blanco-sauvignon-blanc-dad-botella-750ml-1068049/p
LIC-VIN-002414,7791540044502,"Finca las Moras Vino Tinto Blend Dadá Nr1 Botella 750 ml",LICORES,VINO,,UNIDAD,"Finca las Moras","750 ml",GRAVADO,1,0,0,,,,PRODUCTO,,0,,METRO,https://www.metro.pe/vino-tinto-blend-dad-nr1-botella-750ml-1068047/p
LIC-VIN-002415,7791540047855,"Finca las Moras Vino Tinto Cabernet Sauvignon Dadá Botella 750 ml",LICORES,VINO,,UNIDAD,"Finca las Moras","750 ml",GRAVADO,1,0,0,,,,PRODUCTO,,0,,METRO,https://www.metro.pe/vino-tinto-cabernet-sauvignon-dad-botella-750ml-1068046/p
LIC-VIN-002630,7791540049354,"Finca las Moras Vino Tinto Cabernet Sauvignon los Intocables Botella 750 ml",LICORES,VINO,,UNIDAD,"Finca las Moras","750 ml",GRAVADO,1,0,0,,,,PRODUCTO,,0,,METRO,https://www.metro.pe/vino-tinto-cabernet-sauvignon-los-intocables-botella-750ml-2-2/p
LIC-VIN-002413,7791540047862,"Finca las Moras Vino Tinto Malbec Dadá Botella 750 ml",LICORES,VINO,,UNIDAD,"Finca las Moras","750 ml",GRAVADO,1,0,0,,,,PRODUCTO,,0,,METRO,https://www.metro.pe/vino-tinto-malbec-dad-botella-750ml-1068045/p
LIC-VIN-002631,7791540049347,"Finca las Moras Vino Tinto Malbec los Intocables Botella 750 ml",LICORES,VINO,,UNIDAD,"Finca las Moras","750 ml",GRAVADO,1,0,0,,,,PRODUCTO,,0,,METRO,https://www.metro.pe/vino-tinto-malbec-los-intocables-botella-750ml-700017-2/p
LIC-VIN-002412,7791540044519,"Finca las Moras Vino Tinto Merlot Dadá Nr2 Botella 750 ml",LICORES,VINO,,UNIDAD,"Finca las Moras","750 ml",GRAVADO,1,0,0,,,,PRODUCTO,,0,,METRO,https://www.metro.pe/vino-tinto-merlot-dad-nr2-botella-750ml-1068048/p
LIC-VIN-002718,7791540090387,"Finca las Moras Vino Tinto Tanant las Moras Reserva Botella 750 ml",LICORES,VINO,,UNIDAD,"Finca las Moras","750 ml",GRAVADO,1,0,0,,,,PRODUCTO,,0,,METRO,https://www.metro.pe/vino-tinto-tanant-las-moras-reserva-botella-750ml-449570/p
LIC-VIN-002425,8410744014720,"Frizzante Blanco Knock Knock Botella 750 ml",LICORES,VINO,,UNIDAD,"Knock Knock","750 ml",GRAVADO,1,0,0,,,,PRODUCTO,,0,,METRO,https://www.metro.pe/frizzante-blanco-knock-knock-botella-750ml-1048494/p
LIC-VIN-003623,7804300004019,"Gato Negro Vino Blanco Sauvignon Blanc Caja 1 L",LICORES,VINO,,UNIDAD,"Gato Negro","1 L",GRAVADO,1,0,0,,,,PRODUCTO,,0,,METRO,https://www.metro.pe/vino-blanco-sauvignon-blanc-caja-1-lt-2/p
LIM-DET-000261,885967085204,"Almidón En Aerosol Para Ropa Niagara Original Finish 585 ml",LIMPIEZA,DETERGENTES,,UNIDAD,Niagara,"585 ml",GRAVADO,0,0,0,,,,PRODUCTO,,0,,METRO,https://www.metro.pe/almid-n-en-aerosol-para-ropa-niagara-original-finish-585ml-6430/p
LIM-DET-000199,885967081503,"Almidón Niagara Heavy Professional Spray 20 Onzas",LIMPIEZA,DETERGENTES,,UNIDAD,Niagara,,GRAVADO,0,0,0,,,,PRODUCTO,,0,,METRO,https://www.metro.pe/almidon-heavy-professional-20-oz-niagara/p
LIM-DET-000226,757037950869,"Arm y Hammer Quitamanchas En Polvo Oxiclean 802 g",LIMPIEZA,DETERGENTES,,UNIDAD,"Arm y Hammer","802 g",GRAVADO,0,0,0,,,,PRODUCTO,,0,,METRO,https://www.metro.pe/quitamanchas-en-polvo-oxiclean-802g-1034915/p
LIM-DET-000189,7750243084345,"Bolívar Suavizante Boívar Plus Lavanda 800 ml",LIMPIEZA,DETERGENTES,,UNIDAD,Bolívar,"800 ml",GRAVADO,0,0,0,,,,PRODUCTO,,0,,METRO,https://www.metro.pe/suavizante-bo-var-plus-lavanda-800ml-1069044/p
LIM-DET-000149,7708669890361,"Caricia Plancha Fácil 500 ml",LIMPIEZA,DETERGENTES,,UNIDAD,Caricia,"500 ml",GRAVADO,0,0,0,,,,PRODUCTO,,0,,METRO,https://www.metro.pe/caricia-plancha-f-cil-500ml-1033078/p
LIM-DET-000225,7708669890477,"Caricia Plancha Fácil 650 ml",LIMPIEZA,DETERGENTES,,UNIDAD,Caricia,"650 ml",GRAVADO,0,0,0,,,,PRODUCTO,,0,,METRO,https://www.metro.pe/caricia-plancha-f-cil-650ml-1033077/p
LIM-DET-000046,7509546698069,"Clorox Suavizante Suavitel Complete Fresca Primavera 2.3 L",LIMPIEZA,DETERGENTES,,UNIDAD,Clorox,"2.3 L",GRAVADO,0,0,0,,,,PRODUCTO,,0,,METRO,https://www.metro.pe/suavizante-suavitel-complete-fresca-primavera-23l-1034973/p
LIM-DET-000248,3045200760009,"Desinfectante Para Ropa Sanytol Flores Blancas 500 ml",LIMPIEZA,DETERGENTES,,UNIDAD,Sanytol,"500 ml",GRAVADO,0,0,0,,,,PRODUCTO,,0,,METRO,https://www.metro.pe/desinfectante-para-ropa-sanytol-flores-blancas-500ml-907983/p
LIM-DET-000163,4008455458618,"Desodorante Sudor Quitamancha Dr. Beckmann 250 ml",LIMPIEZA,DETERGENTES,,UNIDAD,"Dr Beckmann","250 ml",GRAVADO,0,0,0,,,,PRODUCTO,,0,,METRO,https://www.metro.pe/desodorante-sudor-quitamancha-dr-beckmann-250ml-2-2/p
LIM-DET-000099,7750243083607,"Det. Marsella Brisas DEL Norte 2 kg Detergente En Polvo Marsella Brisas del Norte 2 kg",LIMPIEZA,DETERGENTES,,UNIDAD,Marsella,"2 kg",GRAVADO,0,0,0,,,,PRODUCTO,,0,,METRO,https://www.metro.pe/det-marsella-brisas-del-norte-2kg/p
LIM-DET-000043,7750243083584,"Det. Marsella Brisas DEL Norte 4 kg Detergente En Polvo Marsella Brisas del Norte 4 kg",LIMPIEZA,DETERGENTES,,UNIDAD,Marsella,"4 kg",GRAVADO,0,0,0,,,,PRODUCTO,,0,,METRO,https://www.metro.pe/det-marsella-brisas-del-norte-4kg/p
LIM-DET-002009,7750243083591,"Det. Marsella Brisas DEL Norte 730 g Detergente En Polvo Marsella Brisas del Norte 730 g",LIMPIEZA,DETERGENTES,,UNIDAD,Marsella,"730 g",GRAVADO,0,0,0,,,,PRODUCTO,,0,,METRO,https://www.metro.pe/det-marsella-brisas-del-norte-730gr/p
LIM-DET-000364,6947089306774,"Detergente 15 kg Aroma Rosa Orión Oferta ORION001",LIMPIEZA,DETERGENTES,,UNIDAD,Orion,"15 kg",GRAVADO,0,0,0,,,,PRODUCTO,,0,,PLAZAVEA,https://www.plazavea.com.pe/detergente-15kg-aroma-rosa-orion-oferta-101256927/p
LIM-DET-000143,7500435255370,"Detergente En Polvo ACE Con Toque de Downy 1.7 kg",LIMPIEZA,DETERGENTES,,UNIDAD,Ace,"1.7 kg",GRAVADO,0,0,0,,,,PRODUCTO,,0,,METRO,https://www.metro.pe/detergente-en-polvo-ace-con-toque-de-downy-1-7-kg-1042505/p
LIM-DET-000128,7500435111225,"Detergente En Polvo ACE Con Toque de Downy 4 kg",LIMPIEZA,DETERGENTES,,UNIDAD,Ace,"4 kg",GRAVADO,0,0,0,,,,PRODUCTO,,0,,METRO,https://www.metro.pe/detergente-en-polvo-ace-con-toque-de-downy-4-kg-541512/p
LIM-DET-000141,7500435255257,"Detergente En Polvo ACE Con Toque de Downy 700 g",LIMPIEZA,DETERGENTES,,UNIDAD,Ace,"700 g",GRAVADO,0,0,0,,,,PRODUCTO,,0,,METRO,https://www.metro.pe/detergente-en-polvo-ace-con-toque-de-downy-700-g-1048413/p
LIM-DET-000851,7500435255363,"Detergente En Polvo ACE Limpieza Completa Bolsa 4 kg",LIMPIEZA,DETERGENTES,,UNIDAD,Ace,"4 kg",GRAVADO,0,0,0,,,,PRODUCTO,,0,,PLAZAVEA,https://www.plazavea.com.pe/detergente-en-polvo-ace-limpieza-completa-bolsa-4kg/p
LIM-DET-000850,7500435255400,"Detergente En Polvo ACE Limpieza Completa Bolsa 5.8 kg",LIMPIEZA,DETERGENTES,,UNIDAD,Ace,"5.8 kg",GRAVADO,0,0,0,,,,PRODUCTO,,0,,PLAZAVEA,https://www.plazavea.com.pe/detergente-en-polvo-ace-limpieza-completa-bolsa-5-8kg/p
LIM-DET-000461,7500435255394,"Detergente En Polvo Ace Limpieza Completa 4 kg",LIMPIEZA,DETERGENTES,,UNIDAD,Ace,"4 kg",GRAVADO,0,0,0,,,,PRODUCTO,,0,,METRO,https://www.metro.pe/detergente-en-polvo-ace-limpieza-completa-4kg-1042506/p
LIM-DET-000528,7500435137386,"Detergente En Polvo Ace Limpieza Completa 5.8 kg",LIMPIEZA,DETERGENTES,,UNIDAD,Ace,"5.8 kg",GRAVADO,0,0,0,,,,PRODUCTO,,0,,METRO,https://www.metro.pe/detergente-en-polvo-ace-limpieza-completa-5-8kg-731283/p
LIM-DET-001257,7500435255387,"Detergente En Polvo Ace Limpieza Completa 700 g",LIMPIEZA,DETERGENTES,,UNIDAD,Ace,"700 g",GRAVADO,0,0,0,,,,PRODUCTO,,0,,METRO,https://www.metro.pe/detergente-en-polvo-ace-limpieza-completa-700g-1048414/p
LIM-DET-001164,7500435255219,"Detergente En Polvo Ace Limpieza Completa 8 kg",LIMPIEZA,DETERGENTES,,UNIDAD,Ace,"8 kg",GRAVADO,0,0,0,,,,PRODUCTO,,0,,METRO,https://www.metro.pe/detergente-en-polvo-ace-limpieza-completa-8kg-977911/p
LIM-DET-001442,7750446040704,"Detergente En Polvo Aladino Aroma Floral Bolsa 500 g",LIMPIEZA,DETERGENTES,,UNIDAD,Aladino,"500 g",GRAVADO,0,0,0,,,,PRODUCTO,,0,,PLAZAVEA,https://www.plazavea.com.pe/detergente-en-polvo-aladino-aroma-floral-bolsa-500g/p
LIM-DET-001430,7500435255134,"Detergente En Polvo Ariel Con Toque de Downy Bolsa 1.8 kg",LIMPIEZA,DETERGENTES,,UNIDAD,Ariel,"1.8 kg",GRAVADO,0,0,0,,,,PRODUCTO,,0,,PLAZAVEA,https://www.plazavea.com.pe/detergente-en-polvo-ariel-con-toque-de-downy-bolsa-1-8kg/p
LIM-DET-001360,7500435255165,"Detergente En Polvo Ariel Con Toque de Downy Bolsa 2.5 kg",LIMPIEZA,DETERGENTES,,UNIDAD,Ariel,"2.5 kg",GRAVADO,0,0,0,,,,PRODUCTO,,0,,PLAZAVEA,https://www.plazavea.com.pe/detergente-en-polvo-ariel-con-toque-de-downy-bolsa-2-5kg/p
LIM-DET-001193,7500435255226,"Detergente En Polvo Ariel Pro Cuidado 1.8 kg",LIMPIEZA,DETERGENTES,,UNIDAD,Ariel,"1.8 kg",GRAVADO,0,0,0,,,,PRODUCTO,,0,,METRO,https://www.metro.pe/detergente-en-polvo-ariel-pro-cuidado-1-8kg-1040715/p
LIM-DET-001151,7500435255189,"Detergente En Polvo Ariel Pro Cuidado 2.5 kg",LIMPIEZA,DETERGENTES,,UNIDAD,Ariel,"2.5 kg",GRAVADO,0,0,0,,,,PRODUCTO,,0,,METRO,https://www.metro.pe/detergente-en-polvo-ariel-pro-cuidado-2-5kg-1040718/p
LIM-DET-001221,7506339391671,"Detergente En Polvo Ariel Pro Cuidado 4 kg",LIMPIEZA,DETERGENTES,,UNIDAD,Ariel,"4 kg",GRAVADO,0,0,0,,,,PRODUCTO,,0,,METRO,https://www.metro.pe/detergente-en-polvo-ariel-pro-cuidado-4kg-541514/p
LIM-DET-001216,7500435137348,"Detergente En Polvo Ariel Pro Cuidado 5.8 kg",LIMPIEZA,DETERGENTES,,UNIDAD,Ariel,"5.8 kg",GRAVADO,0,0,0,,,,PRODUCTO,,0,,METRO,https://www.metro.pe/detergente-en-polvo-ariel-pro-cuidado-5-8kg-731284/p
LIM-DET-001192,7500435255332,"Detergente En Polvo Ariel Pro Cuidado 720 g",LIMPIEZA,DETERGENTES,,UNIDAD,Ariel,"720 g",GRAVADO,0,0,0,,,,PRODUCTO,,0,,METRO,https://www.metro.pe/detergente-en-polvo-ariel-pro-cuidado-720g-1040711/p
LIM-DET-001427,7500435255141,"Detergente En Polvo Ariel Pro Cuidado Bolsa 1.2 kg",LIMPIEZA,DETERGENTES,,UNIDAD,Ariel,"1.2 kg",GRAVADO,0,0,0,,,,PRODUCTO,,0,,PLAZAVEA,https://www.plazavea.com.pe/detergente-en-polvo-ariel-pro-cuidado-bolsa-1-2kg/p
LIM-DET-001259,7500435255233,"Detergente En Polvo Ariel Revitacolor 1.8 kg",LIMPIEZA,DETERGENTES,,UNIDAD,Ariel,"1.8 kg",GRAVADO,0,0,0,,,,PRODUCTO,,0,,METRO,https://www.metro.pe/detergente-en-polvo-ariel-revitacolor-1-8kg-1040716/p
LIM-DET-001190,7500435255264,"Detergente En Polvo Ariel Revitacolor 2.5 kg",LIMPIEZA,DETERGENTES,,UNIDAD,Ariel,"2.5 kg",GRAVADO,0,0,0,,,,PRODUCTO,,0,,METRO,https://www.metro.pe/detergente-en-polvo-ariel-revitacolor-2-5kg-1040719/p
LIM-DET-001168,7500435157735,"Detergente En Polvo Ariel Revitacolor 4 kg",LIMPIEZA,DETERGENTES,,UNIDAD,Ariel,"4 kg",GRAVADO,0,0,0,,,,PRODUCTO,,0,,METRO,https://www.metro.pe/detergente-en-polvo-ariel-revitacolor-4kg-886891/p
LIM-DET-001233,7500435255295,"Detergente En Polvo Ariel Revitacolor 720 g",LIMPIEZA,DETERGENTES,,UNIDAD,Ariel,"720 g",GRAVADO,0,0,0,,,,PRODUCTO,,0,,METRO,https://www.metro.pe/detergente-en-polvo-ariel-revitacolor-720g-1040712/p
LIM-DET-001220,7500435111416,"Detergente En Polvo Ariel Toque de Downy 4 kg",LIMPIEZA,DETERGENTES,,UNIDAD,Ariel,"4 kg",GRAVADO,0,0,0,,,,PRODUCTO,,0,,METRO,https://www.metro.pe/detergente-en-polvo-ariel-toque-de-downy-4kg-541516/p
LIM-DET-001194,7500435255271,"Detergente En Polvo Ariel Toque de Downy 720 g",LIMPIEZA,DETERGENTES,,UNIDAD,Ariel,"720 g",GRAVADO,0,0,0,,,,PRODUCTO,,0,,METRO,https://www.metro.pe/detergente-en-polvo-ariel-toque-de-downy-720g-1040713/p
LIM-DET-001079,7750243079037,"Detergente En Polvo Bolívar Cuidado Bebés y Niños 1.5 kg",LIMPIEZA,DETERGENTES,,UNIDAD,Bolívar,"1.5 kg",GRAVADO,0,0,0,,,,PRODUCTO,,0,,METRO,https://www.metro.pe/detergente-en-polvo-bolivar-cuidado-bebes-y-ninos-1-5kg-1016189/p
LIM-DET-001109,7750243079112,"Detergente En Polvo Bolívar Cuidado Bebés y Niños 730 g",LIMPIEZA,DETERGENTES,,UNIDAD,Bolívar,"730 g",GRAVADO,0,0,0,,,,PRODUCTO,,0,,METRO,https://www.metro.pe/detergente-en-polvo-bolivar-cuidado-bebes-y-ninos-730g-1016185/p
LIM-DET-001203,7750243079006,"Detergente En Polvo Bolívar Cuidado Micelar 2.4 kg",LIMPIEZA,DETERGENTES,,UNIDAD,Bolívar,"2.4 kg",GRAVADO,0,0,0,,,,PRODUCTO,,0,,METRO,https://www.metro.pe/detergente-en-polvo-bolivar-cuidado-micelar-2-4kg-1016187/p
LIM-LAV-000082,7750525010000,"Adio Lavavajilla Líquido Poder Antigrasa",LIMPIEZA,LAVAVAJILLAS,,UNIDAD,Adio,,GRAVADO,0,0,0,,,,PRODUCTO,,0,,PLAZAVEA,https://www.plazavea.com.pe/lavavajilla-liquido-poder-antigrasa-102313554/p
LIM-LAV-000883,4054278229652,"Bolsa de Filtro Lavable Vc1 X 2 un Karcher",LIMPIEZA,LAVAVAJILLAS,,UNIDAD,Karcher,"2 un",GRAVADO,0,0,0,,,,PRODUCTO,,0,,PLAZAVEA,https://www.plazavea.com.pe/bolsa-de-filtro-de-papel-vc2-karcher-x5u-59939/p
LIM-LAV-000067,4001499963339,"Frosch Pastillas Para Lavavajillas Frosh Paquete 30 un",LIMPIEZA,LAVAVAJILLAS,,UNIDAD,Frosch,"30 un",GRAVADO,0,0,0,,,,PRODUCTO,,0,,PLAZAVEA,https://www.plazavea.com.pe/pastillas-para-lavavajillas-frosh-paquete-30un/p
LIM-LAV-000003,7500435173414,"Lavaloza Ayudin Limon y Sabila 1400 ml",LIMPIEZA,LAVAVAJILLAS,,UNIDAD,Ayudín,"1400 ml",GRAVADO,0,0,0,,,,PRODUCTO,,0,,METRO,https://www.metro.pe/lavaloza-ayudin-limon-y-sabila-1400ml-1004479/p
LIM-LAV-000139,7500435196130,"Lavavajilla En Pasta Ayudín Limón y Sábila Pote 850 g",LIMPIEZA,LAVAVAJILLAS,,UNIDAD,Ayudín,"850 g",GRAVADO,0,0,0,,,,PRODUCTO,,0,,PLAZAVEA,https://www.plazavea.com.pe/lavavajilla-en-pasta-ayudin-limon-y-sabila-pote-850g-20253989/p
LIM-LAV-000863,7754014006246,"Lavavajilla En Pasta Daryza Limón 800 g",LIMPIEZA,LAVAVAJILLAS,,UNIDAD,Daryza,"800 g",GRAVADO,0,0,0,,,,PRODUCTO,,0,,PLAZAVEA,https://www.plazavea.com.pe/lavavajilla-en-pasta-daryza-limon-800gr-101851893/p
LIM-LAV-000032,7861036793082,"Lavavajilla En Pasta Lavax Aloe 850 g Crema Lavavajilla Lavax Aloe 850 g",LIMPIEZA,LAVAVAJILLAS,,UNIDAD,Lavax,"850 g",GRAVADO,0,0,0,,,,PRODUCTO,,0,,METRO,https://www.metro.pe/lavavajilla-en-pasta-lavax-aloe-850g-1066284/p
LIM-LAV-000045,7861036793129,"Lavavajilla En Pasta Lavax Avena 850 g Crema Lavavajilla Lavax Avena 850 g",LIMPIEZA,LAVAVAJILLAS,,UNIDAD,Lavax,"850 g",GRAVADO,0,0,0,,,,PRODUCTO,,0,,METRO,https://www.metro.pe/lavavajilla-en-pasta-lavax-avena-850g-1066285/p
LIM-LAV-000031,7861036793679,"Lavavajilla En Pasta Lavax Limón 850 g Crema Lavavajilla Lavax Limon 850 g",LIMPIEZA,LAVAVAJILLAS,,UNIDAD,Lavax,"850 g",GRAVADO,0,0,0,,,,PRODUCTO,,0,,METRO,https://www.metro.pe/lavavajilla-en-pasta-lavax-lim-n-850g-1066286/p
LIM-LAV-000030,7861036793068,"Lavavajilla En Pasta Lavax Rosado 700 g Crema Lavavajilla Lavax Rosado 700 g",LIMPIEZA,LAVAVAJILLAS,,UNIDAD,Lavax,"700 g",GRAVADO,0,0,0,,,,PRODUCTO,,0,,METRO,https://www.metro.pe/lavavajilla-en-pasta-lavax-rosado-700g-1066472/p
LIM-LAV-000022,7861036793075,"Lavavajilla En Pasta Lavax Uva 700 g Crema Lavavajilla Lavax UVA 700 g",LIMPIEZA,LAVAVAJILLAS,,UNIDAD,Lavax,"700 g",GRAVADO,0,0,0,,,,PRODUCTO,,0,,METRO,https://www.metro.pe/lavavajilla-en-pasta-lavax-uva-700g-1066473/p
LIM-LAV-000044,7861036793020,"Lavavajilla En Pasta Lavax Verde 700 g",LIMPIEZA,LAVAVAJILLAS,,UNIDAD,Lavax,"700 g",GRAVADO,0,0,0,,,,PRODUCTO,,0,,METRO,https://www.metro.pe/lavavajilla-en-pasta-lavax-verde-700g-1066287/p
LIM-LAV-000006,7750243067898,"Lavavajilla En Pasta Sapolio Limón 800 g Lavavajilla En Crema Sapolio Limón 800 g",LIMPIEZA,LAVAVAJILLAS,,UNIDAD,Sapolio,"800 g",GRAVADO,0,0,0,,,,PRODUCTO,,0,,METRO,https://www.metro.pe/lavavajilla-en-pasta-sapolio-lim-n-800g-136482001/p
LIM-LAV-000005,7751851025348,"Lavavajilla En Pasta Sapolio Manzana 800 g Lavavajilla En Crema Sapolio Manzana 800 g",LIMPIEZA,LAVAVAJILLAS,,UNIDAD,Sapolio,"800 g",GRAVADO,0,0,0,,,,PRODUCTO,,0,,METRO,https://www.metro.pe/lavavajilla-en-pasta-sapolio-manzana-800g-136482003/p
LIM-LAV-000096,4001499964558,"Lavavajilla Frosch Vinagre de Frambuesa En Gel Frasco 500 ml",LIMPIEZA,LAVAVAJILLAS,,UNIDAD,Frosch,"500 ml",GRAVADO,0,0,0,,,,PRODUCTO,,0,,PLAZAVEA,https://www.plazavea.com.pe/lavavajilla-frosch-vinagre-de-frambuesa-en-gel-frasco-500ml/p
LIM-LAV-000134,7861036793112,"Lavavajilla Lavax Pasta Uva Pote 850 g",LIMPIEZA,LAVAVAJILLAS,,UNIDAD,Lavax,"850 g",GRAVADO,0,0,0,,,,PRODUCTO,,0,,PLAZAVEA,https://www.plazavea.com.pe/lavavajilla-lavax-pasta-uva-pote-850g-20395268/p
LIM-LAV-000261,7861036793099,"Lavavajilla Lavax Pasta Verde Pote 850 g",LIMPIEZA,LAVAVAJILLAS,,UNIDAD,Lavax,"850 g",GRAVADO,0,0,0,,,,PRODUCTO,,0,,PLAZAVEA,https://www.plazavea.com.pe/lavavajilla-lavax-pasta-verde-pote-850g-20395267/p
LIM-LAV-000265,7753319000454,"Lavavajilla Lesly Limón Pote 1 kg",LIMPIEZA,LAVAVAJILLAS,,UNIDAD,Lesly,"1 kg",GRAVADO,0,0,0,,,,PRODUCTO,,0,,PLAZAVEA,https://www.plazavea.com.pe/lavavajilla-lesly-limon-pote-1kg/p
LIM-LAV-000390,7753319000614,"Lavavajilla Lesly Uva Pote 1 kg",LIMPIEZA,LAVAVAJILLAS,,UNIDAD,Lesly,"1 kg",GRAVADO,0,0,0,,,,PRODUCTO,,0,,PLAZAVEA,https://www.plazavea.com.pe/lavavajilla-lesly-uva-pote-1kg/p
LIM-LAV-000874,7448744875042,"Lavavajilla Liquido Sol Clean 4 L Aroma Limón, Aroma Naranja.",LIMPIEZA,LAVAVAJILLAS,,UNIDAD,"Sol Clean","4 L",GRAVADO,0,0,0,,,,PRODUCTO,,0,,PLAZAVEA,https://www.plazavea.com.pe/lavavajilla-liquido-sol-clean-4-lt-aroma-limon-aroma-naranja-101131439/p
LIM-LAV-000578,609143645590,"Lavavajilla Líquida HEP Neutro Frasco 500 ml",LIMPIEZA,LAVAVAJILLAS,,UNIDAD,Hep,"500 ml",GRAVADO,0,0,0,,,,PRODUCTO,,0,,PLAZAVEA,https://www.plazavea.com.pe/lavavajilla-liquida-hep-neutro-frasco-500ml/p
LIM-LAV-000579,609143645606,"Lavavajilla Líquida HEP Neutro Frasco 900 ml",LIMPIEZA,LAVAVAJILLAS,,UNIDAD,Hep,"900 ml",GRAVADO,0,0,0,,,,PRODUCTO,,0,,PLAZAVEA,https://www.plazavea.com.pe/lavavajilla-liquida-hep-neutro-frasco-900ml/p
LIM-LAV-000512,7751851025089,"Lavavajilla Líquida Sapolio Limón 1.25 L Lavavajilla Líquida Sapolio Limón Frasco 1.25 L",LIMPIEZA,LAVAVAJILLAS,,UNIDAD,Sapolio,"1.25 L",GRAVADO,0,0,0,,,,PRODUCTO,,0,,METRO,https://www.metro.pe/lavavajilla-l-quida-sapolio-lim-n-1-25-l-524566001/p
LIM-LAV-000528,7751851010764,"Lavavajilla Líquida Sapolio Limón Frasco 750 ml",LIMPIEZA,LAVAVAJILLAS,,UNIDAD,Sapolio,"750 ml",GRAVADO,0,0,0,,,,PRODUCTO,,0,,METRO,https://www.metro.pe/lavavajilla-liquida-sapolio-limon-frasco-750-ml-2-2/p
LIM-LAV-000504,7751851025096,"Lavavajilla Líquida Sapolio Manzana 1.25 L Lavavajilla Líquida Sapolio Manzana Frasco 1.25 L",LIMPIEZA,LAVAVAJILLAS,,UNIDAD,Sapolio,"1.25 L",GRAVADO,0,0,0,,,,PRODUCTO,,0,,METRO,https://www.metro.pe/lavavajilla-l-quida-sapolio-manzana-1-25-l-524566002/p
LIM-LAV-000520,7751851010788,"Lavavajilla Líquida Sapolio Manzana Frasco 750 ml",LIMPIEZA,LAVAVAJILLAS,,UNIDAD,Sapolio,"750 ml",GRAVADO,0,0,0,,,,PRODUCTO,,0,,METRO,https://www.metro.pe/lavavajilla-liquida-sapolio-manzana-frasco-750-ml-2/p
LIM-LAV-000574,7754014006260,"Lavavajilla Líquida de Manzana Daryza Frasco 900 ml",LIMPIEZA,LAVAVAJILLAS,,UNIDAD,Daryza,"900 ml",GRAVADO,0,0,0,,,,PRODUCTO,,0,,PLAZAVEA,https://www.plazavea.com.pe/lavavajilla-liquida-de-manzana-daryza-frasco-900ml-102110594/p
LIM-LAV-000560,7759918006170,"Lavavajilla Líquido Ayudin Lima Limón 1200 ml",LIMPIEZA,LAVAVAJILLAS,,UNIDAD,Ayudín,"1200 ml",GRAVADO,0,0,0,,,,PRODUCTO,,0,,PLAZAVEA,https://www.plazavea.com.pe/lavavajilla-liquido-ayudin-lima-limon-1200ml/p
LIM-LAV-000590,7759918006156,"Lavavajilla Líquido Ayudin Lima Limón 640 ml",LIMPIEZA,LAVAVAJILLAS,,UNIDAD,Ayudín,"640 ml",GRAVADO,0,0,0,,,,PRODUCTO,,0,,PLAZAVEA,https://www.plazavea.com.pe/lavavajilla-liquido-ayudin-lima-limon-640ml/p
LIM-LAV-000591,7759918006163,"Lavavajilla Líquido Ayudin Lima Limón 900 ml",LIMPIEZA,LAVAVAJILLAS,,UNIDAD,Ayudín,"900 ml",GRAVADO,0,0,0,,,,PRODUCTO,,0,,PLAZAVEA,https://www.plazavea.com.pe/lavavajilla-liquido-ayudin-lima-limon-900ml/p
LIM-LAV-000541,7759918006262,"Lavavajilla Líquido Ayudin Limón y Sábila 1200 ml",LIMPIEZA,LAVAVAJILLAS,,UNIDAD,Ayudín,"1200 ml",GRAVADO,0,0,0,,,,PRODUCTO,,0,,PLAZAVEA,https://www.plazavea.com.pe/lavavajilla-liquido-ayudin-limon-y-sabila-1200ml/p
LIM-LAV-000544,7759918006286,"Lavavajilla Líquido Ayudin Limón y Sábila 2600 ml",LIMPIEZA,LAVAVAJILLAS,,UNIDAD,Ayudín,"2600 ml",GRAVADO,0,0,0,,,,PRODUCTO,,0,,PLAZAVEA,https://www.plazavea.com.pe/lavavajilla-liquido-ayudin-limon-y-sabila-2600ml/p
LIM-LAV-000550,7759918006231,"Lavavajilla Líquido Ayudin Limón y Sábila 280 ml",LIMPIEZA,LAVAVAJILLAS,,UNIDAD,Ayudín,"280 ml",GRAVADO,0,0,0,,,,PRODUCTO,,0,,PLAZAVEA,https://www.plazavea.com.pe/lavavajilla-liquido-ayudin-limon-y-sabila-280ml/p
LIM-LAV-000617,7759918006200,"Lavavajilla Líquido Ayudin Limón y Sábila 640 ml + Esponja",LIMPIEZA,LAVAVAJILLAS,,UNIDAD,Ayudín,"640 ml",GRAVADO,0,0,0,,,,PRODUCTO,,0,,PLAZAVEA,https://www.plazavea.com.pe/lavavajilla-liquido-ayudin-limon-y-sabila-640mlesponja/p
LIM-LAV-000549,7759918006255,"Lavavajilla Líquido Ayudin Limón y Sábila 900 ml",LIMPIEZA,LAVAVAJILLAS,,UNIDAD,Ayudín,"900 ml",GRAVADO,0,0,0,,,,PRODUCTO,,0,,PLAZAVEA,https://www.plazavea.com.pe/lavavajilla-liquido-ayudin-limon-y-sabila-900ml/p
LIM-LAV-000553,7759918006217,"Lavavajilla Líquido Ayudin Limón y Sábila 900 ml X2 un",LIMPIEZA,LAVAVAJILLAS,,UNIDAD,Ayudín,"900 ml",GRAVADO,0,0,0,,,,PRODUCTO,,0,,PLAZAVEA,https://www.plazavea.com.pe/lavavajilla-liquido-ayudin-limon-y-sabila-900ml-x2un/p
LIM-LAV-000622,7500435108805,"Lavavajilla Líquido Ayudín Limón Botella 170 ml",LIMPIEZA,LAVAVAJILLAS,,UNIDAD,Ayudín,"170 ml",GRAVADO,0,0,0,,,,PRODUCTO,,0,,PLAZAVEA,https://www.plazavea.com.pe/lavavajilla-liquido-ayudin-limon-botella-170ml/p
LIM-LAV-000570,7759918006620,"Lavavajilla Líquido Ayudín Triple Poder Botella 900 ml Paquete 2 un",LIMPIEZA,LAVAVAJILLAS,,UNIDAD,Ayudín,"900 ml",GRAVADO,0,0,0,,,,PRODUCTO,,0,,PLAZAVEA,https://www.plazavea.com.pe/lavavajilla-liquido-ayudin-triple-poder-botella-900ml-paquete-2un-20642945/p
LIM-LAV-000568,7759918006583,"Lavavajilla Líquido Ayudín Tripler Poder Botella 280 ml + Esponja",LIMPIEZA,LAVAVAJILLAS,,UNIDAD,Ayudín,"280 ml",GRAVADO,0,0,0,,,,PRODUCTO,,0,,PLAZAVEA,https://www.plazavea.com.pe/lavavajilla-liquido-ayudin-tripler-poder-botella-280ml---esponja-20642939/p
LIM-LAV-000564,7754326001915,"Lavavajilla Líquido Boreal Manzana Botella 500 ml",LIMPIEZA,LAVAVAJILLAS,,UNIDAD,Boreal,"500 ml",GRAVADO,0,0,0,,,,PRODUCTO,,0,,PLAZAVEA,https://www.plazavea.com.pe/lavavajilla-liquido-boreal-manzana-botella-500ml/p
LIM-LEJ-000113,8410951111106,"Balde Con Mopa Virutex 10 L",LIMPIEZA,"LEJIAS Y DESINFECTANTES",,UNIDAD,Virutex,"10 L",GRAVADO,0,0,0,,,,PRODUCTO,,0,,METRO,https://www.metro.pe/balde-con-mopa-virutex-10l-421020/p
LIM-LEJ-000159,7754014001869,"Desatorador Daryza 1 Gl de Soda Cáustica Transparente",LIMPIEZA,"LEJIAS Y DESINFECTANTES",,UNIDAD,Daryza,,GRAVADO,0,0,0,,,,PRODUCTO,,0,,PLAZAVEA,https://www.plazavea.com.pe/desatorador-daryza-1-gl-de-soda-caustica-transparente-102123162/p
LIM-LEJ-000270,7752835013306,"Desatorador Profesional Dukto Botella 1 L",LIMPIEZA,"LEJIAS Y DESINFECTANTES",,UNIDAD,Dukto,"1 L",GRAVADO,0,0,0,,,,PRODUCTO,,0,,PLAZAVEA,https://www.plazavea.com.pe/desatorador-profesional-dukto-botella-1l/p
LIM-LEJ-000052,7750160000107,"Desatorador Zopapo Hude",LIMPIEZA,"LEJIAS Y DESINFECTANTES",,UNIDAD,Hude,,GRAVADO,0,0,0,,,,PRODUCTO,,0,,METRO,https://www.metro.pe/desatorador-zopapo-hude/p
LIM-LEJ-000010,7751851086165,"Desatorador de Cañerías Sapolio Baño 980 ml",LIMPIEZA,"LEJIAS Y DESINFECTANTES",,UNIDAD,Sapolio,"980 ml",GRAVADO,0,0,0,,,,PRODUCTO,,0,,METRO,https://www.metro.pe/desatorador-de-canerias-sapolio-bano-980ml/p
LIM-LEJ-000030,7751851443258,"Desatorador de Cañerías Sapolio Cocina 980 ml",LIMPIEZA,"LEJIAS Y DESINFECTANTES",,UNIDAD,Sapolio,"980 ml",GRAVADO,0,0,0,,,,PRODUCTO,,0,,METRO,https://www.metro.pe/desatorador-de-canerias-sapolio-cocina-980ml/p
LIM-LEJ-000040,7750889000495,"Desatorador de Tuberías Diamante Baños 1 kg",LIMPIEZA,"LEJIAS Y DESINFECTANTES",,UNIDAD,Diamante,"1 kg",GRAVADO,0,0,0,,,,PRODUCTO,,0,,METRO,https://www.metro.pe/desatorador-de-tuber-as-diamante-ba-os-1kg-1038906/p
LIM-LEJ-000076,7750889000471,"Desatorador de Tuberías Diamante Cocina 1 kg",LIMPIEZA,"LEJIAS Y DESINFECTANTES",,UNIDAD,Diamante,"1 kg",GRAVADO,0,0,0,,,,PRODUCTO,,0,,METRO,https://www.metro.pe/desatorador-de-tuber-as-diamante-cocina-1kg-1038907/p
LIM-LEJ-000293,7805025697173,"Desinfectante Clorox Antihongos 450 ml",LIMPIEZA,"LEJIAS Y DESINFECTANTES",,UNIDAD,Clorox,"450 ml",GRAVADO,0,0,0,,,,PRODUCTO,,0,,METRO,https://www.metro.pe/desinfectante-clorox-antihongos-450ml/p
LIM-LEJ-000318,7805025697166,"Desinfectante Clorox Baño 450 ml",LIMPIEZA,"LEJIAS Y DESINFECTANTES",,UNIDAD,Clorox,"450 ml",GRAVADO,0,0,0,,,,PRODUCTO,,0,,METRO,https://www.metro.pe/desinfectante-clorox-bano-450ml/p
LIM-LEJ-000396,7805025687570,"Desinfectante Clorox Baño 500 ml",LIMPIEZA,"LEJIAS Y DESINFECTANTES",,UNIDAD,Clorox,"500 ml",GRAVADO,0,0,0,,,,PRODUCTO,,0,,METRO,https://www.metro.pe/desinfectante-clorox-bano-500ml/p
LIM-LEJ-000438,7501058716552,"Desinfectante Líquido Para Inodoros Harpic 100% Removedor de Sarro Botella 200 ml",LIMPIEZA,"LEJIAS Y DESINFECTANTES",,UNIDAD,Harpic,"200 ml",GRAVADO,0,0,0,,,,PRODUCTO,,0,,PLAZAVEA,https://www.plazavea.com.pe/desinfectante-para-inodoros-harpic-100-removedor-de-sarro-botella-200ml/p
LIM-LEJ-000426,7501058714978,"Desinfectante Para Inodoro Harpic Pastillas Azules 2 un",LIMPIEZA,"LEJIAS Y DESINFECTANTES",,UNIDAD,Harpic,"2 un",GRAVADO,0,0,0,,,,PRODUCTO,,0,,METRO,https://www.metro.pe/desinfectante-para-inodoro-harpic-pastillas-azules-2un-2/p
LIM-LEJ-000425,7501058714749,"Desinfectante Para Inodoro Harpic Pastillas Azules 5 un",LIMPIEZA,"LEJIAS Y DESINFECTANTES",,UNIDAD,Harpic,"5 un",GRAVADO,0,0,0,,,,PRODUCTO,,0,,METRO,https://www.metro.pe/desinfectante-para-inodoro-harpic-pastillas-azules-5un-2/p
LIM-LEJ-000424,7501058714992,"Desinfectante Para Inodoro Harpic White & Shine 5 un",LIMPIEZA,"LEJIAS Y DESINFECTANTES",,UNIDAD,Harpic,"5 un",GRAVADO,0,0,0,,,,PRODUCTO,,0,,METRO,https://www.metro.pe/desinfectante-para-inodoro-harpic-white-shine-5un/p
LIM-LEJ-000449,7756641007153,"Desinfectante Pinesol Original Pino Botella 4.5 L",LIMPIEZA,"LEJIAS Y DESINFECTANTES",,UNIDAD,Pinesol,"4.5 L",GRAVADO,0,0,0,,,,PRODUCTO,,0,,PLAZAVEA,https://www.plazavea.com.pe/desinfectante-pinesol-original-pino-botella-4-5l/p
LIM-LEJ-000351,7753278000021,"Desinfectante de Alimentos Dioxill Plus Uso Doméstico Frasco 200 ml",LIMPIEZA,"LEJIAS Y DESINFECTANTES",,UNIDAD,"Dioxill Plus","200 ml",GRAVADO,0,0,0,,,,PRODUCTO,,0,,METRO,https://www.metro.pe/desinfectante-de-alimentos-dioxill-plus-uso-domestico-frasco-200-ml-2-2/p
LIM-LEJ-000387,7753278000014,"Desinfectante de Alimentos Juandy Uso Doméstico Frasco 200 ml",LIMPIEZA,"LEJIAS Y DESINFECTANTES",,UNIDAD,Juandy,"200 ml",GRAVADO,0,0,0,,,,PRODUCTO,,0,,METRO,https://www.metro.pe/desinfectante-de-alimentos-juandy-uso-domestico-frasco-200-ml-2-2/p
LIM-LEJ-000446,7750440293557,"Desinfectante de Baño Dicol Pastilla de W.c. Aromatizada Bolsa 1 un",LIMPIEZA,"LEJIAS Y DESINFECTANTES",,UNIDAD,Dicol,"1 un",GRAVADO,0,0,0,,,,PRODUCTO,,0,,PLAZAVEA,https://www.plazavea.com.pe/desinfectante-de-bano-en-pastilla-dicol-wc-deodorizante-bolsa-1un/p
LIM-LEJ-000377,7501032923778,"Destructor de Sarro Pato 710 ml",LIMPIEZA,"LEJIAS Y DESINFECTANTES",,UNIDAD,Pato,"710 ml",GRAVADO,0,0,0,,,,PRODUCTO,,0,,METRO,https://www.metro.pe/destructor-de-sarro-pato-710ml-1003892/p
LIM-LEJ-000544,7501032913199,"Eliminador de Olores Glade Aerosol Floral 400 ml",LIMPIEZA,"LEJIAS Y DESINFECTANTES",,UNIDAD,Glade,"400 ml",GRAVADO,0,0,0,,,,PRODUCTO,,0,,METRO,https://www.metro.pe/eliminador-de-olores-glade-aerosol-floral-400-ml-2-2/p
LIM-LEJ-000506,7501032928650,"Eliminador de Olores Glade Aerosol Frescura Campestre 400 ml",LIMPIEZA,"LEJIAS Y DESINFECTANTES",,UNIDAD,Glade,"400 ml",GRAVADO,0,0,0,,,,PRODUCTO,,0,,METRO,https://www.metro.pe/eliminador-de-olores-glade-aerosol-frescura-campestre-400-ml-2-2/p
LIM-LEJ-000535,7750160110196,"Escobilla Sanitaria Luna Hude",LIMPIEZA,"LEJIAS Y DESINFECTANTES",,UNIDAD,Hude,,GRAVADO,0,0,0,,,,PRODUCTO,,0,,METRO,https://www.metro.pe/escobilla-sanitaria-luna-hude/p
LIM-LEJ-000495,7750160000435,"Escobilla de Ropa Plancha Hude",LIMPIEZA,"LEJIAS Y DESINFECTANTES",,UNIDAD,Hude,,GRAVADO,0,0,0,,,,PRODUCTO,,0,,METRO,https://www.metro.pe/escobilla-de-ropa-plancha-hude/p
LIM-LEJ-000517,7501032900526,"Gel Desinfectante Para Sanitarios Pato Destructor Citrus 710 ml",LIMPIEZA,"LEJIAS Y DESINFECTANTES",,UNIDAD,Pato,"710 ml",GRAVADO,0,0,0,,,,PRODUCTO,,0,,METRO,https://www.metro.pe/gel-desinfectante-para-sanitarios-pato-destructor-citrus-710ml-1037928/p
LIM-LEJ-000514,7501032900533,"Gel Desinfectante de Sanitarios Pato Fuerza Floral 710 ml",LIMPIEZA,"LEJIAS Y DESINFECTANTES",,UNIDAD,Pato,"710 ml",GRAVADO,0,0,0,,,,PRODUCTO,,0,,METRO,https://www.metro.pe/gel-desinfectante-de-sanitarios-pato-fuerza-floral-710ml-1040412/p
LIM-LEJ-000511,5060033820698,"Gel Limpiador de Inodoro The Pink Stuff 750 ml",LIMPIEZA,"LEJIAS Y DESINFECTANTES",,UNIDAD,"The Pink Stuff","750 ml",GRAVADO,0,0,0,,,,PRODUCTO,,0,,METRO,https://www.metro.pe/gel-limpiador-de-inodoro-the-pink-stuff-750ml-1033056/p
LIM-LEJ-001215,1254656987805,"Generico 3 un Pastillas Limpiadoras DE Lavadora 12 Piezas",LIMPIEZA,"LEJIAS Y DESINFECTANTES",,UNIDAD,Generico,,GRAVADO,0,0,0,,,,PRODUCTO,,0,,PLAZAVEA,https://www.plazavea.com.pe/3-unidades-pastillas-limpiadoras-de-lavadora-12-piezas-101560993/p
LIM-LEJ-000669,7750062025826,"Hisopo Khipu Cuadrado Reyplast - Color Aleatorio",LIMPIEZA,"LEJIAS Y DESINFECTANTES",,UNIDAD,Reyplast,,GRAVADO,0,0,0,,,,PRODUCTO,,0,,PLAZAVEA,https://www.plazavea.com.pe/hisopo-khipu-cuadrado-reyplast---color-aleatorio-101121954/p
LIM-LEJ-000670,7750062025819,"Hisopo Khipu Redondo Reyplast - Color Aleatorio",LIMPIEZA,"LEJIAS Y DESINFECTANTES",,UNIDAD,Reyplast,,GRAVADO,0,0,0,,,,PRODUCTO,,0,,PLAZAVEA,https://www.plazavea.com.pe/hisopo-khipu-redondo-reyplast---color-aleatorio-101121952/p
LIM-LEJ-000451,7751851004732,"Limpia Inodoro Sapolio WC Fresh Plus Pino 450 ml",LIMPIEZA,"LEJIAS Y DESINFECTANTES",,UNIDAD,Sapolio,"450 ml",GRAVADO,0,0,0,,,,PRODUCTO,,0,,METRO,https://www.metro.pe/limpia-inodoro-sapolio-wc-fresh-plus-pino-450ml-164040002/p
LIM-LEJ-000477,7751851024006,"Limpia Inodoro Sapolio WC Power Max 500 ml",LIMPIEZA,"LEJIAS Y DESINFECTANTES",,UNIDAD,Sapolio,"500 ml",GRAVADO,0,0,0,,,,PRODUCTO,,0,,METRO,https://www.metro.pe/limpia-inodoro-sapolio-wc-power-max-500ml/p
LIM-LEJ-000460,7751851024013,"Limpia Inodoro Sapolio WC Power Max 750 ml",LIMPIEZA,"LEJIAS Y DESINFECTANTES",,UNIDAD,Sapolio,"750 ml",GRAVADO,0,0,0,,,,PRODUCTO,,0,,METRO,https://www.metro.pe/limpia-inodoro-sapolio-wc-power-max-750ml/p
LIM-LEJ-000459,7751851559102,"Limpia Inodoro Sapolio WC Power Plus 500 ml",LIMPIEZA,"LEJIAS Y DESINFECTANTES",,UNIDAD,Sapolio,"500 ml",GRAVADO,0,0,0,,,,PRODUCTO,,0,,METRO,https://www.metro.pe/limpia-inodoro-sapolio-wc-power-plus-500ml/p
LIM-LEJ-000507,7751851024327,"Limpia Inodoro Sapolio WC Power Plus 750 ml",LIMPIEZA,"LEJIAS Y DESINFECTANTES",,UNIDAD,Sapolio,"750 ml",GRAVADO,0,0,0,,,,PRODUCTO,,0,,METRO,https://www.metro.pe/limpia-inodoro-sapolio-wc-power-plus-750ml/p
LIM-LEJ-000749,4008455424019,"Limpia Lavadoras Dr. Beckmann Original Caja 250 ml",LIMPIEZA,"LEJIAS Y DESINFECTANTES",,UNIDAD,"Dr Beckmann","250 ml",GRAVADO,0,0,0,,,,PRODUCTO,,0,,METRO,https://www.metro.pe/limpia-lavadoras-dr-beckmann-original-caja-250-ml-2/p
LIM-LEJ-000536,7750160110219,"Limpia Vidrio Hude",LIMPIEZA,"LEJIAS Y DESINFECTANTES",,UNIDAD,Hude,,GRAVADO,0,0,0,,,,PRODUCTO,,0,,METRO,https://www.metro.pe/limpia-vidrio-hude/p
LIM-LEJ-000538,7806810013017,"Limpia Vidrios Virutex 40 Cm",LIMPIEZA,"LEJIAS Y DESINFECTANTES",,UNIDAD,Virutex,,GRAVADO,0,0,0,,,,PRODUCTO,,0,,METRO,https://www.metro.pe/limpia-vidrios-virutex-40-cm/p
LIM-LEJ-000500,7751851113601,"Limpiador Antibacterial En Polvo Sapolio 450 g",LIMPIEZA,"LEJIAS Y DESINFECTANTES",,UNIDAD,Sapolio,"450 g",GRAVADO,0,0,0,,,,PRODUCTO,,0,,METRO,https://www.metro.pe/limpiador-antibacterial-en-polvo-sapolio-450g-2/p
LIM-LEJ-000463,7751851559331,"Limpiador Antihongos Sapolio 650 ml",LIMPIEZA,"LEJIAS Y DESINFECTANTES",,UNIDAD,Sapolio,"650 ml",GRAVADO,0,0,0,,,,PRODUCTO,,0,,METRO,https://www.metro.pe/limpiador-antihongos-sapolio-650ml/p
LIM-PAP-000218,7759185005524,"Elite Professional Papel Higiénico Hotelero Elite Pro 48 rollos",LIMPIEZA,"PAPEL Y CELULOSA",,UNIDAD,"Elite Professional",,GRAVADO,0,0,0,,,,PRODUCTO,,0,,PLAZAVEA,https://www.plazavea.com.pe/papel-higienico-hotelero-elite-pro-48-rollos-102123141/p
LIM-PAP-000172,7759185012409,"Elite Professional Papel Toalla Elite Plus 200 Mt",LIMPIEZA,"PAPEL Y CELULOSA",,UNIDAD,"Elite Professional",,GRAVADO,0,0,0,,,,PRODUCTO,,0,,PLAZAVEA,https://www.plazavea.com.pe/papel-toalla-elite-plus-200m-101849566/p
LIM-PAP-000241,875200300010,"Generico Papel Higiénico Señorial 40 Mt Doble Hoja Bolsa Por 24 rollos",LIMPIEZA,"PAPEL Y CELULOSA",,UNIDAD,Generico,,GRAVADO,0,0,0,,,,PRODUCTO,,0,,PLAZAVEA,https://www.plazavea.com.pe/papel-higienico-senorial-40-mt-doble-hoja-bolsa-por-24-rollos-101659820/p
LIM-PAP-000517,7755236001217,"Papel Higienico Jumbo Ebriel 6 rollos X 500m",LIMPIEZA,"PAPEL Y CELULOSA",,UNIDAD,Ebriel,"6 rollos",GRAVADO,0,0,0,,,,PRODUCTO,,0,,PLAZAVEA,https://www.plazavea.com.pe/papel-higienico-jumbo-ebriel-6-rollos-x-500m/p
LIM-PAP-000376,7751493010368,"Papel Higinico Doble Hoja Suave Esencias 24 un Papel Higiénico Doble Hoja Suave Esencias 24 un",LIMPIEZA,"PAPEL Y CELULOSA",,UNIDAD,Suave,"24 un",GRAVADO,0,0,0,,,,PRODUCTO,,0,,METRO,https://www.metro.pe/papel-higi-nico-doble-hoja-suave-esencias-24un-987068/p
LIM-PAP-000282,7759185006989,"Papel Higiénico Balanzé Básicos Doble Hoja Paquete 40 un",LIMPIEZA,"PAPEL Y CELULOSA",,UNIDAD,"Balanze Basicos","40 un",GRAVADO,0,0,0,,,,PRODUCTO,,0,,PLAZAVEA,https://www.plazavea.com.pe/papel-higienico-boreal-doble-hoja-paquete-40un/p
LIM-PAP-000003,7759185005869,"Papel Higiénico Doble Hoja Elite Cuidado Clásico 40 un",LIMPIEZA,"PAPEL Y CELULOSA",,UNIDAD,Elite,"40 un",GRAVADO,0,0,0,,,,PRODUCTO,,0,,METRO,https://www.metro.pe/papel-higienico-doble-hoja-elite-cuidado-clasico-40un/p
LIM-PAP-000019,7759185013208,"Papel Higiénico Doble Hoja Elite Soft Max 40 un.",LIMPIEZA,"PAPEL Y CELULOSA",,UNIDAD,Elite,"40 un",GRAVADO,0,0,0,,,,PRODUCTO,,0,,METRO,https://www.metro.pe/papel-higienico-doble-hoja-elite-soft-max-40un/p
LIM-PAP-000028,7759185005234,"Papel Higiénico Doble Hoja Elite Ultra 8 un.",LIMPIEZA,"PAPEL Y CELULOSA",,UNIDAD,Elite,"8 un",GRAVADO,0,0,0,,,,PRODUCTO,,0,,METRO,https://www.metro.pe/papel-higienico-doble-hoja-elite-ultra-8un-2/p
LIM-PAP-000014,7759185009348,"Papel Higiénico Doble Hoja Higienol 12 un.",LIMPIEZA,"PAPEL Y CELULOSA",,UNIDAD,Higienol,"12 un",GRAVADO,0,0,0,,,,PRODUCTO,,0,,METRO,https://www.metro.pe/papel-higienico-doble-hoja-higienol-12un/p
LIM-PAP-000009,7759185006651,"Papel Higiénico Doble Hoja Higienol 24 un",LIMPIEZA,"PAPEL Y CELULOSA",,UNIDAD,Higienol,"24 un",GRAVADO,0,0,0,,,,PRODUCTO,,0,,METRO,https://www.metro.pe/papel-higienico-doble-hoja-higienol-24un-756659/p
LIM-PAP-000372,7759185011815,"Papel Higiénico Doble Hoja Noble Plus 24 un",LIMPIEZA,"PAPEL Y CELULOSA",,UNIDAD,Noble,"24 un",GRAVADO,0,0,0,,,,PRODUCTO,,0,,METRO,https://www.metro.pe/papel-higi-nico-doble-hoja-noble-plus-24un-1033076/p
LIM-PAP-000377,7759185009980,"Papel Higiénico Doble Hoja Noble Premium 4 un",LIMPIEZA,"PAPEL Y CELULOSA",,UNIDAD,Noble,"4 un",GRAVADO,0,0,0,,,,PRODUCTO,,0,,METRO,https://www.metro.pe/papel-higienico-doble-hoja-noble-premium-4un-976969/p
LIM-PAP-000796,7750518000711,"Papel Higiénico Doble Hoja Paracas Paquete 4 un",LIMPIEZA,"PAPEL Y CELULOSA",,UNIDAD,Paracas,"4 un",GRAVADO,0,0,0,,,,PRODUCTO,,0,,METRO,https://www.metro.pe/papel-higienico-doble-hoja-paracas-paquete-4-unid/p
LIM-PAP-000385,7751493001564,"Papel Higiénico Doble Hoja Suave Cuidado Completo 24 un",LIMPIEZA,"PAPEL Y CELULOSA",,UNIDAD,Suave,"24 un",GRAVADO,0,0,0,,,,PRODUCTO,,0,,METRO,https://www.metro.pe/papel-higi-nico-doble-hoja-suave-cuidado-completo-24un-127485-2/p
LIM-PAP-000397,7751493000642,"Papel Higiénico Doble Hoja Suave Cuidado Completo 4 un",LIMPIEZA,"PAPEL Y CELULOSA",,UNIDAD,Suave,"4 un",GRAVADO,0,0,0,,,,PRODUCTO,,0,,METRO,https://www.metro.pe/papel-higi-nico-doble-hoja-suave-cuidado-completo-4un-567588/p
LIM-PAP-000380,7751493009379,"Papel Higiénico Doble Hoja Suave Cuidado Completo 48 un",LIMPIEZA,"PAPEL Y CELULOSA",,UNIDAD,Suave,"48 un",GRAVADO,0,0,0,,,,PRODUCTO,,0,,METRO,https://www.metro.pe/papel-higi-nico-doble-hoja-suave-cuidado-completo-48un-768234-2/p
LIM-PAP-000355,7751493008631,"Papel Higiénico Doble Hoja Suave Esencias Elegance 32 un",LIMPIEZA,"PAPEL Y CELULOSA",,UNIDAD,Suave,"32 un",GRAVADO,0,0,0,,,,PRODUCTO,,0,,METRO,https://www.metro.pe/papel-higi-nico-doble-hoja-suave-esencias-elegance-32un-722725-2/p
LIM-PAP-000378,7751493009928,"Papel Higiénico Doble Hoja Suave Rindemax 4 un",LIMPIEZA,"PAPEL Y CELULOSA",,UNIDAD,Suave,"4 un",GRAVADO,0,0,0,,,,PRODUCTO,,0,,METRO,https://www.metro.pe/papel-higi-nico-doble-hoja-suave-rindemax-4un-961543/p
LIM-PAP-000389,7759185013574,"Papel Higiénico Elite Premium Soft 20m 12 un",LIMPIEZA,"PAPEL Y CELULOSA",,UNIDAD,Elite,"12 un",GRAVADO,0,0,0,,,,PRODUCTO,,0,,METRO,https://www.metro.pe/papel-higi-nico-elite-premium-soft-20m-12un-1069259/p
LIM-PAP-000579,7759185013581,"Papel Higiénico Elite Premium Soft 20m 18 un",LIMPIEZA,"PAPEL Y CELULOSA",,UNIDAD,Elite,"18 un",GRAVADO,0,0,0,,,,PRODUCTO,,0,,METRO,https://www.metro.pe/papel-higi-nico-elite-premium-soft-20m-18un-1069256/p
LIM-PAP-000556,7759185013598,"Papel Higiénico Elite Premium Soft 20m 24 un",LIMPIEZA,"PAPEL Y CELULOSA",,UNIDAD,Elite,"24 un",GRAVADO,0,0,0,,,,PRODUCTO,,0,,METRO,https://www.metro.pe/papel-higi-nico-elite-premium-soft-20m-24un-1069253/p
LIM-PAP-000539,7759185012362,"Papel Higiénico Elite Resistente XL 12 un",LIMPIEZA,"PAPEL Y CELULOSA",,UNIDAD,Elite,"12 un",GRAVADO,0,0,0,,,,PRODUCTO,,0,,METRO,https://www.metro.pe/papel-higienico-elite-resistente-xl-12un-1047871/p
LIM-PAP-000769,7759185012096,"Papel Higiénico Elite Suave y Resistente Doble Hoja 35mts Paquete 12 un",LIMPIEZA,"PAPEL Y CELULOSA",,UNIDAD,Elite,"12 un",GRAVADO,0,0,0,,,,PRODUCTO,,0,,PLAZAVEA,https://www.plazavea.com.pe/papel-higienico-elite-suave-y-resistente-doble-hoja-35mts-paquete-12un-20503371/p
LIM-PAP-000767,7759185005784,"Papel Higiénico Elite Suave y Resistente Doble Hoja Paquete 40 un",LIMPIEZA,"PAPEL Y CELULOSA",,UNIDAD,Elite,"40 un",GRAVADO,0,0,0,,,,PRODUCTO,,0,,PLAZAVEA,https://www.plazavea.com.pe/papel-higienico-elite-doble-hoja-paquete-40un/p
LIM-PAP-000555,7759185013604,"Papel Higiénico Elite Ultra Suave 65m 12 un",LIMPIEZA,"PAPEL Y CELULOSA",,UNIDAD,Elite,"12 un",GRAVADO,0,0,0,,,,PRODUCTO,,0,,METRO,https://www.metro.pe/papel-higi-nico-elite-ultra-suave-65m-12un-1069275/p
LIM-PAP-000742,7759185012300,"Papel Higiénico Elite XL Resistente 45mts Paquete 4 un",LIMPIEZA,"PAPEL Y CELULOSA",,UNIDAD,Elite,"4 un",GRAVADO,0,0,0,,,,PRODUCTO,,0,,PLAZAVEA,https://www.plazavea.com.pe/papel-higienico-elite-xl-resistente-45mts-paquete-4un-20567203/p
LIM-PAP-000582,7759185011044,"Papel Higiénico Noble Doble Hoja 48 un",LIMPIEZA,"PAPEL Y CELULOSA",,UNIDAD,Noble,"48 un",GRAVADO,0,0,0,,,,PRODUCTO,,0,,METRO,https://www.metro.pe/papel-higi-nico-noble-doble-hoja-48un-1014284/p
LIM-PAP-000768,7759185012355,"Papel Higiénico Noble Plus 30mts Paquete 12 un",LIMPIEZA,"PAPEL Y CELULOSA",,UNIDAD,Noble,"12 un",GRAVADO,0,0,0,,,,PRODUCTO,,0,,PLAZAVEA,https://www.plazavea.com.pe/papel-higienico-noble-plus-30mts-paquete-12un/p
LIM-PAP-000534,7750518001596,"Papel Higiénico Paracas Doble Hoja 18 un",LIMPIEZA,"PAPEL Y CELULOSA",,UNIDAD,Paracas,"18 un",GRAVADO,0,0,0,,,,PRODUCTO,,0,,METRO,https://www.metro.pe/papel-higienico-paracas-doble-hoja-18un-1019399/p
LIM-PAP-000557,7751493011235,"Papel Higiénico Suave Cuidado Completo 12 un",LIMPIEZA,"PAPEL Y CELULOSA",,UNIDAD,Suave,"12 un",GRAVADO,0,0,0,,,,PRODUCTO,,0,,METRO,https://www.metro.pe/papel-higi-nico-suave-cuidado-completo-12un-1042511/p
LIM-PAP-000543,7751493009102,"Papel Higiénico Suave Cuidado Completo 40 un",LIMPIEZA,"PAPEL Y CELULOSA",,UNIDAD,Suave,"40 un",GRAVADO,0,0,0,,,,PRODUCTO,,0,,METRO,https://www.metro.pe/papel-higi-nico-suave-cuidado-completo-40un-748860-2/p
LIM-PAP-000638,7751493011167,"Papel Higiénico Suave Premium Comfort Triple Hoja 40 Metros Paquete 8 un",LIMPIEZA,"PAPEL Y CELULOSA",,UNIDAD,Suave,"8 un",GRAVADO,0,0,0,,,,PRODUCTO,,0,,PLAZAVEA,https://www.plazavea.com.pe/papel-higienico-suave-premium-comfort-triple-hoja-40-metros-paquete-8un/p
LIM-PAP-000765,7751493010399,"Papel Higiénico Suave Premium Triple Hoja Paquete 12 un",LIMPIEZA,"PAPEL Y CELULOSA",,UNIDAD,Suave,"12 un",GRAVADO,0,0,0,,,,PRODUCTO,,0,,PLAZAVEA,https://www.plazavea.com.pe/papel-higienico-suave-premium-triple-hoja-paquete-12un/p
LIM-PAP-000530,7751493007344,"Papel Higiénico Suave Resistemax 40 un Papel Higiénico Doble Hoja Suave Resistemax 40 un",LIMPIEZA,"PAPEL Y CELULOSA",,UNIDAD,Suave,"40 un",GRAVADO,0,0,0,,,,PRODUCTO,,0,,METRO,https://www.metro.pe/papel-higi-nico-suave-resistemax-40un-768396/p
LIM-PAP-000590,7751493010290,"Papel Higiénico Suave Resistemax Doble Hoja Paquete 40 un",LIMPIEZA,"PAPEL Y CELULOSA",,UNIDAD,Suave,"40 un",GRAVADO,0,0,0,,,,PRODUCTO,,0,,PLAZAVEA,https://www.plazavea.com.pe/papel-higienico-suave-resistemax-doble-hoja-paquete-40un/p
LIM-PAP-000545,7702425574687,"Papel Higiénico Suave Rindemax 12 un",LIMPIEZA,"PAPEL Y CELULOSA",,UNIDAD,Suave,"12 un",GRAVADO,0,0,0,,,,PRODUCTO,,0,,METRO,https://www.metro.pe/papel-higi-nico-suave-rindemax-12un-1063337/p
LIM-PAP-000546,7702425799059,"Papel Higiénico Suave Rindemax 24 un",LIMPIEZA,"PAPEL Y CELULOSA",,UNIDAD,Suave,"24 un",GRAVADO,0,0,0,,,,PRODUCTO,,0,,METRO,https://www.metro.pe/papel-higienico-suave-rindemax-24un-1063336/p
LIM-PAP-000542,7751493009607,"Papel Higiénico Triple Hoja Suave Premium 24 un",LIMPIEZA,"PAPEL Y CELULOSA",,UNIDAD,Suave,"24 un",GRAVADO,0,0,0,,,,PRODUCTO,,0,,METRO,https://www.metro.pe/papel-higi-nico-triple-hoja-suave-premium-24un-782647/p
LIM-PAP-000663,7759185008518,"Papel Toalla Cocina Elite Professional 3 rollos X 15m Blanco de Alta Resistencia",LIMPIEZA,"PAPEL Y CELULOSA",,UNIDAD,"Elite Professional","3 rollos",GRAVADO,0,0,0,,,,PRODUCTO,,0,,PLAZAVEA,https://www.plazavea.com.pe/papel-toalla-cocina-elite-professional-3-rollos-x-15m-blanco-de-alta-resistencia-102107995/p
LIM-SUA-000222,7750243058322,"Suavizante Bolivar 5 L Aroma Floral Máximo Poder Suavizante",LIMPIEZA,SUAVIZANTES,,UNIDAD,Bolívar,"5 L",GRAVADO,0,0,0,,,,PRODUCTO,,0,,PLAZAVEA,https://www.plazavea.com.pe/suavizante-bolivar-5-litros-aroma-floral-maximo-poder-suavizante-102110611/p
LIM-SUA-000020,7750243083478,"Suavizante Bolívar Cuidado Total Floral Galonera 2.8 L",LIMPIEZA,SUAVIZANTES,,UNIDAD,Bolívar,"2.8 L",GRAVADO,0,0,0,,,,PRODUCTO,,0,,PLAZAVEA,https://www.plazavea.com.pe/suavizante-bolivar-cuidado-total-floral-galonera-2-8l-20562127/p
LIM-SUA-000004,7750243083058,"Suavizante Bolívar Cuidado Total Floral Galonera 4.8 L",LIMPIEZA,SUAVIZANTES,,UNIDAD,Bolívar,"4.8 L",GRAVADO,0,0,0,,,,PRODUCTO,,0,,PLAZAVEA,https://www.plazavea.com.pe/suavizante-bolivar-cuidado-total-floral-galonera-4-8l-20565464/p
LIM-SUA-000008,7750243059886,"Suavizante Bolívar  Bebé y Niños Galonera 2.8 L",LIMPIEZA,SUAVIZANTES,,UNIDAD,Bolívar,"2.8 L",GRAVADO,0,0,0,,,,PRODUCTO,,0,,PLAZAVEA,https://www.plazavea.com.pe/suavizante-bolivar--bebe-y-ninos-galonera-2-8l-20192605/p
LIM-SUA-000015,7500435196253,"Suavizante Downy Floral Botella 700 ml",LIMPIEZA,SUAVIZANTES,,UNIDAD,Downy,"700 ml",GRAVADO,0,0,0,,,,PRODUCTO,,0,,PLAZAVEA,https://www.plazavea.com.pe/suavizante-downy-floral-botella-700ml-20253999/p
LIM-SUA-000066,7500435127486,"Suavizante Para Ropa Downy Intense Floral Aroma Dulce Con Notas Florales Botella 360 ml",LIMPIEZA,SUAVIZANTES,,UNIDAD,Downy,"360 ml",GRAVADO,0,0,0,,,,PRODUCTO,,0,,PLAZAVEA,https://www.plazavea.com.pe/suavizante-para-ropa-downy-intense-floral-aroma-dulce-con-notas-florales-botella-360ml-20149978/p
LIM-SUA-000045,7509546681962,"Suavizante Suavitel Fresca Primavera 2.8 L",LIMPIEZA,SUAVIZANTES,,UNIDAD,Suavitel,"2.8 L",GRAVADO,0,0,0,,,,PRODUCTO,,0,,PLAZAVEA,https://www.plazavea.com.pe/suavizante-suavitel-fresca-primavera-28l-948898/p
LIM-SUA-000216,7448744875059,"Suavizante de Telas Sol Clean 4 L Flores de Vainilla, Aroma Primavera",LIMPIEZA,SUAVIZANTES,,UNIDAD,"Sol Clean","4 L",GRAVADO,0,0,0,,,,PRODUCTO,,0,,PLAZAVEA,https://www.plazavea.com.pe/suavizante-de-telas-sol-clean-4lt-flores-de-vainilla-aroma-primavera-101131438/p
LIM-SUA-000065,,"Generico Suavizante Bryllante Aroma Floral 1 L",LIMPIEZA,SUAVIZANTES,,UNIDAD,Generico,"1 L",GRAVADO,0,0,0,,,,PRODUCTO,,0,,PLAZAVEA,https://www.plazavea.com.pe/suavizante-bryllante-aroma-floral-1l-101929016/p
LIM-SUA-000044,,"Suavizante Bolívar Plus Lavanda Galonera 2.8 L",LIMPIEZA,SUAVIZANTES,,UNIDAD,Bolívar,"2.8 L",GRAVADO,0,0,0,,,,PRODUCTO,,0,,PLAZAVEA,https://www.plazavea.com.pe/suavizante-de-ropa-bolivar-plus-lavanda-galonera-2850ml/p
LIM-SUA-000048,,"Suavizante Bolívar Plus Orquídea Galonera 2.8 L",LIMPIEZA,SUAVIZANTES,,UNIDAD,Bolívar,"2.8 L",GRAVADO,0,0,0,,,,PRODUCTO,,0,,PLAZAVEA,https://www.plazavea.com.pe/suavizante-de-ropa-bolivar-plus-orquidea-galonera-2850ml/p
LIM-SUA-000050,,"Suavizante Bolívar  Bebé y Niños Botella 800 ml",LIMPIEZA,SUAVIZANTES,,UNIDAD,Bolívar,"800 ml",GRAVADO,0,0,0,,,,PRODUCTO,,0,,PLAZAVEA,https://www.plazavea.com.pe/suavizante-bolivar--bebe-y-ninos-botella-800ml-20131112/p
LIM-SUA-000064,,"Suavizante Klintex Bidón 3.78 L",LIMPIEZA,SUAVIZANTES,,UNIDAD,Klintex,"3.78 L",GRAVADO,0,0,0,,,,PRODUCTO,,0,,PLAZAVEA,https://www.plazavea.com.pe/suavizante-klintex-bidon-3-78l-20568865/p
LIM-SUA-000024,,"Suavizante Libre Enjuague Boreal Bebé Botella 1.8 L",LIMPIEZA,SUAVIZANTES,,UNIDAD,Boreal,"1.8 L",GRAVADO,0,0,0,,,,PRODUCTO,,0,,PLAZAVEA,https://www.plazavea.com.pe/suavizante-libre-enjuague-boreal-bebe-botella-1-8l/p
LIM-SUA-000013,,"Suavizante Libre Enjuague Boreal Bebé Botella 900 ml",LIMPIEZA,SUAVIZANTES,,UNIDAD,Boreal,"900 ml",GRAVADO,0,0,0,,,,PRODUCTO,,0,,PLAZAVEA,https://www.plazavea.com.pe/suavizante-libre-enjuague-boreal-bebe-botella-900ml/p
LIM-SUA-000023,,"Suavizante Libre Enjuague Boreal Lavanda Botella 1.8 L",LIMPIEZA,SUAVIZANTES,,UNIDAD,Boreal,"1.8 L",GRAVADO,0,0,0,,,,PRODUCTO,,0,,PLAZAVEA,https://www.plazavea.com.pe/suavizante-libre-enjuague-boreal-lavanda-botella-1-8l/p
LIM-SUA-000034,,"Suavizante Libre Enjuague Boreal Lavanda Botella 900 ml",LIMPIEZA,SUAVIZANTES,,UNIDAD,Boreal,"900 ml",GRAVADO,0,0,0,,,,PRODUCTO,,0,,PLAZAVEA,https://www.plazavea.com.pe/suavizante-libre-enjuague-boreal-lavanda-botella-900ml/p
LIM-SUA-000053,,"Suavizante Suavitel Fresca Primavera 1 L",LIMPIEZA,SUAVIZANTES,,UNIDAD,Suavitel,"1 L",GRAVADO,0,0,0,,,,PRODUCTO,,0,,PLAZAVEA,https://www.plazavea.com.pe/suavizante-suavitel-fresca-primavera-botella-1l/p
LIM-SUA-000068,,"Suavizante de Ropa Amor Libre Enjuague Bebé Botella 2 L",LIMPIEZA,SUAVIZANTES,,UNIDAD,Amor,"2 L",GRAVADO,0,0,0,,,,PRODUCTO,,0,,PLAZAVEA,https://www.plazavea.com.pe/suavizante-de-ropa-amor-libre-enjuague-bebe-botella-2l/p
LIM-SUA-000146,,"Suavizante de Ropa Amor Libre Enjuague Lavanda Botella 2 L",LIMPIEZA,SUAVIZANTES,,UNIDAD,Amor,"2 L",GRAVADO,0,0,0,,,,PRODUCTO,,0,,PLAZAVEA,https://www.plazavea.com.pe/suavizante-de-ropa-amor-libre-enjuague-lavanda-botella-2l/p
LIM-SUA-000145,,"Suavizante de Ropa Bolívar Con Enjuague Exótico Botella 800 ml",LIMPIEZA,SUAVIZANTES,,UNIDAD,Bolívar,"800 ml",GRAVADO,0,0,0,,,,PRODUCTO,,0,,PLAZAVEA,https://www.plazavea.com.pe/suavizante-de-ropa-bolivar-con-enjuague-exotico-botella-800ml/p
LIM-SUA-000147,,"Suavizante de Ropa Bolívar Libre Enjuague Floral Botella 800 ml",LIMPIEZA,SUAVIZANTES,,UNIDAD,Bolívar,"800 ml",GRAVADO,0,0,0,,,,PRODUCTO,,0,,PLAZAVEA,https://www.plazavea.com.pe/suavizante-de-ropa-bolivar-libre-enjuague-floral-botella-800ml/p
LIM-SUA-000217,,"Suavizante de Telas Sol Clean 4 L Aroma Cotton",LIMPIEZA,SUAVIZANTES,,UNIDAD,"Sol Clean","4 L",GRAVADO,0,0,0,,,,PRODUCTO,,0,,PLAZAVEA,https://www.plazavea.com.pe/suavizante-de-telas-sol-clean-4lt-aroma-cotton-101062016/p
LIM-SUA-000220,,"Suavizante de Telas Sol Clean 4 L Flores de Vainilla",LIMPIEZA,SUAVIZANTES,,UNIDAD,"Sol Clean","4 L",GRAVADO,0,0,0,,,,PRODUCTO,,0,,PLAZAVEA,https://www.plazavea.com.pe/suavizante-de-telas-sol-clean-4lt-flores-de-vainilla-100986774/p
LIM-SUA-000219,,"Suavizante de Telas Sol Clean 4 L Primavera",LIMPIEZA,SUAVIZANTES,,UNIDAD,"Sol Clean","4 L",GRAVADO,0,0,0,,,,PRODUCTO,,0,,PLAZAVEA,https://www.plazavea.com.pe/suavizante-de-telas-sol-clean-4lt-primavera-100986777/p
LIM-UTI-001161,7750062026373,"Balde Escurridor + Mopa Smart Reyplast",LIMPIEZA,"UTILES DE LIMPIEZA",,UNIDAD,Reyplast,,GRAVADO,0,0,0,,,,PRODUCTO,,0,,PLAZAVEA,https://www.plazavea.com.pe/set-trapeador-smart-100382143/p
LIM-UTI-009685,7750160000589,"Balde Hude 13 L",LIMPIEZA,"UTILES DE LIMPIEZA",,UNIDAD,Hude,"13 L",GRAVADO,0,0,0,,,,PRODUCTO,,0,,PLAZAVEA,https://www.plazavea.com.pe/balde-13-litros-hude-100100018/p
LIM-UTI-009656,7755206025694,"Balde Plástico Azul de 13 L Basa Modelo Balde C/pico",LIMPIEZA,"UTILES DE LIMPIEZA",,UNIDAD,Basa,"13 L",GRAVADO,0,0,0,,,,PRODUCTO,,0,,PLAZAVEA,https://www.plazavea.com.pe/balde-joy-azul-13-litros-100103523/p
LIM-UTI-001210,7755206025724,"Balde Plástico Basa 16.5 L Azul Para Limpieza General",LIMPIEZA,"UTILES DE LIMPIEZA",,UNIDAD,Basa,"16.5 L",GRAVADO,0,0,0,,,,PRODUCTO,,0,,PLAZAVEA,https://www.plazavea.com.pe/balde-portamopa-azul-16-5-litros-100103520/p
LIM-UTI-009664,7755206025717,"Balde Plástico Verde 13 L Basa Modelo C/pico",LIMPIEZA,"UTILES DE LIMPIEZA",,UNIDAD,Basa,"13 L",GRAVADO,0,0,0,,,,PRODUCTO,,0,,PLAZAVEA,https://www.plazavea.com.pe/balde-joy-verde-13-litros-100103500/p
LIM-UTI-001204,7750062016381,"Balde Porta Materiales 2 En 1 Reyplast",LIMPIEZA,"UTILES DE LIMPIEZA",,UNIDAD,Reyplast,,GRAVADO,0,0,0,,,,PRODUCTO,,0,,PLAZAVEA,https://www.plazavea.com.pe/porta-materiales-de-limpieza-2-en-1-100135675/p
LIM-UTI-009657,7755206025748,"Balde Portamopa 16.5 L Basa",LIMPIEZA,"UTILES DE LIMPIEZA",,UNIDAD,Basa,"16.5 L",GRAVADO,0,0,0,,,,PRODUCTO,,0,,PLAZAVEA,https://www.plazavea.com.pe/balde-portamopa-verde-16-5-litros-100103521/p
LIM-UTI-009641,7750062014608,"Balde Reyplast 9 L",LIMPIEZA,"UTILES DE LIMPIEZA",,UNIDAD,Reyplast,"9 L",GRAVADO,0,0,0,,,,PRODUCTO,,0,,PLAZAVEA,https://www.plazavea.com.pe/balde-util-9-litros-100155485/p
LIM-UTI-001168,7750062026496,"Balde Reyplast C/caño 20 L (modelos Aleatorios)",LIMPIEZA,"UTILES DE LIMPIEZA",,UNIDAD,Reyplast,"20 L",GRAVADO,0,0,0,,,,PRODUCTO,,0,,PLAZAVEA,https://www.plazavea.com.pe/balde-reyplast-c-cano-20l-modelos-aleatorios/p
LIM-UTI-001223,7755206026172,"Basa Recogedor Basura",LIMPIEZA,"UTILES DE LIMPIEZA",,UNIDAD,Basa,,GRAVADO,0,0,0,,,,PRODUCTO,,0,,PLAZAVEA,https://www.plazavea.com.pe/recogedor-de-basura-azul-100103482/p
LIM-UTI-001213,7755206026196,"Basa Recogedor de Basura",LIMPIEZA,"UTILES DE LIMPIEZA",,UNIDAD,Basa,,GRAVADO,0,0,0,,,,PRODUCTO,,0,,PLAZAVEA,https://www.plazavea.com.pe/recogedor-de-basura-rojo-100103512/p
LIM-UTI-001216,7755206026189,"Basa Recogedor de Basura Gris Metálico",LIMPIEZA,"UTILES DE LIMPIEZA",,UNIDAD,Basa,,GRAVADO,0,0,0,,,,PRODUCTO,,0,,PLAZAVEA,https://www.plazavea.com.pe/recogedor-de-basura-gris-metalico-100103509/p
LIM-UTI-001153,7751772004729,"Batea Canoa #15 Polinplast",LIMPIEZA,"UTILES DE LIMPIEZA",,UNIDAD,Polinplast,,GRAVADO,0,0,0,,,,PRODUCTO,,0,,PLAZAVEA,https://www.plazavea.com.pe/batea-canoa-15-100382365/p
LIM-UTI-001156,7751772001780,"Batea Canoa #20 Polinplast",LIMPIEZA,"UTILES DE LIMPIEZA",,UNIDAD,Polinplast,,GRAVADO,0,0,0,,,,PRODUCTO,,0,,PLAZAVEA,https://www.plazavea.com.pe/batea-canoa-20-100382355/p
LIM-UTI-001158,7751772004798,"Batea Canoa #30 Polinplast",LIMPIEZA,"UTILES DE LIMPIEZA",,UNIDAD,Polinplast,,GRAVADO,0,0,0,,,,PRODUCTO,,0,,PLAZAVEA,https://www.plazavea.com.pe/batea-canoa-30-100382346/p
LIM-UTI-002433,7751772004804,"Batea Plástica Canoa #40 Rojo Polinplast",LIMPIEZA,"UTILES DE LIMPIEZA",,UNIDAD,Polinplast,,GRAVADO,0,0,0,,,,PRODUCTO,,0,,PLAZAVEA,https://www.plazavea.com.pe/batea-canoa-40-100382354/p
LIM-UTI-003593,7750062002131,"Batea Rectangular #12 Reyplast",LIMPIEZA,"UTILES DE LIMPIEZA",,UNIDAD,Reyplast,,GRAVADO,0,0,0,,,,PRODUCTO,,0,,PLAZAVEA,https://www.plazavea.com.pe/batea-rectangular-trebol---12-reyplast-100555506/p
LIM-UTI-003594,7750062001042,"Batea Rectangular Trebol #25 Reyplast",LIMPIEZA,"UTILES DE LIMPIEZA",,UNIDAD,Reyplast,,GRAVADO,0,0,0,,,,PRODUCTO,,0,,PLAZAVEA,https://www.plazavea.com.pe/batea-rectangular-trebol---25-reyplast-100555505/p
LIM-UTI-002530,7759998008859,"Bolsa Con Aroma 15 L Virutex Lavanda 10 un",LIMPIEZA,"UTILES DE LIMPIEZA",,UNIDAD,Virutex,"15 L",GRAVADO,0,0,0,,,,PRODUCTO,,0,,METRO,https://www.metro.pe/bolsa-con-aroma-15l-virutex-lavanda-10un-1062247/p
LIM-UTI-005043,7759998008866,"Bolsa Con Aroma 25 L Virutex Frescura Natural 10 un",LIMPIEZA,"UTILES DE LIMPIEZA",,UNIDAD,Virutex,"25 L",GRAVADO,0,0,0,,,,PRODUCTO,,0,,METRO,https://www.metro.pe/bolsa-con-aroma-25l-virutex-frescura-natural-10un-1062248/p
LIM-UTI-005008,7759998008873,"Bolsa Con Aroma 35 L Virutex Esencia Tropical 10 un",LIMPIEZA,"UTILES DE LIMPIEZA",,UNIDAD,Virutex,"35 L",GRAVADO,0,0,0,,,,PRODUCTO,,0,,METRO,https://www.metro.pe/bolsa-con-aroma-35l-virutex-esencia-tropical-10un-1062249/p
LIM-UTI-005009,7759998008842,"Bolsa Con Aroma 5 L Virutex Vainilla 20 un",LIMPIEZA,"UTILES DE LIMPIEZA",,UNIDAD,Virutex,"5 L",GRAVADO,0,0,0,,,,PRODUCTO,,0,,METRO,https://www.metro.pe/bolsa-con-aroma-5l-virutex-vainilla-20un-1062246/p
LIM-UTI-005682,7759998008446,"Bolsa Para Basura 140 L X10 un Virutex Citronela",LIMPIEZA,"UTILES DE LIMPIEZA",,UNIDAD,Virutex,"140 L",GRAVADO,0,0,0,,,,PRODUCTO,,0,,PLAZAVEA,https://www.plazavea.com.pe/bolsa-para-basura-140l-x10un-virutex-citronela-20571321/p
LIM-UTI-005135,7759998005896,"Bolsa Para Basura 50 L X60 un Virutex Color Negro",LIMPIEZA,"UTILES DE LIMPIEZA",,UNIDAD,Virutex,"50 L",GRAVADO,0,0,0,,,,PRODUCTO,,0,,PLAZAVEA,https://www.plazavea.com.pe/bolsa-para-basura-50l-x60un-virutex-color-negro-20235446/p
LIM-UTI-005079,7759998008651,"Bolsa Para Basura Virutex Citronela 140 L Grande Rollo 10 un",LIMPIEZA,"UTILES DE LIMPIEZA",,UNIDAD,Virutex,"140 L",GRAVADO,0,0,0,,,,PRODUCTO,,0,,METRO,https://www.metro.pe/bolsa-para-basura-virutex-citronela-140l-grande-rollo-10un-1036006/p
LIM-UTI-004983,7759998008637,"Bolsa Para Basura Virutex Citronela 50 L Mediano Rollo 10 un",LIMPIEZA,"UTILES DE LIMPIEZA",,UNIDAD,Virutex,"50 L",GRAVADO,0,0,0,,,,PRODUCTO,,0,,METRO,https://www.metro.pe/bolsa-para-basura-virutex-citronela-50l-mediano-rollo-10un-1036004/p
LIM-UTI-004984,7759998008644,"Bolsa Para Basura Virutex Citronela 75 L Mediano Rollo 10 un",LIMPIEZA,"UTILES DE LIMPIEZA",,UNIDAD,Virutex,"75 L",GRAVADO,0,0,0,,,,PRODUCTO,,0,,METRO,https://www.metro.pe/bolsa-para-basura-virutex-citronela-75l-mediano-rollo-10un-1036005/p
LIM-UTI-005058,7759998005926,"Bolsa de Basura 220 L Virutex 10 un",LIMPIEZA,"UTILES DE LIMPIEZA",,UNIDAD,Virutex,"220 L",GRAVADO,0,0,0,,,,PRODUCTO,,0,,METRO,https://www.metro.pe/bolsa-de-basura-220l-virutex-10un-1062245/p
LIM-UTI-005057,7806810028301,"Bolsa de Basura 30 L Virutex Power Flex Aroma Fresh 15 un",LIMPIEZA,"UTILES DE LIMPIEZA",,UNIDAD,Virutex,"30 L",GRAVADO,0,0,0,,,,PRODUCTO,,0,,METRO,https://www.metro.pe/bolsa-de-basura-30l-virutex-power-flex-aroma-fresh-15un-1062250/p
LIM-UTI-005056,7806810028318,"Bolsa de Basura 70 L Virutex Power Flex Aroma Fresh 10 un",LIMPIEZA,"UTILES DE LIMPIEZA",,UNIDAD,Virutex,"70 L",GRAVADO,0,0,0,,,,PRODUCTO,,0,,METRO,https://www.metro.pe/bolsa-de-basura-70l-virutex-power-flex-aroma-fresh-10un-1062251/p
LIM-UTI-005059,7806810018531,"Bolsa de Basura 75 L Virutex 10 un",LIMPIEZA,"UTILES DE LIMPIEZA",,UNIDAD,Virutex,"75 L",GRAVADO,0,0,0,,,,PRODUCTO,,0,,METRO,https://www.metro.pe/bolsa-de-basura-75l-virutex-10un-1062244/p
LIM-UTI-005090,7759998006671,"Bolsa de Basura Virutex Antibacterial 50 L 10 un",LIMPIEZA,"UTILES DE LIMPIEZA",,UNIDAD,Virutex,"50 L",GRAVADO,0,0,0,,,,PRODUCTO,,0,,METRO,https://www.metro.pe/bolsa-de-basura-antibact-50l-10u-virutex/p
LIM-UTI-006003,4054278926346,"Bolsa del Filtro Fieltro Wd1/wd1 Classic Karcher",LIMPIEZA,"UTILES DE LIMPIEZA",,UNIDAD,Karcher,,GRAVADO,0,0,0,,,,PRODUCTO,,0,,PLAZAVEA,https://www.plazavea.com.pe/bolsa-del-filtro-fieltro-wd1-wd1-classic-karcher-100685459/p
LIM-UTI-005093,7806810800952,"Bolsas Para Basura Compostable Virutex 14 L 15 un",LIMPIEZA,"UTILES DE LIMPIEZA",,UNIDAD,Virutex,"14 L",GRAVADO,0,0,0,,,,PRODUCTO,,0,,METRO,https://www.metro.pe/bolsas-para-basura-compostable-virutex-14l-15un-783592/p
LIM-UTI-005112,7750943011283,"Bolsas Para Basura Virutex 140 L Grande 10 un",LIMPIEZA,"UTILES DE LIMPIEZA",,UNIDAD,Virutex,"140 L",GRAVADO,0,0,0,,,,PRODUCTO,,0,,METRO,https://www.metro.pe/bolsas-para-basura-virutex-140l-grande-10un-6788/p
LIM-UTI-005115,7750083011259,"Bolsas Para Basura Virutex 35 L Pequeña 10 un",LIMPIEZA,"UTILES DE LIMPIEZA",,UNIDAD,Virutex,"35 L",GRAVADO,0,0,0,,,,PRODUCTO,,0,,METRO,https://www.metro.pe/bolsas-para-basura-virutex-35l-peque-a-10un-6758/p
LIM-UTI-005113,7750943011269,"Bolsas Para Basura Virutex 50 L Mediano 10 un",LIMPIEZA,"UTILES DE LIMPIEZA",,UNIDAD,Virutex,"50 L",GRAVADO,0,0,0,,,,PRODUCTO,,0,,METRO,https://www.metro.pe/bolsas-para-basura-virutex-50l-mediano-10un-6757/p
LIM-UTI-004991,7759998006848,"Bolsas Para Basura Virutex Blanca 5 L Mini Papelera 15 un",LIMPIEZA,"UTILES DE LIMPIEZA",,UNIDAD,Virutex,"5 L",GRAVADO,0,0,0,,,,PRODUCTO,,0,,METRO,https://www.metro.pe/bolsas-para-basura-virutex-blanca-5l-mini-papelera-15un-990895/p
LIM-UTI-005015,7806810800853,"Bolsas Para Basura Virutex Cierre Fácil 17 L Rollo 20 un",LIMPIEZA,"UTILES DE LIMPIEZA",,UNIDAD,Virutex,"17 L",GRAVADO,0,0,0,,,,PRODUCTO,,0,,METRO,https://www.metro.pe/bolsas-para-basura-virutex-cierre-f-cil-17l-rollo-20un-1036007/p
LIM-UTI-005023,7806810800860,"Bolsas Para Basura Virutex Cierre Fácil 30 L Rollo 20 un",LIMPIEZA,"UTILES DE LIMPIEZA",,UNIDAD,Virutex,"30 L",GRAVADO,0,0,0,,,,PRODUCTO,,0,,METRO,https://www.metro.pe/bolsas-para-basura-virutex-cierre-f-cil-30l-rollo-20un-938733/p
SNA-EXT-000082,798190209029,"Chips Bucky Cheese Queso Bolsa 200 g",SNACKS,EXTRUIDOS,,UNIDAD,Bucky,"200 g",GRAVADO,0,0,0,,,,PRODUCTO,,0,,PLAZAVEA,https://www.plazavea.com.pe/chips-bucky-cheese-queso-bolsa-200g/p
SNA-EXT-000014,7750154000021,"Chips de Maíz Morado Perunachos Bolsa 90 g",SNACKS,EXTRUIDOS,,UNIDAD,Perunachos,"90 g",GRAVADO,0,0,0,,,,PRODUCTO,,0,,PLAZAVEA,https://www.plazavea.com.pe/chips-de-maiz-morado-perunachos-bolsa-90g/p
SNA-EXT-000083,7758574003776,"Chizitos Sabor A Queso Bolsa 190 g",SNACKS,EXTRUIDOS,,UNIDAD,Chizitos,"190 g",GRAVADO,0,0,0,,,,PRODUCTO,,0,,PLAZAVEA,https://www.plazavea.com.pe/snack-de-maiz-chizitos-queso-bolsa-190-g/p
SNA-EXT-000079,7758574005411,"Hojuelas de Maíz LOS Cuates Picante Bolsa 42 g",SNACKS,EXTRUIDOS,,UNIDAD,"Los Cuates","42 g",GRAVADO,0,0,0,,,,PRODUCTO,,0,,PLAZAVEA,https://www.plazavea.com.pe/hojuelas-de-maiz-los-cuates-picante-bolsa-42g/p
SNA-EXT-000074,798190256139,"Maíz Bucky Cheese Queso Paquete 12 un",SNACKS,EXTRUIDOS,,UNIDAD,Bucky,"12 un",GRAVADO,0,0,0,,,,PRODUCTO,,0,,PLAZAVEA,https://www.plazavea.com.pe/maiz-bucky-cheese-queso-paquete-12un/p
SNA-EXT-000041,798190257495,"Nachos Originales Bucky Bolsa 130 g",SNACKS,EXTRUIDOS,,UNIDAD,Bucky,"130 g",GRAVADO,0,0,0,,,,PRODUCTO,,0,,PLAZAVEA,https://www.plazavea.com.pe/nachos-originales-bucky-bolsa-130g/p
SNA-EXT-000040,798190257532,"Nachos Picante Bucky Bolsa 130 g",SNACKS,EXTRUIDOS,,UNIDAD,Bucky,"130 g",GRAVADO,0,0,0,,,,PRODUCTO,,0,,PLAZAVEA,https://www.plazavea.com.pe/nachos-picante-bucky-bolsa-130g/p
SNA-EXT-000039,798190257549,"Nachos Sabor A Queso Bucky Bolsa 120 g",SNACKS,EXTRUIDOS,,UNIDAD,Bucky,"120 g",GRAVADO,0,0,0,,,,PRODUCTO,,0,,PLAZAVEA,https://www.plazavea.com.pe/nachos-sabor-a-queso-bucky-bolsa-120g/p
SNA-EXT-000080,7750727013182,"Nachos Sanissimo Sabor Ají Bolsa 160 g",SNACKS,EXTRUIDOS,,UNIDAD,Sanissimo,"160 g",GRAVADO,0,0,0,,,,PRODUCTO,,0,,PLAZAVEA,https://www.plazavea.com.pe/nachos-sanissimo-sabor-aji-bolsa-160g/p
SNA-EXT-000142,7758574005848,"Palitos de Maíz Cheese Tris Bolsa 28 g",SNACKS,EXTRUIDOS,,UNIDAD,"Cheese Tris","28 g",GRAVADO,0,0,0,,,,PRODUCTO,,0,,PLAZAVEA,https://www.plazavea.com.pe/palitos-de-maiz-cheese-tris-bolsa-28g/p
SNA-EXT-000133,7750427001861,"Piqueo Bell's Cancha Chulpi Picante Bolsa 140 g",SNACKS,EXTRUIDOS,,UNIDAD,Bell's,"140 g",GRAVADO,0,0,0,,,,PRODUCTO,,0,,PLAZAVEA,https://www.plazavea.com.pe/piqueo-bells-cancha-chulpi-picante-bolsa-140gr/p
SNA-EXT-000136,7750427908160,"Piqueo Bell's Frutos Secos Maíz del Cusco Bolsa 100 g",SNACKS,EXTRUIDOS,,UNIDAD,Bell's,"100 g",GRAVADO,0,0,0,,,,PRODUCTO,,0,,PLAZAVEA,https://www.plazavea.com.pe/piqueo-bells-frutos-secos-maiz-del-cusco-bolsa-100gr/p
SNA-EXT-000132,7750427001656,"Piqueo Bell's Maíz Gigante Clásico Bolsa 120 g",SNACKS,EXTRUIDOS,,UNIDAD,Bell's,"120 g",GRAVADO,0,0,0,,,,PRODUCTO,,0,,PLAZAVEA,https://www.plazavea.com.pe/piqueo-bells-maiz-gigante-clasico-bolsa-120gr/p
SNA-EXT-000134,7750427001663,"Piqueo Bell's Maíz Gigante Picante Bolsa 120 g",SNACKS,EXTRUIDOS,,UNIDAD,Bell's,"120 g",GRAVADO,0,0,0,,,,PRODUCTO,,0,,PLAZAVEA,https://www.plazavea.com.pe/piqueo-bells-maiz-gigante-picante-bolsa-120gr/p
SNA-EXT-000100,7750526000031,"Piqueo Inka Corn Maíz Gigante Cusco Picante Bolsa 100 g",SNACKS,EXTRUIDOS,,UNIDAD,"Inka Corn","100 g",GRAVADO,0,0,0,,,,PRODUCTO,,0,,PLAZAVEA,https://www.plazavea.com.pe/piqueo-inka-corn-maiz-gigante-cusco-picante-bolsa-100g/p
SNA-EXT-000143,7758574005824,"Piqueo LOS Cuates Tradicional Bolsa 43 g",SNACKS,EXTRUIDOS,,UNIDAD,"Los Cuates","43 g",GRAVADO,0,0,0,,,,PRODUCTO,,0,,PLAZAVEA,https://www.plazavea.com.pe/piqueo-los-cuates-tradicional-bolsa-43g/p
SNA-EXT-000204,798190226231,"Snack Bucky POP Caramelo Bolsa 45 g",SNACKS,EXTRUIDOS,,UNIDAD,Bucky,"45 g",GRAVADO,0,0,0,,,,PRODUCTO,,0,,PLAZAVEA,https://www.plazavea.com.pe/snack-bucky-pop-caramelo-bolsa-45g/p
SNA-EXT-000188,798190217222,"Snack Bucky POP Extra Mantequilla Bolsa 90 g",SNACKS,EXTRUIDOS,,UNIDAD,Bucky,"90 g",GRAVADO,0,0,0,,,,PRODUCTO,,0,,PLAZAVEA,https://www.plazavea.com.pe/snack-bucky-pop-extra-mantequilla-bolsa-90g/p
SNA-EXT-000177,7753841000519,"Snack Prezlet Bir Bolsa 200 g",SNACKS,EXTRUIDOS,,UNIDAD,Prezlet,"200 g",GRAVADO,0,0,0,,,,PRODUCTO,,0,,PLAZAVEA,https://www.plazavea.com.pe/snack-prezlet-bir-bolsa-200g/p
SNA-EXT-000155,7758574005916,"Snack de Maíz Cheetos Boliqueso Queso Bolsa 110 g",SNACKS,EXTRUIDOS,,UNIDAD,Cheetos,"110 g",GRAVADO,0,0,0,,,,PRODUCTO,,0,,PLAZAVEA,https://www.plazavea.com.pe/snack-de-maiz-cheetos-boliqueso-queso-bolsa-110g/p
SNA-EXT-000267,7758574004681,"Snack de Maíz Cheetos Queso Picante Bolsa 180 g",SNACKS,EXTRUIDOS,,UNIDAD,Cheetos,"180 g",GRAVADO,0,0,0,,,,PRODUCTO,,0,,PLAZAVEA,https://www.plazavea.com.pe/snack-de-maiz-cheetos-queso-picante-bolsa-180g/p
SNA-EXT-000228,,"Cancha Chulpi Villa Natura Bolsa 150 g",SNACKS,EXTRUIDOS,,UNIDAD,"Villa Natura","150 g",GRAVADO,0,0,0,,,,PRODUCTO,,0,,PLAZAVEA,https://www.plazavea.com.pe/cancha-chulpi-villa-natura-bolsa-150g/p
SNA-EXT-000229,,"Cheese Popz Bell's Bolsa 110 g",SNACKS,EXTRUIDOS,,UNIDAD,Bell's,"110 g",GRAVADO,0,0,0,,,,PRODUCTO,,0,,PLAZAVEA,https://www.plazavea.com.pe/cheese-popz-bells-bolsa-110g-20582420/p
SNA-EXT-000257,,"Corazones de Trigo Bell's Bolsa 200 g",SNACKS,EXTRUIDOS,,UNIDAD,Bell's,"200 g",GRAVADO,0,0,0,,,,PRODUCTO,,0,,PLAZAVEA,https://www.plazavea.com.pe/corazones-de-trigo-bells-bolsa-200g/p
SNA-EXT-000213,,"Hojuelas de Maíz LOS Cuates Picantes Bolsa 100 g",SNACKS,EXTRUIDOS,,UNIDAD,"Los Cuates","100 g",GRAVADO,0,0,0,,,,PRODUCTO,,0,,PLAZAVEA,https://www.plazavea.com.pe/hojuelas-de-maiz-los-cuates-picantes-bolsa-100g-plaza-vea-20506382/p
SNA-EXT-000234,,"Hojuelas de Maíz LOS Cuates Tradicional Bolsa 100 g",SNACKS,EXTRUIDOS,,UNIDAD,"Los Cuates","100 g",GRAVADO,0,0,0,,,,PRODUCTO,,0,,PLAZAVEA,https://www.plazavea.com.pe/hojuelas-de-maiz-los-cuates-tradicional-bolsa-100g-pv-20506383/p
SNA-EXT-000261,,"Ketos Sabor A Queso Bucky Bolsa 90 g",SNACKS,EXTRUIDOS,,UNIDAD,Bucky,"90 g",GRAVADO,0,0,0,,,,PRODUCTO,,0,,PLAZAVEA,https://www.plazavea.com.pe/ketos-sabor-a-queso-bucky-bolsa-90g-20568551/p
SNA-EXT-000222,,"Maíz Pop Corn Bell's Dulce Bolsa 70 g",SNACKS,EXTRUIDOS,,UNIDAD,Bell's,"70 g",GRAVADO,0,0,0,,,,PRODUCTO,,0,,PLAZAVEA,https://www.plazavea.com.pe/maiz-pop-corn-bells-dulce-bolsa-70g/p
SNA-EXT-000256,,"Maíz Tostado Bell's Táper 150 g",SNACKS,EXTRUIDOS,,UNIDAD,Bell's,"150 g",GRAVADO,0,0,0,,,,PRODUCTO,,0,,PLAZAVEA,https://www.plazavea.com.pe/maiz-tostado-bells-taper-150g/p
SNA-EXT-000366,,"Piqueo Bell's Cancha Chulpi Táper 140 g",SNACKS,EXTRUIDOS,,UNIDAD,Bell's,,GRAVADO,0,0,0,,,,PRODUCTO,,0,,PLAZAVEA,https://www.plazavea.com.pe/piqueo-bells-cancha-chulpi-bolsa-100gr/p
SNA-EXT-000259,,"Piqueo Bell's Tortilla de Maíz Bolsa 65 g",SNACKS,EXTRUIDOS,,UNIDAD,Bell's,"65 g",GRAVADO,0,0,0,,,,PRODUCTO,,0,,PLAZAVEA,https://www.plazavea.com.pe/piqueo-bells-tortilla-de-maiz-bolsa-66gr/p
SNA-EXT-000365,,"Piqueo Bell's Tortilla de Maíz Natural Bolsa 150 g",SNACKS,EXTRUIDOS,,UNIDAD,Bell's,,GRAVADO,0,0,0,,,,PRODUCTO,,0,,PLAZAVEA,https://www.plazavea.com.pe/piqueo-bells-tortilla-de-maiz-natural-bolsa-150gr/p
SNA-EXT-000258,,"Piqueo Bell's Tortilla de Maíz Picante Bolsa 65 g",SNACKS,EXTRUIDOS,,UNIDAD,Bell's,"65 g",GRAVADO,0,0,0,,,,PRODUCTO,,0,,PLAZAVEA,https://www.plazavea.com.pe/piqueo-bells-tortilla-de-maiz-picante-bolsa-65gr/p
SNA-EXT-000379,,"Piqueo Snyder's Pretzels Snaps Bajo En Grasa Bolsa 255 g",SNACKS,EXTRUIDOS,,UNIDAD,"Snyder S",,GRAVADO,0,0,0,,,,PRODUCTO,,0,,PLAZAVEA,https://www.plazavea.com.pe/piqueo-snyders-pretzels-snaps-bajo-en-grasa-bolsa-255-2gr/p
SNA-EXT-000376,,"Piqueo Villa Natura Cancha Chullpi Salada Taper 250 g",SNACKS,EXTRUIDOS,,UNIDAD,"Villa Natura",,GRAVADO,0,0,0,,,,PRODUCTO,,0,,PLAZAVEA,https://www.plazavea.com.pe/piqueo-villa-natura-cancha-chullpi-salada-taper-250gr/p
SNA-EXT-000405,,"Piqueo Villa Natura Cancha Chulpi Salada Táper 150 g",SNACKS,EXTRUIDOS,,UNIDAD,"Villa Natura",,GRAVADO,0,0,0,,,,PRODUCTO,,0,,PLAZAVEA,https://www.plazavea.com.pe/piqueo-valle-natura-cancha-chulpi-salada-taper-150gr/p
SNA-EXT-000263,,"Piqueos Cheetos Crunchy Cheddar Jalapeño Bolsa 226.79 g",SNACKS,EXTRUIDOS,,UNIDAD,Cheetos,"226.79 g",GRAVADO,0,0,0,,,,PRODUCTO,,0,,PLAZAVEA,https://www.plazavea.com.pe/piqueos-cheetos-crunchy-cheddar-jalapeno-bolsa-226-79g/p
SNA-EXT-000264,,"Piqueos Cheetos Crunchy Cheese Bolsa 35.4 g",SNACKS,EXTRUIDOS,,UNIDAD,Cheetos,"35.4 g",GRAVADO,0,0,0,,,,PRODUCTO,,0,,PLAZAVEA,https://www.plazavea.com.pe/piqueos-cheetos-crunchy-cheese-bolsa-35-4g/p
SNA-EXT-000265,,"Piqueos Cheetos Crunchy Flamin Hot Bolsa 35.4 g",SNACKS,EXTRUIDOS,,UNIDAD,Cheetos,"35.4 g",GRAVADO,0,0,0,,,,PRODUCTO,,0,,PLAZAVEA,https://www.plazavea.com.pe/piqueos-cheetos-crunchy-flamin-hot-bolsa-35-4g/p
SNA-EXT-000230,,"Quezzitos Bell's Bolsa 170 g",SNACKS,EXTRUIDOS,,UNIDAD,Bell's,"170 g",GRAVADO,0,0,0,,,,PRODUCTO,,0,,PLAZAVEA,https://www.plazavea.com.pe/quezzitos-bells-bolsa-170g-20582422/p
SNA-FRU-000104,7750427003957,"Albaricoque Vallealto 200 g",SNACKS,"FRUTOS SECOS",,UNIDAD,Vallealto,"200 g",PENDIENTE,0,0,1,,,,PRODUCTO,,0,,METRO,https://www.metro.pe/albaricoque-vallealto-200g/p
SNA-FRU-000062,7751087003455,"Almendra Natural Vallealto 90 g",SNACKS,"FRUTOS SECOS",,UNIDAD,Vallealto,"90 g",PENDIENTE,0,0,1,,,,PRODUCTO,,0,,METRO,https://www.metro.pe/almendra-natural-vallealto-90g/p
SNA-FRU-000255,7750427003230,"Almendra Salada Vallealto Bolsa 90 g",SNACKS,"FRUTOS SECOS",,UNIDAD,Vallealto,"90 g",PENDIENTE,0,0,1,,,,PRODUCTO,,0,,PLAZAVEA,https://www.plazavea.com.pe/almendra-salada-vallealto-bolsa-90g/p
SNA-FRU-000227,7752992003684,"Almendra Villa Natura Táper 200 g",SNACKS,"FRUTOS SECOS",,UNIDAD,"Villa Natura","200 g",PENDIENTE,0,0,1,,,,PRODUCTO,,0,,PLAZAVEA,https://www.plazavea.com.pe/almendra-villa-natura-taper-200g/p
SNA-FRU-000142,7751087003462,"Almendras Con Sal Vallealto 90 g",SNACKS,"FRUTOS SECOS",,UNIDAD,Vallealto,"90 g",PENDIENTE,0,0,1,,,,PRODUCTO,,0,,METRO,https://www.metro.pe/almendras-con-sal-vallealto-90g/p
SNA-FRU-000116,7752992001130,"Almendras Deshidratadas Villa Natura 100 g",SNACKS,"FRUTOS SECOS",,UNIDAD,"Villa Natura","100 g",PENDIENTE,0,0,1,,,,PRODUCTO,,0,,METRO,https://www.metro.pe/almendras-deshidratadas-villa-natura-100g/p
SNA-FRU-000021,7752992002540,"Almendras Deshidratadas Villa Natura 80 g",SNACKS,"FRUTOS SECOS",,UNIDAD,"Villa Natura","80 g",PENDIENTE,0,0,1,,,,PRODUCTO,,0,,METRO,https://www.metro.pe/almendras-deshidratadas-villa-natura-80g/p
SNA-FRU-000221,8423371006549,"Almendras Fritas Salysol Lata 250 g",SNACKS,"FRUTOS SECOS",,UNIDAD,Salysol,"250 g",PENDIENTE,0,0,1,,,,PRODUCTO,,0,,PLAZAVEA,https://www.plazavea.com.pe/almendras-fritas-salysol-lata-250g/p
SNA-FRU-000184,7752992002298,"Almendras Villa Natura Bolsa 150 g",SNACKS,"FRUTOS SECOS",,UNIDAD,"Villa Natura","150 g",PENDIENTE,0,0,1,,,,PRODUCTO,,0,,PLAZAVEA,https://www.plazavea.com.pe/almendras-villa-natura-bolsa-150g/p
SNA-FRU-000001,7751087003127,"Berry Crunch Original Vallealto 250 g",SNACKS,"FRUTOS SECOS",,UNIDAD,Vallealto,"250 g",PENDIENTE,0,0,1,,,,PRODUCTO,,0,,METRO,https://www.metro.pe/berry-crunch-original-vallealto-250g/p
SNA-FRU-000128,7750427003575,"Berry Crunch Vallealto 200 g",SNACKS,"FRUTOS SECOS",,UNIDAD,Vallealto,"200 g",PENDIENTE,0,0,1,,,,PRODUCTO,,0,,METRO,https://www.metro.pe/berry-crunch-vallealto-200g/p
SNA-FRU-000233,7750427004039,"Berry Crunch Vallealto Bolsa 150 g",SNACKS,"FRUTOS SECOS",,UNIDAD,Vallealto,"150 g",PENDIENTE,0,0,1,,,,PRODUCTO,,0,,PLAZAVEA,https://www.plazavea.com.pe/berry-crunch-vallealto-bolsa-150g/p
SNA-FRU-000029,7750427002578,"Berry Mix Original Vallealto 150 g",SNACKS,"FRUTOS SECOS",,UNIDAD,Vallealto,"150 g",PENDIENTE,0,0,1,,,,PRODUCTO,,0,,METRO,https://www.metro.pe/berry-mix-original-vallealto-150g/p
SNA-FRU-000105,7750427003933,"Berry Mix Original Vallealto 250 g",SNACKS,"FRUTOS SECOS",,UNIDAD,Vallealto,"250 g",PENDIENTE,0,0,1,,,,PRODUCTO,,0,,METRO,https://www.metro.pe/berry-mix-original-vallealto-250g/p
SNA-FRU-000127,7751087003714,"Berry Pepita Vallealto 200 g",SNACKS,"FRUTOS SECOS",,UNIDAD,Vallealto,"200 g",PENDIENTE,0,0,1,,,,PRODUCTO,,0,,METRO,https://www.metro.pe/berry-pepita-vallealto-200g/p
SNA-FRU-000462,8423371007652,"Cacahuates Con Chocolate Salysol Lata 300 g",SNACKS,"FRUTOS SECOS",,UNIDAD,Salysol,"300 g",PENDIENTE,0,0,1,,,,PRODUCTO,,0,,PLAZAVEA,https://www.plazavea.com.pe/cacahuates-con-chocolate-salysol-lata-300g/p
SNA-FRU-000666,8423371006532,"Cacahuates Con Miel Salysol Lata 250 g",SNACKS,"FRUTOS SECOS",,UNIDAD,Salysol,"250 g",PENDIENTE,0,0,1,,,,PRODUCTO,,0,,PLAZAVEA,https://www.plazavea.com.pe/cacahuates-con-miel-salysol-lata-250g/p
SNA-FRU-000665,8423371006525,"Cacahuates Salados Salysol Lata 250 g",SNACKS,"FRUTOS SECOS",,UNIDAD,Salysol,"250 g",PENDIENTE,0,0,1,,,,PRODUCTO,,0,,PLAZAVEA,https://www.plazavea.com.pe/cacahuates-salados-salysol-lata-250g/p
SNA-FRU-000510,7751087005022,"Cancha Chulpi Vallealto 140 g",SNACKS,"FRUTOS SECOS",,UNIDAD,Vallealto,"140 g",PENDIENTE,0,0,1,,,,PRODUCTO,,0,,METRO,https://www.metro.pe/cancha-chulpi-vallealto-140g-1067529/p
SNA-FRU-000570,7752992001543,"Cancha Chulpi Villa Natura 150 g",SNACKS,"FRUTOS SECOS",,UNIDAD,"Villa Natura","150 g",PENDIENTE,0,0,1,,,,PRODUCTO,,0,,METRO,https://www.metro.pe/cancha-chulpi-villa-natura-150g/p
SNA-FRU-000698,7750427003193,"Cashews Vallealto 90 g",SNACKS,"FRUTOS SECOS",,UNIDAD,Vallealto,"90 g",PENDIENTE,0,0,1,,,,PRODUCTO,,0,,METRO,https://www.metro.pe/cashews-vallealto-90g/p
SNA-FRU-000678,7752992003813,"Cocktail Con Nueces Sin Sal Villa Natura Bolsa 250 g",SNACKS,"FRUTOS SECOS",,UNIDAD,"Villa Natura","250 g",PENDIENTE,0,0,1,,,,PRODUCTO,,0,,METRO,https://www.metro.pe/cocktail-con-nueces-sin-sal-villa-natura-bolsa-250g/p
SNA-FRU-000877,7752992003912,"Cocktail Nuts & Berry Villa Natura Bolsa 150 g",SNACKS,"FRUTOS SECOS",,UNIDAD,"Villa Natura","150 g",PENDIENTE,0,0,1,,,,PRODUCTO,,0,,PLAZAVEA,https://www.plazavea.com.pe/cocktail-nutsberry-villa-natura-bolsa-150g/p
SNA-FRU-000706,7751087003622,"Cocktail de Nueces Original Vallealto 150 g",SNACKS,"FRUTOS SECOS",,UNIDAD,Vallealto,"150 g",PENDIENTE,0,0,1,,,,PRODUCTO,,0,,METRO,https://www.metro.pe/cocktail-de-nueces-original-vallealto-150g/p
SNA-FRU-000785,7751087003615,"Cocktail de Nueces Original Vallealto 250 g",SNACKS,"FRUTOS SECOS",,UNIDAD,Vallealto,"250 g",PENDIENTE,0,0,1,,,,PRODUCTO,,0,,METRO,https://www.metro.pe/cocktail-de-nueces-original-vallealto-250g-793703/p
SNA-FRU-000782,7751087003677,"Cocktail de Nueces Vallealto 200 g",SNACKS,"FRUTOS SECOS",,UNIDAD,Vallealto,"200 g",PENDIENTE,0,0,1,,,,PRODUCTO,,0,,METRO,https://www.metro.pe/cocktail-de-nueces-vallealto-200g/p
SNA-FRU-000822,7750427003520,"Cocktail de Nueces Vallealto Bolsa 150 g",SNACKS,"FRUTOS SECOS",,UNIDAD,Vallealto,"150 g",PENDIENTE,0,0,1,,,,PRODUCTO,,0,,PLAZAVEA,https://www.plazavea.com.pe/cocktail-de-nueces-vallealto-bolsa-150g/p
SNA-FRU-000704,7752992001581,"Cocktail de Nueces Villa Natura 150 g",SNACKS,"FRUTOS SECOS",,UNIDAD,"Villa Natura","150 g",PENDIENTE,0,0,1,,,,PRODUCTO,,0,,METRO,https://www.metro.pe/cocktail-de-nueces-villa-natura-150g-2/p
SNA-FRU-000773,7752992001932,"Cocktail de Nueces Villa Natura 250 g",SNACKS,"FRUTOS SECOS",,UNIDAD,"Villa Natura","250 g",PENDIENTE,0,0,1,,,,PRODUCTO,,0,,METRO,https://www.metro.pe/cocktail-de-nueces-villa-natura-250g-784386/p
SNA-FRU-000779,7752992001598,"Cocktail de Nueces Villa Natura 500 g",SNACKS,"FRUTOS SECOS",,UNIDAD,"Villa Natura","500 g",PENDIENTE,0,0,1,,,,PRODUCTO,,0,,METRO,https://www.metro.pe/cocktail-de-nueces-villa-natura-500g-2/p
SNA-FRU-000878,7752992003929,"Cocktail de Nueces Villa Natura Nuts & Berry Bolsa 250 g",SNACKS,"FRUTOS SECOS",,UNIDAD,"Villa Natura","250 g",PENDIENTE,0,0,1,,,,PRODUCTO,,0,,PLAZAVEA,https://www.plazavea.com.pe/cocktail-de-nueces-villa-natura-nutsberry-bolsa-250g/p
SNA-FRU-000879,7752992003943,"Cocktail de Nueces Villa Natura Raisins & Seeds Bolsa 150 g",SNACKS,"FRUTOS SECOS",,UNIDAD,"Villa Natura","150 g",PENDIENTE,0,0,1,,,,PRODUCTO,,0,,PLAZAVEA,https://www.plazavea.com.pe/cocktail-de-nueces-villa-natura-raisinsseeds-bolsa-150g/p
SNA-FRU-000890,7752992003288,"Cocktail de Nueces Villa Natura Táper 500 g",SNACKS,"FRUTOS SECOS",,UNIDAD,"Villa Natura","500 g",PENDIENTE,0,0,1,,,,PRODUCTO,,0,,PLAZAVEA,https://www.plazavea.com.pe/cocktail-de-nueces-villa-natura-taper-500g/p
SNA-FRU-000870,8423371006556,"Coctel Natural Salysol Lata 250 g",SNACKS,"FRUTOS SECOS",,UNIDAD,Salysol,"250 g",PENDIENTE,0,0,1,,,,PRODUCTO,,0,,PLAZAVEA,https://www.plazavea.com.pe/coctel-natural-salysol-lata-250g/p
SNA-FRU-000719,7750427003988,"Cranberry Vallealto 150 g",SNACKS,"FRUTOS SECOS",,UNIDAD,Vallealto,"150 g",PENDIENTE,0,0,1,,,,PRODUCTO,,0,,METRO,https://www.metro.pe/cranberry-vallealto-150g-2/p
SNA-FRU-000749,7758574005886,"Frit-Lay Doritos Dinamita Limón Taquero 80 g",SNACKS,"FRUTOS SECOS",,UNIDAD,Frit-Lay,"80 g",PENDIENTE,0,0,1,,,,PRODUCTO,,0,,METRO,https://www.metro.pe/doritos-dinamita-lim-n-taquero-80g-1014277/p
SNA-FRU-000748,7758574005947,"Frit-Lay Papas Fritas Lay's Artesanas Alitas BBQ 30 g",SNACKS,"FRUTOS SECOS",,UNIDAD,Frit-Lay,"30 g",PENDIENTE,0,0,1,,,,PRODUCTO,,0,,METRO,https://www.metro.pe/papas-fritas-lay-s-artesanas-alitas-bbq-30g-1014279/p
SNA-FRU-000747,7758574005954,"Frit-Lay Papas Fritas Lay's Artesanas Sal Marina 30 g",SNACKS,"FRUTOS SECOS",,UNIDAD,Frit-Lay,"30 g",PENDIENTE,0,0,1,,,,PRODUCTO,,0,,METRO,https://www.metro.pe/papas-fritas-lay-s-artesanas-sal-marina-30g-1014280/p
SNA-FRU-000696,7758574005213,"Frit-Lay Papas Fritas Lay's Clásicas 36 g",SNACKS,"FRUTOS SECOS",,UNIDAD,Frit-Lay,"36 g",PENDIENTE,0,0,1,,,,PRODUCTO,,0,,METRO,https://www.metro.pe/papas-fritas-lay-s-cl-sicas-36g-1022062/p
SNA-FRU-000761,7758574004230,"Frit-Lay Piqueo Snax Original 55 g",SNACKS,"FRUTOS SECOS",,UNIDAD,Frit-Lay,"55 g",PENDIENTE,0,0,1,,,,PRODUCTO,,0,,METRO,https://www.metro.pe/piqueo-snax-original-55g-973228/p
SNA-SAL-000042,7750526000147,"Camote En Hojuelas Inka Chips 130 g",SNACKS,"SNACKS SALADOS",,UNIDAD,"Inka Chips","130 g",GRAVADO,0,0,0,,,,PRODUCTO,,0,,METRO,https://www.metro.pe/camote-en-hojuelas-inka-chips-130g/p
SNA-SAL-000347,602573612552,"Chifle Sabor Ceviche Crocantitos Bolsa 250 g",SNACKS,"SNACKS SALADOS",,UNIDAD,Crocantitos,"250 g",GRAVADO,0,0,0,,,,PRODUCTO,,0,,PLAZAVEA,https://www.plazavea.com.pe/chifle-sabor-ceviche-crocantitos-bolsa-250g/p
SNA-SAL-000304,7753466000994,"Chifle Salado Crickets Bolsa 150 g",SNACKS,"SNACKS SALADOS",,UNIDAD,"Cricket S","150 g",GRAVADO,0,0,0,,,,PRODUCTO,,0,,PLAZAVEA,https://www.plazavea.com.pe/chifle-salado-crickets-bolsa-150g/p
SNA-SAL-000567,7750526003070,"Chifle Salados Inka Chips Bolsa 33 g",SNACKS,"SNACKS SALADOS",,UNIDAD,"Inka Chips","33 g",GRAVADO,0,0,0,,,,PRODUCTO,,0,,PLAZAVEA,https://www.plazavea.com.pe/chifle-salados-inka-chips-bolsa-33g/p
SNA-SAL-000464,7750526003100,"Chifles A Lo Carretillero Inka Chips Picante 130 g",SNACKS,"SNACKS SALADOS",,UNIDAD,"Inka Chips","130 g",GRAVADO,0,0,0,,,,PRODUCTO,,0,,METRO,https://www.metro.pe/chifles-a-lo-carretillero-inka-chips-picante-130g-1042163/p
SNA-SAL-000369,7750526003360,"Chifles A Lo Carretillero Inka Chips Sabor Leche de Tigre 130 g",SNACKS,"SNACKS SALADOS",,UNIDAD,"Inka Chips","130 g",GRAVADO,0,0,0,,,,PRODUCTO,,0,,METRO,https://www.metro.pe/chifles-a-lo-carretillero-inka-chips-sabor-leche-de-tigre-130g-1053614/p
SNA-SAL-000359,7750526003094,"Chifles A Lo Carretillero Inka Chips Salado Tradicional 135 g",SNACKS,"SNACKS SALADOS",,UNIDAD,"Inka Chips","135 g",GRAVADO,0,0,0,,,,PRODUCTO,,0,,METRO,https://www.metro.pe/chifles-a-lo-carretillero-inka-chips-salado-tradicional-135g-1042162/p
SNA-SAL-000569,7753466000635,"Chifles Crickets Leche de Tigre 250 g",SNACKS,"SNACKS SALADOS",,UNIDAD,Crickets,"250 g",GRAVADO,0,0,0,,,,PRODUCTO,,0,,METRO,https://www.metro.pe/chifles-crickets-leche-de-tigre-250g/p
SNA-SAL-000786,7753466000000,"Chifles Crickets Sabor A Leche de Tigre Bolsa 500 g",SNACKS,"SNACKS SALADOS",,UNIDAD,"Cricket S","500 g",GRAVADO,0,0,0,,,,PRODUCTO,,0,,PLAZAVEA,https://www.plazavea.com.pe/chifles-crickets-sabor-a-leche-de-tigre-bolsa-500g/p
SNA-SAL-000625,7753466000628,"Chifles Crickets Sabor Leche de Tigre 150 g",SNACKS,"SNACKS SALADOS",,UNIDAD,Crickets,"150 g",GRAVADO,0,0,0,,,,PRODUCTO,,0,,METRO,https://www.metro.pe/chifles-crickets-sabor-leche-de-tigre-150g/p
SNA-SAL-000776,7752992003059,"Chifles Dulces Villa Natura Bolsa 150 g",SNACKS,"SNACKS SALADOS",,UNIDAD,"Villa Natura","150 g",GRAVADO,0,0,0,,,,PRODUCTO,,0,,PLAZAVEA,https://www.plazavea.com.pe/chifles-dulces-villa-natura-bolsa-150g/p
SNA-SAL-000870,7752992001567,"Chifles Dulces Villa Natura Bolsa 500 g",SNACKS,"SNACKS SALADOS",,UNIDAD,"Villa Natura","500 g",GRAVADO,0,0,0,,,,PRODUCTO,,0,,PLAZAVEA,https://www.plazavea.com.pe/chifles-dulces-villa-natura-bolsa-500g/p
SNA-SAL-000636,7758574004261,"Chifles Karinto Salados 150 g",SNACKS,"SNACKS SALADOS",,UNIDAD,Karinto,"150 g",GRAVADO,0,0,0,,,,PRODUCTO,,0,,METRO,https://www.metro.pe/chifles-karinto-salados-150g-438367/p
SNA-SAL-000740,7755452000254,"Chifles Norteños Milys 160 g",SNACKS,"SNACKS SALADOS",,UNIDAD,Milys,"160 g",GRAVADO,0,0,0,,,,PRODUCTO,,0,,METRO,https://www.metro.pe/chifles-nortenos-milys-160g/p
SNA-SAL-000582,7752992002083,"Chifles Norteños Milys 250 g",SNACKS,"SNACKS SALADOS",,UNIDAD,Milys,"250 g",GRAVADO,0,0,0,,,,PRODUCTO,,0,,METRO,https://www.metro.pe/chifles-norte-os-milys-250g-536694/p
SNA-SAL-000637,7752992002106,"Chifles Norteños Milys 500 g",SNACKS,"SNACKS SALADOS",,UNIDAD,Milys,"500 g",GRAVADO,0,0,0,,,,PRODUCTO,,0,,METRO,https://www.metro.pe/chifles-nortenos-milys-500g/p
SNA-SAL-000739,7753466000277,"Chifles Picantes Crickets 250 g",SNACKS,"SNACKS SALADOS",,UNIDAD,Crickets,"250 g",GRAVADO,0,0,0,,,,PRODUCTO,,0,,METRO,https://www.metro.pe/chifles-picantes-crickets-250-g/p
SNA-SAL-000794,7753466000949,"Chifles Picantes Crickets Bolsa 250 g",SNACKS,"SNACKS SALADOS",,UNIDAD,"Cricket S","250 g",GRAVADO,0,0,0,,,,PRODUCTO,,0,,PLAZAVEA,https://www.plazavea.com.pe/chifles-picantes-crickets-bolsa-250g/p
SNA-SAL-000841,7750526003087,"Chifles Picantes Inka Chips Bolsa 30 g",SNACKS,"SNACKS SALADOS",,UNIDAD,"Inka Chips","30 g",GRAVADO,0,0,0,,,,PRODUCTO,,0,,PLAZAVEA,https://www.plazavea.com.pe/chifles-picantes-inka-chips-bolsa-30g/p
SNA-SAL-000577,7753466000963,"Chifles Salados Crickets 250 g",SNACKS,"SNACKS SALADOS",,UNIDAD,Crickets,"250 g",GRAVADO,0,0,0,,,,PRODUCTO,,0,,METRO,https://www.metro.pe/chifles-salados-crickets-250g-407675001/p
SNA-SAL-000898,7753466000956,"Chifles Salados Crickets 500 g",SNACKS,"SNACKS SALADOS",,UNIDAD,Crickets,"500 g",GRAVADO,0,0,0,,,,PRODUCTO,,0,,METRO,https://www.metro.pe/chifles-salados-crickets-500g-2/p
SNA-SAL-000905,7752992000195,"Chifles Salados Villa Natura 150 g",SNACKS,"SNACKS SALADOS",,UNIDAD,"Villa Natura","150 g",GRAVADO,0,0,0,,,,PRODUCTO,,0,,METRO,https://www.metro.pe/chifles-salados-villa-natura-150g/p
SNA-SAL-000938,7752992003271,"Chifles Salados Villa Natura 500 g",SNACKS,"SNACKS SALADOS",,UNIDAD,"Villa Natura","500 g",GRAVADO,0,0,0,,,,PRODUCTO,,0,,METRO,https://www.metro.pe/chifles-salados-villa-natura-500g/p
SNA-SAL-001102,7752992003110,"Chifles Salados Villa Natura Bolsa 250 g",SNACKS,"SNACKS SALADOS",,UNIDAD,"Villa Natura","250 g",GRAVADO,0,0,0,,,,PRODUCTO,,0,,PLAZAVEA,https://www.plazavea.com.pe/chifles-salados-villa-natura-bolsa-250g/p
SNA-SAL-000931,7750481340203,"Chifles del Vraem Tiyapuy 142 g",SNACKS,"SNACKS SALADOS",,UNIDAD,Tiyapuy,"142 g",GRAVADO,0,0,0,,,,PRODUCTO,,0,,METRO,https://www.metro.pe/chifles-del-vraem-tiyapuy-142g-961553/p
SNA-SAL-000918,729208175197,"Chips Quinoa BBQ Qfoods 100 g",SNACKS,"SNACKS SALADOS",,UNIDAD,Qfoods,"100 g",GRAVADO,0,0,0,,,,PRODUCTO,,0,,METRO,https://www.metro.pe/chips-quinoa-bbq-qfoods-100g-1038193/p
SNA-SAL-000897,729208175173,"Chips Quinoa Finas Hierbas Qfoods 100 g",SNACKS,"SNACKS SALADOS",,UNIDAD,Qfoods,"100 g",GRAVADO,0,0,0,,,,PRODUCTO,,0,,METRO,https://www.metro.pe/chips-quinoa-f-hierbas-qfoods-x100g/p
SNA-SAL-000893,729208175180,"Chips Quinoa Guacamole Qfoods 100 g",SNACKS,"SNACKS SALADOS",,UNIDAD,Qfoods,"100 g",GRAVADO,0,0,0,,,,PRODUCTO,,0,,METRO,https://www.metro.pe/chips-quinoa-guacamole-qfoods-100g-977397/p
SNA-SAL-000927,729208175166,"Chips Quinoa Natural Qfoods 100 g",SNACKS,"SNACKS SALADOS",,UNIDAD,Qfoods,"100 g",GRAVADO,0,0,0,,,,PRODUCTO,,0,,METRO,https://www.metro.pe/chips-quinoa-natural-qfoods-x100g/p
SNA-SAL-001020,7758879000449,"Chips de Quinua Con Queso Cheddar Mamalama 120 g",SNACKS,"SNACKS SALADOS",,UNIDAD,Mamalama,"120 g",GRAVADO,0,0,0,,,,PRODUCTO,,0,,METRO,https://www.metro.pe/chips-quinua-c-queso-ched-mamalama-x120g/p
SNA-SAL-001216,731199055280,"Chips de Quinua Picante Tiyapuy Bolsa 100 g",SNACKS,"SNACKS SALADOS",,UNIDAD,Tiyapuy,"100 g",GRAVADO,0,0,0,,,,PRODUCTO,,0,,PLAZAVEA,https://www.plazavea.com.pe/chips-de-quinua-picante-tiyapuy-bolsa-100g/p
SNA-SAL-001100,731199055969,"Chips de Quinua Tiyapuy BBQ Bolsa 100 g",SNACKS,"SNACKS SALADOS",,UNIDAD,Tiyapuy,"100 g",GRAVADO,0,0,0,,,,PRODUCTO,,0,,PLAZAVEA,https://www.plazavea.com.pe/chips-de-quinua-tiyapuy-bbq-bolsa-100g/p
SNA-SAL-001101,731199055938,"Chips de Quinua Tiyapuy Natural Bolsa 100 g",SNACKS,"SNACKS SALADOS",,UNIDAD,Tiyapuy,"100 g",GRAVADO,0,0,0,,,,PRODUCTO,,0,,PLAZAVEA,https://www.plazavea.com.pe/chips-de-quinua-tiyapuy-natural-bolsa-100g/p
SNA-SAL-001212,7758574004667,"Chizitos Sabor A Queso Bolsa 35 g",SNACKS,"SNACKS SALADOS",,UNIDAD,Chizitos,"35 g",GRAVADO,0,0,0,,,,PRODUCTO,,0,,PLAZAVEA,https://www.plazavea.com.pe/chizitos-frito-lay-sabor-a-queso-bolsa-35g/p
SNA-SAL-001217,7752992003936,"Cocktail de Nueces Villa Natura Berry & Seeds Bolsa 150 g",SNACKS,"SNACKS SALADOS",,UNIDAD,"Villa Natura","150 g",GRAVADO,0,0,0,,,,PRODUCTO,,0,,PLAZAVEA,https://www.plazavea.com.pe/cocktail-de-nueces-villa-natura-berryseeds-bolsa-150g/p
SNA-SAL-001099,7757050000704,"Crunch de Garbanzo Dyfferent BBQ Bolsa 100 g",SNACKS,"SNACKS SALADOS",,UNIDAD,Dyfferent,"100 g",GRAVADO,0,0,0,,,,PRODUCTO,,0,,PLAZAVEA,https://www.plazavea.com.pe/crunch-de-garbanzo-dyfferent-bbq-bolsa-100g/p
SNA-SAL-001172,7757050000681,"Crunch de Garbanzo Dyfferent Sal y Pimienta Bolsa 100 g",SNACKS,"SNACKS SALADOS",,UNIDAD,Dyfferent,"100 g",GRAVADO,0,0,0,,,,PRODUCTO,,0,,PLAZAVEA,https://www.plazavea.com.pe/crunch-de-garbanzo-dyfferent-sal-y-pimienta-bolsa-100g/p
SNA-SAL-000899,7757050000698,"Dyfferent Crunch Garbanzo Cheddar Bolsa 100 g Crunch Garbanzo Cheddar Bolsa 100 g",SNACKS,"SNACKS SALADOS",,UNIDAD,Dyfferent,"100 g",GRAVADO,0,0,0,,,,PRODUCTO,,0,,METRO,https://www.metro.pe/crunch-garbanzo-cheddar-bolsa-100-g/p
SNA-SAL-000944,7758574003936,"Frit-Lay Camote Frito Dulce Natuchips 135 g",SNACKS,"SNACKS SALADOS",,UNIDAD,Frit-Lay,"135 g",GRAVADO,0,0,0,,,,PRODUCTO,,0,,METRO,https://www.metro.pe/camote-frito-dulce-natuchips-135g-346645/p
SNA-SAL-001010,7702189045577,"Frit-Lay Cheetos Boliqueso 160 g",SNACKS,"SNACKS SALADOS",,UNIDAD,Frit-Lay,"160 g",GRAVADO,0,0,0,,,,PRODUCTO,,0,,METRO,https://www.metro.pe/cheetos-boliqueso-160g-1014283/p
